date,market_open_utc,market_close_utc
2020-01-02,2020-01-02T14:30:00Z,2020-01-02T21:00:00Z
2020-01-03,2020-01-03T14:30:00Z,2020-01-03T21:00:00Z
2020-01-06,2020-01-06T14:30:00Z,2020-01-06T21:00:00Z
2020-01-07,2020-01-07T14:30:00Z,2020-01-07T21:00:00Z
2020-01-08,2020-01-08T14:30:00Z,2020-01-08T21:00:00Z
2020-01-09,2020-01-09T14:30:00Z,2020-01-09T21:00:00Z
2020-01-10,2020-01-10T14:30:00Z,2020-01-10T21:00:00Z
2020-01-13,2020-01-13T14:30:00Z,2020-01-13T21:00:00Z
2020-01-14,2020-01-14T14:30:00Z,2020-01-14T21:00:00Z
2020-01-15,2020-01-15T14:30:00Z,2020-01-15T21:00:00Z
2020-01-16,2020-01-16T14:30:00Z,2020-01-16T21:00:00Z
2020-01-17,2020-01-17T14:30:00Z,2020-01-17T21:00:00Z
2020-01-21,2020-01-21T14:30:00Z,2020-01-21T21:00:00Z
2020-01-22,2020-01-22T14:30:00Z,2020-01-22T21:00:00Z
2020-01-23,2020-01-23T14:30:00Z,2020-01-23T21:00:00Z
2020-01-24,2020-01-24T14:30:00Z,2020-01-24T21:00:00Z
2020-01-27,2020-01-27T14:30:00Z,2020-01-27T21:00:00Z
2020-01-28,2020-01-28T14:30:00Z,2020-01-28T21:00:00Z
2020-01-29,2020-01-29T14:30:00Z,2020-01-29T21:00:00Z
2020-01-30,2020-01-30T14:30:00Z,2020-01-30T21:00:00Z
2020-01-31,2020-01-31T14:30:00Z,2020-01-31T21:00:00Z
2020-02-03,2020-02-03T14:30:00Z,2020-02-03T21:00:00Z
2020-02-04,2020-02-04T14:30:00Z,2020-02-04T21:00:00Z
2020-02-05,2020-02-05T14:30:00Z,2020-02-05T21:00:00Z
2020-02-06,2020-02-06T14:30:00Z,2020-02-06T21:00:00Z
2020-02-07,2020-02-07T14:30:00Z,2020-02-07T21:00:00Z
2020-02-10,2020-02-10T14:30:00Z,2020-02-10T21:00:00Z
2020-02-11,2020-02-11T14:30:00Z,2020-02-11T21:00:00Z
2020-02-12,2020-02-12T14:30:00Z,2020-02-12T21:00:00Z
2020-02-13,2020-02-13T14:30:00Z,2020-02-13T21:00:00Z
2020-02-14,2020-02-14T14:30:00Z,2020-02-14T21:00:00Z
2020-02-18,2020-02-18T14:30:00Z,2020-02-18T21:00:00Z
2020-02-19,2020-02-19T14:30:00Z,2020-02-19T21:00:00Z
2020-02-20,2020-02-20T14:30:00Z,2020-02-20T21:00:00Z
2020-02-21,2020-02-21T14:30:00Z,2020-02-21T21:00:00Z
2020-02-24,2020-02-24T14:30:00Z,2020-02-24T21:00:00Z
2020-02-25,2020-02-25T14:30:00Z,2020-02-25T21:00:00Z
2020-02-26,2020-02-26T14:30:00Z,2020-02-26T21:00:00Z
2020-02-27,2020-02-27T14:30:00Z,2020-02-27T21:00:00Z
2020-02-28,2020-02-28T14:30:00Z,2020-02-28T21:00:00Z
2020-03-02,2020-03-02T14:30:00Z,2020-03-02T21:00:00Z
2020-03-03,2020-03-03T14:30:00Z,2020-03-03T21:00:00Z
2020-03-04,2020-03-04T14:30:00Z,2020-03-04T21:00:00Z
2020-03-05,2020-03-05T14:30:00Z,2020-03-05T21:00:00Z
2020-03-06,2020-03-06T14:30:00Z,2020-03-06T21:00:00Z
2020-03-09,2020-03-09T13:30:00Z,2020-03-09T20:00:00Z
2020-03-10,2020-03-10T13:30:00Z,2020-03-10T20:00:00Z
2020-03-11,2020-03-11T13:30:00Z,2020-03-11T20:00:00Z
2020-03-12,2020-03-12T13:30:00Z,2020-03-12T20:00:00Z
2020-03-13,2020-03-13T13:30:00Z,2020-03-13T20:00:00Z
2020-03-16,2020-03-16T13:30:00Z,2020-03-16T20:00:00Z
2020-03-17,2020-03-17T13:30:00Z,2020-03-17T20:00:00Z
2020-03-18,2020-03-18T13:30:00Z,2020-03-18T20:00:00Z
2020-03-19,2020-03-19T13:30:00Z,2020-03-19T20:00:00Z
2020-03-20,2020-03-20T13:30:00Z,2020-03-20T20:00:00Z
2020-03-23,2020-03-23T13:30:00Z,2020-03-23T20:00:00Z
2020-03-24,2020-03-24T13:30:00Z,2020-03-24T20:00:00Z
2020-03-25,2020-03-25T13:30:00Z,2020-03-25T20:00:00Z
2020-03-26,2020-03-26T13:30:00Z,2020-03-26T20:00:00Z
2020-03-27,2020-03-27T13:30:00Z,2020-03-27T20:00:00Z
2020-03-30,2020-03-30T13:30:00Z,2020-03-30T20:00:00Z
2020-03-31,2020-03-31T13:30:00Z,2020-03-31T20:00:00Z
2020-04-01,2020-04-01T13:30:00Z,2020-04-01T20:00:00Z
2020-04-02,2020-04-02T13:30:00Z,2020-04-02T20:00:00Z
2020-04-03,2020-04-03T13:30:00Z,2020-04-03T20:00:00Z
2020-04-06,2020-04-06T13:30:00Z,2020-04-06T20:00:00Z
2020-04-07,2020-04-07T13:30:00Z,2020-04-07T20:00:00Z
2020-04-08,2020-04-08T13:30:00Z,2020-04-08T20:00:00Z
2020-04-09,2020-04-09T13:30:00Z,2020-04-09T20:00:00Z
2020-04-13,2020-04-13T13:30:00Z,2020-04-13T20:00:00Z
2020-04-14,2020-04-14T13:30:00Z,2020-04-14T20:00:00Z
2020-04-15,2020-04-15T13:30:00Z,2020-04-15T20:00:00Z
2020-04-16,2020-04-16T13:30:00Z,2020-04-16T20:00:00Z
2020-04-17,2020-04-17T13:30:00Z,2020-04-17T20:00:00Z
2020-04-20,2020-04-20T13:30:00Z,2020-04-20T20:00:00Z
2020-04-21,2020-04-21T13:30:00Z,2020-04-21T20:00:00Z
2020-04-22,2020-04-22T13:30:00Z,2020-04-22T20:00:00Z
2020-04-23,2020-04-23T13:30:00Z,2020-04-23T20:00:00Z
2020-04-24,2020-04-24T13:30:00Z,2020-04-24T20:00:00Z
2020-04-27,2020-04-27T13:30:00Z,2020-04-27T20:00:00Z
2020-04-28,2020-04-28T13:30:00Z,2020-04-28T20:00:00Z
2020-04-29,2020-04-29T13:30:00Z,2020-04-29T20:00:00Z
2020-04-30,2020-04-30T13:30:00Z,2020-04-30T20:00:00Z
2020-05-01,2020-05-01T13:30:00Z,2020-05-01T20:00:00Z
2020-05-04,2020-05-04T13:30:00Z,2020-05-04T20:00:00Z
2020-05-05,2020-05-05T13:30:00Z,2020-05-05T20:00:00Z
2020-05-06,2020-05-06T13:30:00Z,2020-05-06T20:00:00Z
2020-05-07,2020-05-07T13:30:00Z,2020-05-07T20:00:00Z
2020-05-08,2020-05-08T13:30:00Z,2020-05-08T20:00:00Z
2020-05-11,2020-05-11T13:30:00Z,2020-05-11T20:00:00Z
2020-05-12,2020-05-12T13:30:00Z,2020-05-12T20:00:00Z
2020-05-13,2020-05-13T13:30:00Z,2020-05-13T20:00:00Z
2020-05-14,2020-05-14T13:30:00Z,2020-05-14T20:00:00Z
2020-05-15,2020-05-15T13:30:00Z,2020-05-15T20:00:00Z
2020-05-18,2020-05-18T13:30:00Z,2020-05-18T20:00:00Z
2020-05-19,2020-05-19T13:30:00Z,2020-05-19T20:00:00Z
2020-05-20,2020-05-20T13:30:00Z,2020-05-20T20:00:00Z
2020-05-21,2020-05-21T13:30:00Z,2020-05-21T20:00:00Z
2020-05-22,2020-05-22T13:30:00Z,2020-05-22T20:00:00Z
2020-05-26,2020-05-26T13:30:00Z,2020-05-26T20:00:00Z
2020-05-27,2020-05-27T13:30:00Z,2020-05-27T20:00:00Z
2020-05-28,2020-05-28T13:30:00Z,2020-05-28T20:00:00Z
2020-05-29,2020-05-29T13:30:00Z,2020-05-29T20:00:00Z
2020-06-01,2020-06-01T13:30:00Z,2020-06-01T20:00:00Z
2020-06-02,2020-06-02T13:30:00Z,2020-06-02T20:00:00Z
2020-06-03,2020-06-03T13:30:00Z,2020-06-03T20:00:00Z
2020-06-04,2020-06-04T13:30:00Z,2020-06-04T20:00:00Z
2020-06-05,2020-06-05T13:30:00Z,2020-06-05T20:00:00Z
2020-06-08,2020-06-08T13:30:00Z,2020-06-08T20:00:00Z
2020-06-09,2020-06-09T13:30:00Z,2020-06-09T20:00:00Z
2020-06-10,2020-06-10T13:30:00Z,2020-06-10T20:00:00Z
2020-06-11,2020-06-11T13:30:00Z,2020-06-11T20:00:00Z
2020-06-12,2020-06-12T13:30:00Z,2020-06-12T20:00:00Z
2020-06-15,2020-06-15T13:30:00Z,2020-06-15T20:00:00Z
2020-06-16,2020-06-16T13:30:00Z,2020-06-16T20:00:00Z
2020-06-17,2020-06-17T13:30:00Z,2020-06-17T20:00:00Z
2020-06-18,2020-06-18T13:30:00Z,2020-06-18T20:00:00Z
2020-06-19,2020-06-19T13:30:00Z,2020-06-19T20:00:00Z
2020-06-22,2020-06-22T13:30:00Z,2020-06-22T20:00:00Z
2020-06-23,2020-06-23T13:30:00Z,2020-06-23T20:00:00Z
2020-06-24,2020-06-24T13:30:00Z,2020-06-24T20:00:00Z
2020-06-25,2020-06-25T13:30:00Z,2020-06-25T20:00:00Z
2020-06-26,2020-06-26T13:30:00Z,2020-06-26T20:00:00Z
2020-06-29,2020-06-29T13:30:00Z,2020-06-29T20:00:00Z
2020-06-30,2020-06-30T13:30:00Z,2020-06-30T20:00:00Z
2020-07-01,2020-07-01T13:30:00Z,2020-07-01T20:00:00Z
2020-07-02,2020-07-02T13:30:00Z,2020-07-02T20:00:00Z
2020-07-06,2020-07-06T13:30:00Z,2020-07-06T20:00:00Z
2020-07-07,2020-07-07T13:30:00Z,2020-07-07T20:00:00Z
2020-07-08,2020-07-08T13:30:00Z,2020-07-08T20:00:00Z
2020-07-09,2020-07-09T13:30:00Z,2020-07-09T20:00:00Z
2020-07-10,2020-07-10T13:30:00Z,2020-07-10T20:00:00Z
2020-07-13,2020-07-13T13:30:00Z,2020-07-13T20:00:00Z
2020-07-14,2020-07-14T13:30:00Z,2020-07-14T20:00:00Z
2020-07-15,2020-07-15T13:30:00Z,2020-07-15T20:00:00Z
2020-07-16,2020-07-16T13:30:00Z,2020-07-16T20:00:00Z
2020-07-17,2020-07-17T13:30:00Z,2020-07-17T20:00:00Z
2020-07-20,2020-07-20T13:30:00Z,2020-07-20T20:00:00Z
2020-07-21,2020-07-21T13:30:00Z,2020-07-21T20:00:00Z
2020-07-22,2020-07-22T13:30:00Z,2020-07-22T20:00:00Z
2020-07-23,2020-07-23T13:30:00Z,2020-07-23T20:00:00Z
2020-07-24,2020-07-24T13:30:00Z,2020-07-24T20:00:00Z
2020-07-27,2020-07-27T13:30:00Z,2020-07-27T20:00:00Z
2020-07-28,2020-07-28T13:30:00Z,2020-07-28T20:00:00Z
2020-07-29,2020-07-29T13:30:00Z,2020-07-29T20:00:00Z
2020-07-30,2020-07-30T13:30:00Z,2020-07-30T20:00:00Z
2020-07-31,2020-07-31T13:30:00Z,2020-07-31T20:00:00Z
2020-08-03,2020-08-03T13:30:00Z,2020-08-03T20:00:00Z
2020-08-04,2020-08-04T13:30:00Z,2020-08-04T20:00:00Z
2020-08-05,2020-08-05T13:30:00Z,2020-08-05T20:00:00Z
2020-08-06,2020-08-06T13:30:00Z,2020-08-06T20:00:00Z
2020-08-07,2020-08-07T13:30:00Z,2020-08-07T20:00:00Z
2020-08-10,2020-08-10T13:30:00Z,2020-08-10T20:00:00Z
2020-08-11,2020-08-11T13:30:00Z,2020-08-11T20:00:00Z
2020-08-12,2020-08-12T13:30:00Z,2020-08-12T20:00:00Z
2020-08-13,2020-08-13T13:30:00Z,2020-08-13T20:00:00Z
2020-08-14,2020-08-14T13:30:00Z,2020-08-14T20:00:00Z
2020-08-17,2020-08-17T13:30:00Z,2020-08-17T20:00:00Z
2020-08-18,2020-08-18T13:30:00Z,2020-08-18T20:00:00Z
2020-08-19,2020-08-19T13:30:00Z,2020-08-19T20:00:00Z
2020-08-20,2020-08-20T13:30:00Z,2020-08-20T20:00:00Z
2020-08-21,2020-08-21T13:30:00Z,2020-08-21T20:00:00Z
2020-08-24,2020-08-24T13:30:00Z,2020-08-24T20:00:00Z
2020-08-25,2020-08-25T13:30:00Z,2020-08-25T20:00:00Z
2020-08-26,2020-08-26T13:30:00Z,2020-08-26T20:00:00Z
2020-08-27,2020-08-27T13:30:00Z,2020-08-27T20:00:00Z
2020-08-28,2020-08-28T13:30:00Z,2020-08-28T20:00:00Z
2020-08-31,2020-08-31T13:30:00Z,2020-08-31T20:00:00Z
2020-09-01,2020-09-01T13:30:00Z,2020-09-01T20:00:00Z
2020-09-02,2020-09-02T13:30:00Z,2020-09-02T20:00:00Z
2020-09-03,2020-09-03T13:30:00Z,2020-09-03T20:00:00Z
2020-09-04,2020-09-04T13:30:00Z,2020-09-04T20:00:00Z
2020-09-08,2020-09-08T13:30:00Z,2020-09-08T20:00:00Z
2020-09-09,2020-09-09T13:30:00Z,2020-09-09T20:00:00Z
2020-09-10,2020-09-10T13:30:00Z,2020-09-10T20:00:00Z
2020-09-11,2020-09-11T13:30:00Z,2020-09-11T20:00:00Z
2020-09-14,2020-09-14T13:30:00Z,2020-09-14T20:00:00Z
2020-09-15,2020-09-15T13:30:00Z,2020-09-15T20:00:00Z
2020-09-16,2020-09-16T13:30:00Z,2020-09-16T20:00:00Z
2020-09-17,2020-09-17T13:30:00Z,2020-09-17T20:00:00Z
2020-09-18,2020-09-18T13:30:00Z,2020-09-18T20:00:00Z
2020-09-21,2020-09-21T13:30:00Z,2020-09-21T20:00:00Z
2020-09-22,2020-09-22T13:30:00Z,2020-09-22T20:00:00Z
2020-09-23,2020-09-23T13:30:00Z,2020-09-23T20:00:00Z
2020-09-24,2020-09-24T13:30:00Z,2020-09-24T20:00:00Z
2020-09-25,2020-09-25T13:30:00Z,2020-09-25T20:00:00Z
2020-09-28,2020-09-28T13:30:00Z,2020-09-28T20:00:00Z
2020-09-29,2020-09-29T13:30:00Z,2020-09-29T20:00:00Z
2020-09-30,2020-09-30T13:30:00Z,2020-09-30T20:00:00Z
2020-10-01,2020-10-01T13:30:00Z,2020-10-01T20:00:00Z
2020-10-02,2020-10-02T13:30:00Z,2020-10-02T20:00:00Z
2020-10-05,2020-10-05T13:30:00Z,2020-10-05T20:00:00Z
2020-10-06,2020-10-06T13:30:00Z,2020-10-06T20:00:00Z
2020-10-07,2020-10-07T13:30:00Z,2020-10-07T20:00:00Z
2020-10-08,2020-10-08T13:30:00Z,2020-10-08T20:00:00Z
2020-10-09,2020-10-09T13:30:00Z,2020-10-09T20:00:00Z
2020-10-12,2020-10-12T13:30:00Z,2020-10-12T20:00:00Z
2020-10-13,2020-10-13T13:30:00Z,2020-10-13T20:00:00Z
2020-10-14,2020-10-14T13:30:00Z,2020-10-14T20:00:00Z
2020-10-15,2020-10-15T13:30:00Z,2020-10-15T20:00:00Z
2020-10-16,2020-10-16T13:30:00Z,2020-10-16T20:00:00Z
2020-10-19,2020-10-19T13:30:00Z,2020-10-19T20:00:00Z
2020-10-20,2020-10-20T13:30:00Z,2020-10-20T20:00:00Z
2020-10-21,2020-10-21T13:30:00Z,2020-10-21T20:00:00Z
2020-10-22,2020-10-22T13:30:00Z,2020-10-22T20:00:00Z
2020-10-23,2020-10-23T13:30:00Z,2020-10-23T20:00:00Z
2020-10-26,2020-10-26T13:30:00Z,2020-10-26T20:00:00Z
2020-10-27,2020-10-27T13:30:00Z,2020-10-27T20:00:00Z
2020-10-28,2020-10-28T13:30:00Z,2020-10-28T20:00:00Z
2020-10-29,2020-10-29T13:30:00Z,2020-10-29T20:00:00Z
2020-10-30,2020-10-30T13:30:00Z,2020-10-30T20:00:00Z
2020-11-02,2020-11-02T14:30:00Z,2020-11-02T21:00:00Z
2020-11-03,2020-11-03T14:30:00Z,2020-11-03T21:00:00Z
2020-11-04,2020-11-04T14:30:00Z,2020-11-04T21:00:00Z
2020-11-05,2020-11-05T14:30:00Z,2020-11-05T21:00:00Z
2020-11-06,2020-11-06T14:30:00Z,2020-11-06T21:00:00Z
2020-11-09,2020-11-09T14:30:00Z,2020-11-09T21:00:00Z
2020-11-10,2020-11-10T14:30:00Z,2020-11-10T21:00:00Z
2020-11-11,2020-11-11T14:30:00Z,2020-11-11T21:00:00Z
2020-11-12,2020-11-12T14:30:00Z,2020-11-12T21:00:00Z
2020-11-13,2020-11-13T14:30:00Z,2020-11-13T21:00:00Z
2020-11-16,2020-11-16T14:30:00Z,2020-11-16T21:00:00Z
2020-11-17,2020-11-17T14:30:00Z,2020-11-17T21:00:00Z
2020-11-18,2020-11-18T14:30:00Z,2020-11-18T21:00:00Z
2020-11-19,2020-11-19T14:30:00Z,2020-11-19T21:00:00Z
2020-11-20,2020-11-20T14:30:00Z,2020-11-20T21:00:00Z
2020-11-23,2020-11-23T14:30:00Z,2020-11-23T21:00:00Z
2020-11-24,2020-11-24T14:30:00Z,2020-11-24T21:00:00Z
2020-11-25,2020-11-25T14:30:00Z,2020-11-25T21:00:00Z
2020-11-27,2020-11-27T14:30:00Z,2020-11-27T18:00:00Z
2020-11-30,2020-11-30T14:30:00Z,2020-11-30T21:00:00Z
2020-12-01,2020-12-01T14:30:00Z,2020-12-01T21:00:00Z
2020-12-02,2020-12-02T14:30:00Z,2020-12-02T21:00:00Z
2020-12-03,2020-12-03T14:30:00Z,2020-12-03T21:00:00Z
2020-12-04,2020-12-04T14:30:00Z,2020-12-04T21:00:00Z
2020-12-07,2020-12-07T14:30:00Z,2020-12-07T21:00:00Z
2020-12-08,2020-12-08T14:30:00Z,2020-12-08T21:00:00Z
2020-12-09,2020-12-09T14:30:00Z,2020-12-09T21:00:00Z
2020-12-10,2020-12-10T14:30:00Z,2020-12-10T21:00:00Z
2020-12-11,2020-12-11T14:30:00Z,2020-12-11T21:00:00Z
2020-12-14,2020-12-14T14:30:00Z,2020-12-14T21:00:00Z
2020-12-15,2020-12-15T14:30:00Z,2020-12-15T21:00:00Z
2020-12-16,2020-12-16T14:30:00Z,2020-12-16T21:00:00Z
2020-12-17,2020-12-17T14:30:00Z,2020-12-17T21:00:00Z
2020-12-18,2020-12-18T14:30:00Z,2020-12-18T21:00:00Z
2020-12-21,2020-12-21T14:30:00Z,2020-12-21T21:00:00Z
2020-12-22,2020-12-22T14:30:00Z,2020-12-22T21:00:00Z
2020-12-23,2020-12-23T14:30:00Z,2020-12-23T21:00:00Z
2020-12-24,2020-12-24T14:30:00Z,2020-12-24T18:00:00Z
2020-12-28,2020-12-28T14:30:00Z,2020-12-28T21:00:00Z
2020-12-29,2020-12-29T14:30:00Z,2020-12-29T21:00:00Z
2020-12-30,2020-12-30T14:30:00Z,2020-12-30T21:00:00Z
2020-12-31,2020-12-31T14:30:00Z,2020-12-31T21:00:00Z
2021-01-04,2021-01-04T14:30:00Z,2021-01-04T21:00:00Z
2021-01-05,2021-01-05T14:30:00Z,2021-01-05T21:00:00Z
2021-01-06,2021-01-06T14:30:00Z,2021-01-06T21:00:00Z
2021-01-07,2021-01-07T14:30:00Z,2021-01-07T21:00:00Z
2021-01-08,2021-01-08T14:30:00Z,2021-01-08T21:00:00Z
2021-01-11,2021-01-11T14:30:00Z,2021-01-11T21:00:00Z
2021-01-12,2021-01-12T14:30:00Z,2021-01-12T21:00:00Z
2021-01-13,2021-01-13T14:30:00Z,2021-01-13T21:00:00Z
2021-01-14,2021-01-14T14:30:00Z,2021-01-14T21:00:00Z
2021-01-15,2021-01-15T14:30:00Z,2021-01-15T21:00:00Z
2021-01-19,2021-01-19T14:30:00Z,2021-01-19T21:00:00Z
2021-01-20,2021-01-20T14:30:00Z,2021-01-20T21:00:00Z
2021-01-21,2021-01-21T14:30:00Z,2021-01-21T21:00:00Z
2021-01-22,2021-01-22T14:30:00Z,2021-01-22T21:00:00Z
2021-01-25,2021-01-25T14:30:00Z,2021-01-25T21:00:00Z
2021-01-26,2021-01-26T14:30:00Z,2021-01-26T21:00:00Z
2021-01-27,2021-01-27T14:30:00Z,2021-01-27T21:00:00Z
2021-01-28,2021-01-28T14:30:00Z,2021-01-28T21:00:00Z
2021-01-29,2021-01-29T14:30:00Z,2021-01-29T21:00:00Z
2021-02-01,2021-02-01T14:30:00Z,2021-02-01T21:00:00Z
2021-02-02,2021-02-02T14:30:00Z,2021-02-02T21:00:00Z
2021-02-03,2021-02-03T14:30:00Z,2021-02-03T21:00:00Z
2021-02-04,2021-02-04T14:30:00Z,2021-02-04T21:00:00Z
2021-02-05,2021-02-05T14:30:00Z,2021-02-05T21:00:00Z
2021-02-08,2021-02-08T14:30:00Z,2021-02-08T21:00:00Z
2021-02-09,2021-02-09T14:30:00Z,2021-02-09T21:00:00Z
2021-02-10,2021-02-10T14:30:00Z,2021-02-10T21:00:00Z
2021-02-11,2021-02-11T14:30:00Z,2021-02-11T21:00:00Z
2021-02-12,2021-02-12T14:30:00Z,2021-02-12T21:00:00Z
2021-02-16,2021-02-16T14:30:00Z,2021-02-16T21:00:00Z
2021-02-17,2021-02-17T14:30:00Z,2021-02-17T21:00:00Z
2021-02-18,2021-02-18T14:30:00Z,2021-02-18T21:00:00Z
2021-02-19,2021-02-19T14:30:00Z,2021-02-19T21:00:00Z
2021-02-22,2021-02-22T14:30:00Z,2021-02-22T21:00:00Z
2021-02-23,2021-02-23T14:30:00Z,2021-02-23T21:00:00Z
2021-02-24,2021-02-24T14:30:00Z,2021-02-24T21:00:00Z
2021-02-25,2021-02-25T14:30:00Z,2021-02-25T21:00:00Z
2021-02-26,2021-02-26T14:30:00Z,2021-02-26T21:00:00Z
2021-03-01,2021-03-01T14:30:00Z,2021-03-01T21:00:00Z
2021-03-02,2021-03-02T14:30:00Z,2021-03-02T21:00:00Z
2021-03-03,2021-03-03T14:30:00Z,2021-03-03T21:00:00Z
2021-03-04,2021-03-04T14:30:00Z,2021-03-04T21:00:00Z
2021-03-05,2021-03-05T14:30:00Z,2021-03-05T21:00:00Z
2021-03-08,2021-03-08T14:30:00Z,2021-03-08T21:00:00Z
2021-03-09,2021-03-09T14:30:00Z,2021-03-09T21:00:00Z
2021-03-10,2021-03-10T14:30:00Z,2021-03-10T21:00:00Z
2021-03-11,2021-03-11T14:30:00Z,2021-03-11T21:00:00Z
2021-03-12,2021-03-12T14:30:00Z,2021-03-12T21:00:00Z
2021-03-15,2021-03-15T13:30:00Z,2021-03-15T20:00:00Z
2021-03-16,2021-03-16T13:30:00Z,2021-03-16T20:00:00Z
2021-03-17,2021-03-17T13:30:00Z,2021-03-17T20:00:00Z
2021-03-18,2021-03-18T13:30:00Z,2021-03-18T20:00:00Z
2021-03-19,2021-03-19T13:30:00Z,2021-03-19T20:00:00Z
2021-03-22,2021-03-22T13:30:00Z,2021-03-22T20:00:00Z
2021-03-23,2021-03-23T13:30:00Z,2021-03-23T20:00:00Z
2021-03-24,2021-03-24T13:30:00Z,2021-03-24T20:00:00Z
2021-03-25,2021-03-25T13:30:00Z,2021-03-25T20:00:00Z
2021-03-26,2021-03-26T13:30:00Z,2021-03-26T20:00:00Z
2021-03-29,2021-03-29T13:30:00Z,2021-03-29T20:00:00Z
2021-03-30,2021-03-30T13:30:00Z,2021-03-30T20:00:00Z
2021-03-31,2021-03-31T13:30:00Z,2021-03-31T20:00:00Z
2021-04-01,2021-04-01T13:30:00Z,2021-04-01T20:00:00Z
2021-04-05,2021-04-05T13:30:00Z,2021-04-05T20:00:00Z
2021-04-06,2021-04-06T13:30:00Z,2021-04-06T20:00:00Z
2021-04-07,2021-04-07T13:30:00Z,2021-04-07T20:00:00Z
2021-04-08,2021-04-08T13:30:00Z,2021-04-08T20:00:00Z
2021-04-09,2021-04-09T13:30:00Z,2021-04-09T20:00:00Z
2021-04-12,2021-04-12T13:30:00Z,2021-04-12T20:00:00Z
2021-04-13,2021-04-13T13:30:00Z,2021-04-13T20:00:00Z
2021-04-14,2021-04-14T13:30:00Z,2021-04-14T20:00:00Z
2021-04-15,2021-04-15T13:30:00Z,2021-04-15T20:00:00Z
2021-04-16,2021-04-16T13:30:00Z,2021-04-16T20:00:00Z
2021-04-19,2021-04-19T13:30:00Z,2021-04-19T20:00:00Z
2021-04-20,2021-04-20T13:30:00Z,2021-04-20T20:00:00Z
2021-04-21,2021-04-21T13:30:00Z,2021-04-21T20:00:00Z
2021-04-22,2021-04-22T13:30:00Z,2021-04-22T20:00:00Z
2021-04-23,2021-04-23T13:30:00Z,2021-04-23T20:00:00Z
2021-04-26,2021-04-26T13:30:00Z,2021-04-26T20:00:00Z
2021-04-27,2021-04-27T13:30:00Z,2021-04-27T20:00:00Z
2021-04-28,2021-04-28T13:30:00Z,2021-04-28T20:00:00Z
2021-04-29,2021-04-29T13:30:00Z,2021-04-29T20:00:00Z
2021-04-30,2021-04-30T13:30:00Z,2021-04-30T20:00:00Z
2021-05-03,2021-05-03T13:30:00Z,2021-05-03T20:00:00Z
2021-05-04,2021-05-04T13:30:00Z,2021-05-04T20:00:00Z
2021-05-05,2021-05-05T13:30:00Z,2021-05-05T20:00:00Z
2021-05-06,2021-05-06T13:30:00Z,2021-05-06T20:00:00Z
2021-05-07,2021-05-07T13:30:00Z,2021-05-07T20:00:00Z
2021-05-10,2021-05-10T13:30:00Z,2021-05-10T20:00:00Z
2021-05-11,2021-05-11T13:30:00Z,2021-05-11T20:00:00Z
2021-05-12,2021-05-12T13:30:00Z,2021-05-12T20:00:00Z
2021-05-13,2021-05-13T13:30:00Z,2021-05-13T20:00:00Z
2021-05-14,2021-05-14T13:30:00Z,2021-05-14T20:00:00Z
2021-05-17,2021-05-17T13:30:00Z,2021-05-17T20:00:00Z
2021-05-18,2021-05-18T13:30:00Z,2021-05-18T20:00:00Z
2021-05-19,2021-05-19T13:30:00Z,2021-05-19T20:00:00Z
2021-05-20,2021-05-20T13:30:00Z,2021-05-20T20:00:00Z
2021-05-21,2021-05-21T13:30:00Z,2021-05-21T20:00:00Z
2021-05-24,2021-05-24T13:30:00Z,2021-05-24T20:00:00Z
2021-05-25,2021-05-25T13:30:00Z,2021-05-25T20:00:00Z
2021-05-26,2021-05-26T13:30:00Z,2021-05-26T20:00:00Z
2021-05-27,2021-05-27T13:30:00Z,2021-05-27T20:00:00Z
2021-05-28,2021-05-28T13:30:00Z,2021-05-28T20:00:00Z
2021-06-01,2021-06-01T13:30:00Z,2021-06-01T20:00:00Z
2021-06-02,2021-06-02T13:30:00Z,2021-06-02T20:00:00Z
2021-06-03,2021-06-03T13:30:00Z,2021-06-03T20:00:00Z
2021-06-04,2021-06-04T13:30:00Z,2021-06-04T20:00:00Z
2021-06-07,2021-06-07T13:30:00Z,2021-06-07T20:00:00Z
2021-06-08,2021-06-08T13:30:00Z,2021-06-08T20:00:00Z
2021-06-09,2021-06-09T13:30:00Z,2021-06-09T20:00:00Z
2021-06-10,2021-06-10T13:30:00Z,2021-06-10T20:00:00Z
2021-06-11,2021-06-11T13:30:00Z,2021-06-11T20:00:00Z
2021-06-14,2021-06-14T13:30:00Z,2021-06-14T20:00:00Z
2021-06-15,2021-06-15T13:30:00Z,2021-06-15T20:00:00Z
2021-06-16,2021-06-16T13:30:00Z,2021-06-16T20:00:00Z
2021-06-17,2021-06-17T13:30:00Z,2021-06-17T20:00:00Z
2021-06-18,2021-06-18T13:30:00Z,2021-06-18T20:00:00Z
2021-06-21,2021-06-21T13:30:00Z,2021-06-21T20:00:00Z
2021-06-22,2021-06-22T13:30:00Z,2021-06-22T20:00:00Z
2021-06-23,2021-06-23T13:30:00Z,2021-06-23T20:00:00Z
2021-06-24,2021-06-24T13:30:00Z,2021-06-24T20:00:00Z
2021-06-25,2021-06-25T13:30:00Z,2021-06-25T20:00:00Z
2021-06-28,2021-06-28T13:30:00Z,2021-06-28T20:00:00Z
2021-06-29,2021-06-29T13:30:00Z,2021-06-29T20:00:00Z
2021-06-30,2021-06-30T13:30:00Z,2021-06-30T20:00:00Z
2021-07-01,2021-07-01T13:30:00Z,2021-07-01T20:00:00Z
2021-07-02,2021-07-02T13:30:00Z,2021-07-02T20:00:00Z
2021-07-06,2021-07-06T13:30:00Z,2021-07-06T20:00:00Z
2021-07-07,2021-07-07T13:30:00Z,2021-07-07T20:00:00Z
2021-07-08,2021-07-08T13:30:00Z,2021-07-08T20:00:00Z
2021-07-09,2021-07-09T13:30:00Z,2021-07-09T20:00:00Z
2021-07-12,2021-07-12T13:30:00Z,2021-07-12T20:00:00Z
2021-07-13,2021-07-13T13:30:00Z,2021-07-13T20:00:00Z
2021-07-14,2021-07-14T13:30:00Z,2021-07-14T20:00:00Z
2021-07-15,2021-07-15T13:30:00Z,2021-07-15T20:00:00Z
2021-07-16,2021-07-16T13:30:00Z,2021-07-16T20:00:00Z
2021-07-19,2021-07-19T13:30:00Z,2021-07-19T20:00:00Z
2021-07-20,2021-07-20T13:30:00Z,2021-07-20T20:00:00Z
2021-07-21,2021-07-21T13:30:00Z,2021-07-21T20:00:00Z
2021-07-22,2021-07-22T13:30:00Z,2021-07-22T20:00:00Z
2021-07-23,2021-07-23T13:30:00Z,2021-07-23T20:00:00Z
2021-07-26,2021-07-26T13:30:00Z,2021-07-26T20:00:00Z
2021-07-27,2021-07-27T13:30:00Z,2021-07-27T20:00:00Z
2021-07-28,2021-07-28T13:30:00Z,2021-07-28T20:00:00Z
2021-07-29,2021-07-29T13:30:00Z,2021-07-29T20:00:00Z
2021-07-30,2021-07-30T13:30:00Z,2021-07-30T20:00:00Z
2021-08-02,2021-08-02T13:30:00Z,2021-08-02T20:00:00Z
2021-08-03,2021-08-03T13:30:00Z,2021-08-03T20:00:00Z
2021-08-04,2021-08-04T13:30:00Z,2021-08-04T20:00:00Z
2021-08-05,2021-08-05T13:30:00Z,2021-08-05T20:00:00Z
2021-08-06,2021-08-06T13:30:00Z,2021-08-06T20:00:00Z
2021-08-09,2021-08-09T13:30:00Z,2021-08-09T20:00:00Z
2021-08-10,2021-08-10T13:30:00Z,2021-08-10T20:00:00Z
2021-08-11,2021-08-11T13:30:00Z,2021-08-11T20:00:00Z
2021-08-12,2021-08-12T13:30:00Z,2021-08-12T20:00:00Z
2021-08-13,2021-08-13T13:30:00Z,2021-08-13T20:00:00Z
2021-08-16,2021-08-16T13:30:00Z,2021-08-16T20:00:00Z
2021-08-17,2021-08-17T13:30:00Z,2021-08-17T20:00:00Z
2021-08-18,2021-08-18T13:30:00Z,2021-08-18T20:00:00Z
2021-08-19,2021-08-19T13:30:00Z,2021-08-19T20:00:00Z
2021-08-20,2021-08-20T13:30:00Z,2021-08-20T20:00:00Z
2021-08-23,2021-08-23T13:30:00Z,2021-08-23T20:00:00Z
2021-08-24,2021-08-24T13:30:00Z,2021-08-24T20:00:00Z
2021-08-25,2021-08-25T13:30:00Z,2021-08-25T20:00:00Z
2021-08-26,2021-08-26T13:30:00Z,2021-08-26T20:00:00Z
2021-08-27,2021-08-27T13:30:00Z,2021-08-27T20:00:00Z
2021-08-30,2021-08-30T13:30:00Z,2021-08-30T20:00:00Z
2021-08-31,2021-08-31T13:30:00Z,2021-08-31T20:00:00Z
2021-09-01,2021-09-01T13:30:00Z,2021-09-01T20:00:00Z
2021-09-02,2021-09-02T13:30:00Z,2021-09-02T20:00:00Z
2021-09-03,2021-09-03T13:30:00Z,2021-09-03T20:00:00Z
2021-09-07,2021-09-07T13:30:00Z,2021-09-07T20:00:00Z
2021-09-08,2021-09-08T13:30:00Z,2021-09-08T20:00:00Z
2021-09-09,2021-09-09T13:30:00Z,2021-09-09T20:00:00Z
2021-09-10,2021-09-10T13:30:00Z,2021-09-10T20:00:00Z
2021-09-13,2021-09-13T13:30:00Z,2021-09-13T20:00:00Z
2021-09-14,2021-09-14T13:30:00Z,2021-09-14T20:00:00Z
2021-09-15,2021-09-15T13:30:00Z,2021-09-15T20:00:00Z
2021-09-16,2021-09-16T13:30:00Z,2021-09-16T20:00:00Z
2021-09-17,2021-09-17T13:30:00Z,2021-09-17T20:00:00Z
2021-09-20,2021-09-20T13:30:00Z,2021-09-20T20:00:00Z
2021-09-21,2021-09-21T13:30:00Z,2021-09-21T20:00:00Z
2021-09-22,2021-09-22T13:30:00Z,2021-09-22T20:00:00Z
2021-09-23,2021-09-23T13:30:00Z,2021-09-23T20:00:00Z
2021-09-24,2021-09-24T13:30:00Z,2021-09-24T20:00:00Z
2021-09-27,2021-09-27T13:30:00Z,2021-09-27T20:00:00Z
2021-09-28,2021-09-28T13:30:00Z,2021-09-28T20:00:00Z
2021-09-29,2021-09-29T13:30:00Z,2021-09-29T20:00:00Z
2021-09-30,2021-09-30T13:30:00Z,2021-09-30T20:00:00Z
2021-10-01,2021-10-01T13:30:00Z,2021-10-01T20:00:00Z
2021-10-04,2021-10-04T13:30:00Z,2021-10-04T20:00:00Z
2021-10-05,2021-10-05T13:30:00Z,2021-10-05T20:00:00Z
2021-10-06,2021-10-06T13:30:00Z,2021-10-06T20:00:00Z
2021-10-07,2021-10-07T13:30:00Z,2021-10-07T20:00:00Z
2021-10-08,2021-10-08T13:30:00Z,2021-10-08T20:00:00Z
2021-10-11,2021-10-11T13:30:00Z,2021-10-11T20:00:00Z
2021-10-12,2021-10-12T13:30:00Z,2021-10-12T20:00:00Z
2021-10-13,2021-10-13T13:30:00Z,2021-10-13T20:00:00Z
2021-10-14,2021-10-14T13:30:00Z,2021-10-14T20:00:00Z
2021-10-15,2021-10-15T13:30:00Z,2021-10-15T20:00:00Z
2021-10-18,2021-10-18T13:30:00Z,2021-10-18T20:00:00Z
2021-10-19,2021-10-19T13:30:00Z,2021-10-19T20:00:00Z
2021-10-20,2021-10-20T13:30:00Z,2021-10-20T20:00:00Z
2021-10-21,2021-10-21T13:30:00Z,2021-10-21T20:00:00Z
2021-10-22,2021-10-22T13:30:00Z,2021-10-22T20:00:00Z
2021-10-25,2021-10-25T13:30:00Z,2021-10-25T20:00:00Z
2021-10-26,2021-10-26T13:30:00Z,2021-10-26T20:00:00Z
2021-10-27,2021-10-27T13:30:00Z,2021-10-27T20:00:00Z
2021-10-28,2021-10-28T13:30:00Z,2021-10-28T20:00:00Z
2021-10-29,2021-10-29T13:30:00Z,2021-10-29T20:00:00Z
2021-11-01,2021-11-01T13:30:00Z,2021-11-01T20:00:00Z
2021-11-02,2021-11-02T13:30:00Z,2021-11-02T20:00:00Z
2021-11-03,2021-11-03T13:30:00Z,2021-11-03T20:00:00Z
2021-11-04,2021-11-04T13:30:00Z,2021-11-04T20:00:00Z
2021-11-05,2021-11-05T13:30:00Z,2021-11-05T20:00:00Z
2021-11-08,2021-11-08T14:30:00Z,2021-11-08T21:00:00Z
2021-11-09,2021-11-09T14:30:00Z,2021-11-09T21:00:00Z
2021-11-10,2021-11-10T14:30:00Z,2021-11-10T21:00:00Z
2021-11-11,2021-11-11T14:30:00Z,2021-11-11T21:00:00Z
2021-11-12,2021-11-12T14:30:00Z,2021-11-12T21:00:00Z
2021-11-15,2021-11-15T14:30:00Z,2021-11-15T21:00:00Z
2021-11-16,2021-11-16T14:30:00Z,2021-11-16T21:00:00Z
2021-11-17,2021-11-17T14:30:00Z,2021-11-17T21:00:00Z
2021-11-18,2021-11-18T14:30:00Z,2021-11-18T21:00:00Z
2021-11-19,2021-11-19T14:30:00Z,2021-11-19T21:00:00Z
2021-11-22,2021-11-22T14:30:00Z,2021-11-22T21:00:00Z
2021-11-23,2021-11-23T14:30:00Z,2021-11-23T21:00:00Z
2021-11-24,2021-11-24T14:30:00Z,2021-11-24T21:00:00Z
2021-11-26,2021-11-26T14:30:00Z,2021-11-26T18:00:00Z
2021-11-29,2021-11-29T14:30:00Z,2021-11-29T21:00:00Z
2021-11-30,2021-11-30T14:30:00Z,2021-11-30T21:00:00Z
2021-12-01,2021-12-01T14:30:00Z,2021-12-01T21:00:00Z
2021-12-02,2021-12-02T14:30:00Z,2021-12-02T21:00:00Z
2021-12-03,2021-12-03T14:30:00Z,2021-12-03T21:00:00Z
2021-12-06,2021-12-06T14:30:00Z,2021-12-06T21:00:00Z
2021-12-07,2021-12-07T14:30:00Z,2021-12-07T21:00:00Z
2021-12-08,2021-12-08T14:30:00Z,2021-12-08T21:00:00Z
2021-12-09,2021-12-09T14:30:00Z,2021-12-09T21:00:00Z
2021-12-10,2021-12-10T14:30:00Z,2021-12-10T21:00:00Z
2021-12-13,2021-12-13T14:30:00Z,2021-12-13T21:00:00Z
2021-12-14,2021-12-14T14:30:00Z,2021-12-14T21:00:00Z
2021-12-15,2021-12-15T14:30:00Z,2021-12-15T21:00:00Z
2021-12-16,2021-12-16T14:30:00Z,2021-12-16T21:00:00Z
2021-12-17,2021-12-17T14:30:00Z,2021-12-17T21:00:00Z
2021-12-20,2021-12-20T14:30:00Z,2021-12-20T21:00:00Z
2021-12-21,2021-12-21T14:30:00Z,2021-12-21T21:00:00Z
2021-12-22,2021-12-22T14:30:00Z,2021-12-22T21:00:00Z
2021-12-23,2021-12-23T14:30:00Z,2021-12-23T21:00:00Z
2021-12-27,2021-12-27T14:30:00Z,2021-12-27T21:00:00Z
2021-12-28,2021-12-28T14:30:00Z,2021-12-28T21:00:00Z
2021-12-29,2021-12-29T14:30:00Z,2021-12-29T21:00:00Z
2021-12-30,2021-12-30T14:30:00Z,2021-12-30T21:00:00Z
2021-12-31,2021-12-31T14:30:00Z,2021-12-31T21:00:00Z
2022-01-03,2022-01-03T14:30:00Z,2022-01-03T21:00:00Z
2022-01-04,2022-01-04T14:30:00Z,2022-01-04T21:00:00Z
2022-01-05,2022-01-05T14:30:00Z,2022-01-05T21:00:00Z
2022-01-06,2022-01-06T14:30:00Z,2022-01-06T21:00:00Z
2022-01-07,2022-01-07T14:30:00Z,2022-01-07T21:00:00Z
2022-01-10,2022-01-10T14:30:00Z,2022-01-10T21:00:00Z
2022-01-11,2022-01-11T14:30:00Z,2022-01-11T21:00:00Z
2022-01-12,2022-01-12T14:30:00Z,2022-01-12T21:00:00Z
2022-01-13,2022-01-13T14:30:00Z,2022-01-13T21:00:00Z
2022-01-14,2022-01-14T14:30:00Z,2022-01-14T21:00:00Z
2022-01-18,2022-01-18T14:30:00Z,2022-01-18T21:00:00Z
2022-01-19,2022-01-19T14:30:00Z,2022-01-19T21:00:00Z
2022-01-20,2022-01-20T14:30:00Z,2022-01-20T21:00:00Z
2022-01-21,2022-01-21T14:30:00Z,2022-01-21T21:00:00Z
2022-01-24,2022-01-24T14:30:00Z,2022-01-24T21:00:00Z
2022-01-25,2022-01-25T14:30:00Z,2022-01-25T21:00:00Z
2022-01-26,2022-01-26T14:30:00Z,2022-01-26T21:00:00Z
2022-01-27,2022-01-27T14:30:00Z,2022-01-27T21:00:00Z
2022-01-28,2022-01-28T14:30:00Z,2022-01-28T21:00:00Z
2022-01-31,2022-01-31T14:30:00Z,2022-01-31T21:00:00Z
2022-02-01,2022-02-01T14:30:00Z,2022-02-01T21:00:00Z
2022-02-02,2022-02-02T14:30:00Z,2022-02-02T21:00:00Z
2022-02-03,2022-02-03T14:30:00Z,2022-02-03T21:00:00Z
2022-02-04,2022-02-04T14:30:00Z,2022-02-04T21:00:00Z
2022-02-07,2022-02-07T14:30:00Z,2022-02-07T21:00:00Z
2022-02-08,2022-02-08T14:30:00Z,2022-02-08T21:00:00Z
2022-02-09,2022-02-09T14:30:00Z,2022-02-09T21:00:00Z
2022-02-10,2022-02-10T14:30:00Z,2022-02-10T21:00:00Z
2022-02-11,2022-02-11T14:30:00Z,2022-02-11T21:00:00Z
2022-02-14,2022-02-14T14:30:00Z,2022-02-14T21:00:00Z
2022-02-15,2022-02-15T14:30:00Z,2022-02-15T21:00:00Z
2022-02-16,2022-02-16T14:30:00Z,2022-02-16T21:00:00Z
2022-02-17,2022-02-17T14:30:00Z,2022-02-17T21:00:00Z
2022-02-18,2022-02-18T14:30:00Z,2022-02-18T21:00:00Z
2022-02-22,2022-02-22T14:30:00Z,2022-02-22T21:00:00Z
2022-02-23,2022-02-23T14:30:00Z,2022-02-23T21:00:00Z
2022-02-24,2022-02-24T14:30:00Z,2022-02-24T21:00:00Z
2022-02-25,2022-02-25T14:30:00Z,2022-02-25T21:00:00Z
2022-02-28,2022-02-28T14:30:00Z,2022-02-28T21:00:00Z
2022-03-01,2022-03-01T14:30:00Z,2022-03-01T21:00:00Z
2022-03-02,2022-03-02T14:30:00Z,2022-03-02T21:00:00Z
2022-03-03,2022-03-03T14:30:00Z,2022-03-03T21:00:00Z
2022-03-04,2022-03-04T14:30:00Z,2022-03-04T21:00:00Z
2022-03-07,2022-03-07T14:30:00Z,2022-03-07T21:00:00Z
2022-03-08,2022-03-08T14:30:00Z,2022-03-08T21:00:00Z
2022-03-09,2022-03-09T14:30:00Z,2022-03-09T21:00:00Z
2022-03-10,2022-03-10T14:30:00Z,2022-03-10T21:00:00Z
2022-03-11,2022-03-11T14:30:00Z,2022-03-11T21:00:00Z
2022-03-14,2022-03-14T13:30:00Z,2022-03-14T20:00:00Z
2022-03-15,2022-03-15T13:30:00Z,2022-03-15T20:00:00Z
2022-03-16,2022-03-16T13:30:00Z,2022-03-16T20:00:00Z
2022-03-17,2022-03-17T13:30:00Z,2022-03-17T20:00:00Z
2022-03-18,2022-03-18T13:30:00Z,2022-03-18T20:00:00Z
2022-03-21,2022-03-21T13:30:00Z,2022-03-21T20:00:00Z
2022-03-22,2022-03-22T13:30:00Z,2022-03-22T20:00:00Z
2022-03-23,2022-03-23T13:30:00Z,2022-03-23T20:00:00Z
2022-03-24,2022-03-24T13:30:00Z,2022-03-24T20:00:00Z
2022-03-25,2022-03-25T13:30:00Z,2022-03-25T20:00:00Z
2022-03-28,2022-03-28T13:30:00Z,2022-03-28T20:00:00Z
2022-03-29,2022-03-29T13:30:00Z,2022-03-29T20:00:00Z
2022-03-30,2022-03-30T13:30:00Z,2022-03-30T20:00:00Z
2022-03-31,2022-03-31T13:30:00Z,2022-03-31T20:00:00Z
2022-04-01,2022-04-01T13:30:00Z,2022-04-01T20:00:00Z
2022-04-04,2022-04-04T13:30:00Z,2022-04-04T20:00:00Z
2022-04-05,2022-04-05T13:30:00Z,2022-04-05T20:00:00Z
2022-04-06,2022-04-06T13:30:00Z,2022-04-06T20:00:00Z
2022-04-07,2022-04-07T13:30:00Z,2022-04-07T20:00:00Z
2022-04-08,2022-04-08T13:30:00Z,2022-04-08T20:00:00Z
2022-04-11,2022-04-11T13:30:00Z,2022-04-11T20:00:00Z
2022-04-12,2022-04-12T13:30:00Z,2022-04-12T20:00:00Z
2022-04-13,2022-04-13T13:30:00Z,2022-04-13T20:00:00Z
2022-04-14,2022-04-14T13:30:00Z,2022-04-14T20:00:00Z
2022-04-18,2022-04-18T13:30:00Z,2022-04-18T20:00:00Z
2022-04-19,2022-04-19T13:30:00Z,2022-04-19T20:00:00Z
2022-04-20,2022-04-20T13:30:00Z,2022-04-20T20:00:00Z
2022-04-21,2022-04-21T13:30:00Z,2022-04-21T20:00:00Z
2022-04-22,2022-04-22T13:30:00Z,2022-04-22T20:00:00Z
2022-04-25,2022-04-25T13:30:00Z,2022-04-25T20:00:00Z
2022-04-26,2022-04-26T13:30:00Z,2022-04-26T20:00:00Z
2022-04-27,2022-04-27T13:30:00Z,2022-04-27T20:00:00Z
2022-04-28,2022-04-28T13:30:00Z,2022-04-28T20:00:00Z
2022-04-29,2022-04-29T13:30:00Z,2022-04-29T20:00:00Z
2022-05-02,2022-05-02T13:30:00Z,2022-05-02T20:00:00Z
2022-05-03,2022-05-03T13:30:00Z,2022-05-03T20:00:00Z
2022-05-04,2022-05-04T13:30:00Z,2022-05-04T20:00:00Z
2022-05-05,2022-05-05T13:30:00Z,2022-05-05T20:00:00Z
2022-05-06,2022-05-06T13:30:00Z,2022-05-06T20:00:00Z
2022-05-09,2022-05-09T13:30:00Z,2022-05-09T20:00:00Z
2022-05-10,2022-05-10T13:30:00Z,2022-05-10T20:00:00Z
2022-05-11,2022-05-11T13:30:00Z,2022-05-11T20:00:00Z
2022-05-12,2022-05-12T13:30:00Z,2022-05-12T20:00:00Z
2022-05-13,2022-05-13T13:30:00Z,2022-05-13T20:00:00Z
2022-05-16,2022-05-16T13:30:00Z,2022-05-16T20:00:00Z
2022-05-17,2022-05-17T13:30:00Z,2022-05-17T20:00:00Z
2022-05-18,2022-05-18T13:30:00Z,2022-05-18T20:00:00Z
2022-05-19,2022-05-19T13:30:00Z,2022-05-19T20:00:00Z
2022-05-20,2022-05-20T13:30:00Z,2022-05-20T20:00:00Z
2022-05-23,2022-05-23T13:30:00Z,2022-05-23T20:00:00Z
2022-05-24,2022-05-24T13:30:00Z,2022-05-24T20:00:00Z
2022-05-25,2022-05-25T13:30:00Z,2022-05-25T20:00:00Z
2022-05-26,2022-05-26T13:30:00Z,2022-05-26T20:00:00Z
2022-05-27,2022-05-27T13:30:00Z,2022-05-27T20:00:00Z
2022-05-31,2022-05-31T13:30:00Z,2022-05-31T20:00:00Z
2022-06-01,2022-06-01T13:30:00Z,2022-06-01T20:00:00Z
2022-06-02,2022-06-02T13:30:00Z,2022-06-02T20:00:00Z
2022-06-03,2022-06-03T13:30:00Z,2022-06-03T20:00:00Z
2022-06-06,2022-06-06T13:30:00Z,2022-06-06T20:00:00Z
2022-06-07,2022-06-07T13:30:00Z,2022-06-07T20:00:00Z
2022-06-08,2022-06-08T13:30:00Z,2022-06-08T20:00:00Z
2022-06-09,2022-06-09T13:30:00Z,2022-06-09T20:00:00Z
2022-06-10,2022-06-10T13:30:00Z,2022-06-10T20:00:00Z
2022-06-13,2022-06-13T13:30:00Z,2022-06-13T20:00:00Z
2022-06-14,2022-06-14T13:30:00Z,2022-06-14T20:00:00Z
2022-06-15,2022-06-15T13:30:00Z,2022-06-15T20:00:00Z
2022-06-16,2022-06-16T13:30:00Z,2022-06-16T20:00:00Z
2022-06-17,2022-06-17T13:30:00Z,2022-06-17T20:00:00Z
2022-06-21,2022-06-21T13:30:00Z,2022-06-21T20:00:00Z
2022-06-22,2022-06-22T13:30:00Z,2022-06-22T20:00:00Z
2022-06-23,2022-06-23T13:30:00Z,2022-06-23T20:00:00Z
2022-06-24,2022-06-24T13:30:00Z,2022-06-24T20:00:00Z
2022-06-27,2022-06-27T13:30:00Z,2022-06-27T20:00:00Z
2022-06-28,2022-06-28T13:30:00Z,2022-06-28T20:00:00Z
2022-06-29,2022-06-29T13:30:00Z,2022-06-29T20:00:00Z
2022-06-30,2022-06-30T13:30:00Z,2022-06-30T20:00:00Z
2022-07-01,2022-07-01T13:30:00Z,2022-07-01T20:00:00Z
2022-07-05,2022-07-05T13:30:00Z,2022-07-05T20:00:00Z
2022-07-06,2022-07-06T13:30:00Z,2022-07-06T20:00:00Z
2022-07-07,2022-07-07T13:30:00Z,2022-07-07T20:00:00Z
2022-07-08,2022-07-08T13:30:00Z,2022-07-08T20:00:00Z
2022-07-11,2022-07-11T13:30:00Z,2022-07-11T20:00:00Z
2022-07-12,2022-07-12T13:30:00Z,2022-07-12T20:00:00Z
2022-07-13,2022-07-13T13:30:00Z,2022-07-13T20:00:00Z
2022-07-14,2022-07-14T13:30:00Z,2022-07-14T20:00:00Z
2022-07-15,2022-07-15T13:30:00Z,2022-07-15T20:00:00Z
2022-07-18,2022-07-18T13:30:00Z,2022-07-18T20:00:00Z
2022-07-19,2022-07-19T13:30:00Z,2022-07-19T20:00:00Z
2022-07-20,2022-07-20T13:30:00Z,2022-07-20T20:00:00Z
2022-07-21,2022-07-21T13:30:00Z,2022-07-21T20:00:00Z
2022-07-22,2022-07-22T13:30:00Z,2022-07-22T20:00:00Z
2022-07-25,2022-07-25T13:30:00Z,2022-07-25T20:00:00Z
2022-07-26,2022-07-26T13:30:00Z,2022-07-26T20:00:00Z
2022-07-27,2022-07-27T13:30:00Z,2022-07-27T20:00:00Z
2022-07-28,2022-07-28T13:30:00Z,2022-07-28T20:00:00Z
2022-07-29,2022-07-29T13:30:00Z,2022-07-29T20:00:00Z
2022-08-01,2022-08-01T13:30:00Z,2022-08-01T20:00:00Z
2022-08-02,2022-08-02T13:30:00Z,2022-08-02T20:00:00Z
2022-08-03,2022-08-03T13:30:00Z,2022-08-03T20:00:00Z
2022-08-04,2022-08-04T13:30:00Z,2022-08-04T20:00:00Z
2022-08-05,2022-08-05T13:30:00Z,2022-08-05T20:00:00Z
2022-08-08,2022-08-08T13:30:00Z,2022-08-08T20:00:00Z
2022-08-09,2022-08-09T13:30:00Z,2022-08-09T20:00:00Z
2022-08-10,2022-08-10T13:30:00Z,2022-08-10T20:00:00Z
2022-08-11,2022-08-11T13:30:00Z,2022-08-11T20:00:00Z
2022-08-12,2022-08-12T13:30:00Z,2022-08-12T20:00:00Z
2022-08-15,2022-08-15T13:30:00Z,2022-08-15T20:00:00Z
2022-08-16,2022-08-16T13:30:00Z,2022-08-16T20:00:00Z
2022-08-17,2022-08-17T13:30:00Z,2022-08-17T20:00:00Z
2022-08-18,2022-08-18T13:30:00Z,2022-08-18T20:00:00Z
2022-08-19,2022-08-19T13:30:00Z,2022-08-19T20:00:00Z
2022-08-22,2022-08-22T13:30:00Z,2022-08-22T20:00:00Z
2022-08-23,2022-08-23T13:30:00Z,2022-08-23T20:00:00Z
2022-08-24,2022-08-24T13:30:00Z,2022-08-24T20:00:00Z
2022-08-25,2022-08-25T13:30:00Z,2022-08-25T20:00:00Z
2022-08-26,2022-08-26T13:30:00Z,2022-08-26T20:00:00Z
2022-08-29,2022-08-29T13:30:00Z,2022-08-29T20:00:00Z
2022-08-30,2022-08-30T13:30:00Z,2022-08-30T20:00:00Z
2022-08-31,2022-08-31T13:30:00Z,2022-08-31T20:00:00Z
2022-09-01,2022-09-01T13:30:00Z,2022-09-01T20:00:00Z
2022-09-02,2022-09-02T13:30:00Z,2022-09-02T20:00:00Z
2022-09-06,2022-09-06T13:30:00Z,2022-09-06T20:00:00Z
2022-09-07,2022-09-07T13:30:00Z,2022-09-07T20:00:00Z
2022-09-08,2022-09-08T13:30:00Z,2022-09-08T20:00:00Z
2022-09-09,2022-09-09T13:30:00Z,2022-09-09T20:00:00Z
2022-09-12,2022-09-12T13:30:00Z,2022-09-12T20:00:00Z
2022-09-13,2022-09-13T13:30:00Z,2022-09-13T20:00:00Z
2022-09-14,2022-09-14T13:30:00Z,2022-09-14T20:00:00Z
2022-09-15,2022-09-15T13:30:00Z,2022-09-15T20:00:00Z
2022-09-16,2022-09-16T13:30:00Z,2022-09-16T20:00:00Z
2022-09-19,2022-09-19T13:30:00Z,2022-09-19T20:00:00Z
2022-09-20,2022-09-20T13:30:00Z,2022-09-20T20:00:00Z
2022-09-21,2022-09-21T13:30:00Z,2022-09-21T20:00:00Z
2022-09-22,2022-09-22T13:30:00Z,2022-09-22T20:00:00Z
2022-09-23,2022-09-23T13:30:00Z,2022-09-23T20:00:00Z
2022-09-26,2022-09-26T13:30:00Z,2022-09-26T20:00:00Z
2022-09-27,2022-09-27T13:30:00Z,2022-09-27T20:00:00Z
2022-09-28,2022-09-28T13:30:00Z,2022-09-28T20:00:00Z
2022-09-29,2022-09-29T13:30:00Z,2022-09-29T20:00:00Z
2022-09-30,2022-09-30T13:30:00Z,2022-09-30T20:00:00Z
2022-10-03,2022-10-03T13:30:00Z,2022-10-03T20:00:00Z
2022-10-04,2022-10-04T13:30:00Z,2022-10-04T20:00:00Z
2022-10-05,2022-10-05T13:30:00Z,2022-10-05T20:00:00Z
2022-10-06,2022-10-06T13:30:00Z,2022-10-06T20:00:00Z
2022-10-07,2022-10-07T13:30:00Z,2022-10-07T20:00:00Z
2022-10-10,2022-10-10T13:30:00Z,2022-10-10T20:00:00Z
2022-10-11,2022-10-11T13:30:00Z,2022-10-11T20:00:00Z
2022-10-12,2022-10-12T13:30:00Z,2022-10-12T20:00:00Z
2022-10-13,2022-10-13T13:30:00Z,2022-10-13T20:00:00Z
2022-10-14,2022-10-14T13:30:00Z,2022-10-14T20:00:00Z
2022-10-17,2022-10-17T13:30:00Z,2022-10-17T20:00:00Z
2022-10-18,2022-10-18T13:30:00Z,2022-10-18T20:00:00Z
2022-10-19,2022-10-19T13:30:00Z,2022-10-19T20:00:00Z
2022-10-20,2022-10-20T13:30:00Z,2022-10-20T20:00:00Z
2022-10-21,2022-10-21T13:30:00Z,2022-10-21T20:00:00Z
2022-10-24,2022-10-24T13:30:00Z,2022-10-24T20:00:00Z
2022-10-25,2022-10-25T13:30:00Z,2022-10-25T20:00:00Z
2022-10-26,2022-10-26T13:30:00Z,2022-10-26T20:00:00Z
2022-10-27,2022-10-27T13:30:00Z,2022-10-27T20:00:00Z
2022-10-28,2022-10-28T13:30:00Z,2022-10-28T20:00:00Z
2022-10-31,2022-10-31T13:30:00Z,2022-10-31T20:00:00Z
2022-11-01,2022-11-01T13:30:00Z,2022-11-01T20:00:00Z
2022-11-02,2022-11-02T13:30:00Z,2022-11-02T20:00:00Z
2022-11-03,2022-11-03T13:30:00Z,2022-11-03T20:00:00Z
2022-11-04,2022-11-04T13:30:00Z,2022-11-04T20:00:00Z
2022-11-07,2022-11-07T14:30:00Z,2022-11-07T21:00:00Z
2022-11-08,2022-11-08T14:30:00Z,2022-11-08T21:00:00Z
2022-11-09,2022-11-09T14:30:00Z,2022-11-09T21:00:00Z
2022-11-10,2022-11-10T14:30:00Z,2022-11-10T21:00:00Z
2022-11-11,2022-11-11T14:30:00Z,2022-11-11T21:00:00Z
2022-11-14,2022-11-14T14:30:00Z,2022-11-14T21:00:00Z
2022-11-15,2022-11-15T14:30:00Z,2022-11-15T21:00:00Z
2022-11-16,2022-11-16T14:30:00Z,2022-11-16T21:00:00Z
2022-11-17,2022-11-17T14:30:00Z,2022-11-17T21:00:00Z
2022-11-18,2022-11-18T14:30:00Z,2022-11-18T21:00:00Z
2022-11-21,2022-11-21T14:30:00Z,2022-11-21T21:00:00Z
2022-11-22,2022-11-22T14:30:00Z,2022-11-22T21:00:00Z
2022-11-23,2022-11-23T14:30:00Z,2022-11-23T21:00:00Z
2022-11-25,2022-11-25T14:30:00Z,2022-11-25T18:00:00Z
2022-11-28,2022-11-28T14:30:00Z,2022-11-28T21:00:00Z
2022-11-29,2022-11-29T14:30:00Z,2022-11-29T21:00:00Z
2022-11-30,2022-11-30T14:30:00Z,2022-11-30T21:00:00Z
2022-12-01,2022-12-01T14:30:00Z,2022-12-01T21:00:00Z
2022-12-02,2022-12-02T14:30:00Z,2022-12-02T21:00:00Z
2022-12-05,2022-12-05T14:30:00Z,2022-12-05T21:00:00Z
2022-12-06,2022-12-06T14:30:00Z,2022-12-06T21:00:00Z
2022-12-07,2022-12-07T14:30:00Z,2022-12-07T21:00:00Z
2022-12-08,2022-12-08T14:30:00Z,2022-12-08T21:00:00Z
2022-12-09,2022-12-09T14:30:00Z,2022-12-09T21:00:00Z
2022-12-12,2022-12-12T14:30:00Z,2022-12-12T21:00:00Z
2022-12-13,2022-12-13T14:30:00Z,2022-12-13T21:00:00Z
2022-12-14,2022-12-14T14:30:00Z,2022-12-14T21:00:00Z
2022-12-15,2022-12-15T14:30:00Z,2022-12-15T21:00:00Z
2022-12-16,2022-12-16T14:30:00Z,2022-12-16T21:00:00Z
2022-12-19,2022-12-19T14:30:00Z,2022-12-19T21:00:00Z
2022-12-20,2022-12-20T14:30:00Z,2022-12-20T21:00:00Z
2022-12-21,2022-12-21T14:30:00Z,2022-12-21T21:00:00Z
2022-12-22,2022-12-22T14:30:00Z,2022-12-22T21:00:00Z
2022-12-23,2022-12-23T14:30:00Z,2022-12-23T21:00:00Z
2022-12-27,2022-12-27T14:30:00Z,2022-12-27T21:00:00Z
2022-12-28,2022-12-28T14:30:00Z,2022-12-28T21:00:00Z
2022-12-29,2022-12-29T14:30:00Z,2022-12-29T21:00:00Z
2022-12-30,2022-12-30T14:30:00Z,2022-12-30T21:00:00Z
2023-01-03,2023-01-03T14:30:00Z,2023-01-03T21:00:00Z
2023-01-04,2023-01-04T14:30:00Z,2023-01-04T21:00:00Z
2023-01-05,2023-01-05T14:30:00Z,2023-01-05T21:00:00Z
2023-01-06,2023-01-06T14:30:00Z,2023-01-06T21:00:00Z
2023-01-09,2023-01-09T14:30:00Z,2023-01-09T21:00:00Z
2023-01-10,2023-01-10T14:30:00Z,2023-01-10T21:00:00Z
2023-01-11,2023-01-11T14:30:00Z,2023-01-11T21:00:00Z
2023-01-12,2023-01-12T14:30:00Z,2023-01-12T21:00:00Z
2023-01-13,2023-01-13T14:30:00Z,2023-01-13T21:00:00Z
2023-01-17,2023-01-17T14:30:00Z,2023-01-17T21:00:00Z
2023-01-18,2023-01-18T14:30:00Z,2023-01-18T21:00:00Z
2023-01-19,2023-01-19T14:30:00Z,2023-01-19T21:00:00Z
2023-01-20,2023-01-20T14:30:00Z,2023-01-20T21:00:00Z
2023-01-23,2023-01-23T14:30:00Z,2023-01-23T21:00:00Z
2023-01-24,2023-01-24T14:30:00Z,2023-01-24T21:00:00Z
2023-01-25,2023-01-25T14:30:00Z,2023-01-25T21:00:00Z
2023-01-26,2023-01-26T14:30:00Z,2023-01-26T21:00:00Z
2023-01-27,2023-01-27T14:30:00Z,2023-01-27T21:00:00Z
2023-01-30,2023-01-30T14:30:00Z,2023-01-30T21:00:00Z
2023-01-31,2023-01-31T14:30:00Z,2023-01-31T21:00:00Z
2023-02-01,2023-02-01T14:30:00Z,2023-02-01T21:00:00Z
2023-02-02,2023-02-02T14:30:00Z,2023-02-02T21:00:00Z
2023-02-03,2023-02-03T14:30:00Z,2023-02-03T21:00:00Z
2023-02-06,2023-02-06T14:30:00Z,2023-02-06T21:00:00Z
2023-02-07,2023-02-07T14:30:00Z,2023-02-07T21:00:00Z
2023-02-08,2023-02-08T14:30:00Z,2023-02-08T21:00:00Z
2023-02-09,2023-02-09T14:30:00Z,2023-02-09T21:00:00Z
2023-02-10,2023-02-10T14:30:00Z,2023-02-10T21:00:00Z
2023-02-13,2023-02-13T14:30:00Z,2023-02-13T21:00:00Z
2023-02-14,2023-02-14T14:30:00Z,2023-02-14T21:00:00Z
2023-02-15,2023-02-15T14:30:00Z,2023-02-15T21:00:00Z
2023-02-16,2023-02-16T14:30:00Z,2023-02-16T21:00:00Z
2023-02-17,2023-02-17T14:30:00Z,2023-02-17T21:00:00Z
2023-02-21,2023-02-21T14:30:00Z,2023-02-21T21:00:00Z
2023-02-22,2023-02-22T14:30:00Z,2023-02-22T21:00:00Z
2023-02-23,2023-02-23T14:30:00Z,2023-02-23T21:00:00Z
2023-02-24,2023-02-24T14:30:00Z,2023-02-24T21:00:00Z
2023-02-27,2023-02-27T14:30:00Z,2023-02-27T21:00:00Z
2023-02-28,2023-02-28T14:30:00Z,2023-02-28T21:00:00Z
2023-03-01,2023-03-01T14:30:00Z,2023-03-01T21:00:00Z
2023-03-02,2023-03-02T14:30:00Z,2023-03-02T21:00:00Z
2023-03-03,2023-03-03T14:30:00Z,2023-03-03T21:00:00Z
2023-03-06,2023-03-06T14:30:00Z,2023-03-06T21:00:00Z
2023-03-07,2023-03-07T14:30:00Z,2023-03-07T21:00:00Z
2023-03-08,2023-03-08T14:30:00Z,2023-03-08T21:00:00Z
2023-03-09,2023-03-09T14:30:00Z,2023-03-09T21:00:00Z
2023-03-10,2023-03-10T14:30:00Z,2023-03-10T21:00:00Z
2023-03-13,2023-03-13T13:30:00Z,2023-03-13T20:00:00Z
2023-03-14,2023-03-14T13:30:00Z,2023-03-14T20:00:00Z
2023-03-15,2023-03-15T13:30:00Z,2023-03-15T20:00:00Z
2023-03-16,2023-03-16T13:30:00Z,2023-03-16T20:00:00Z
2023-03-17,2023-03-17T13:30:00Z,2023-03-17T20:00:00Z
2023-03-20,2023-03-20T13:30:00Z,2023-03-20T20:00:00Z
2023-03-21,2023-03-21T13:30:00Z,2023-03-21T20:00:00Z
2023-03-22,2023-03-22T13:30:00Z,2023-03-22T20:00:00Z
2023-03-23,2023-03-23T13:30:00Z,2023-03-23T20:00:00Z
2023-03-24,2023-03-24T13:30:00Z,2023-03-24T20:00:00Z
2023-03-27,2023-03-27T13:30:00Z,2023-03-27T20:00:00Z
2023-03-28,2023-03-28T13:30:00Z,2023-03-28T20:00:00Z
2023-03-29,2023-03-29T13:30:00Z,2023-03-29T20:00:00Z
2023-03-30,2023-03-30T13:30:00Z,2023-03-30T20:00:00Z
2023-03-31,2023-03-31T13:30:00Z,2023-03-31T20:00:00Z
2023-04-03,2023-04-03T13:30:00Z,2023-04-03T20:00:00Z
2023-04-04,2023-04-04T13:30:00Z,2023-04-04T20:00:00Z
2023-04-05,2023-04-05T13:30:00Z,2023-04-05T20:00:00Z
2023-04-06,2023-04-06T13:30:00Z,2023-04-06T20:00:00Z
2023-04-10,2023-04-10T13:30:00Z,2023-04-10T20:00:00Z
2023-04-11,2023-04-11T13:30:00Z,2023-04-11T20:00:00Z
2023-04-12,2023-04-12T13:30:00Z,2023-04-12T20:00:00Z
2023-04-13,2023-04-13T13:30:00Z,2023-04-13T20:00:00Z
2023-04-14,2023-04-14T13:30:00Z,2023-04-14T20:00:00Z
2023-04-17,2023-04-17T13:30:00Z,2023-04-17T20:00:00Z
2023-04-18,2023-04-18T13:30:00Z,2023-04-18T20:00:00Z
2023-04-19,2023-04-19T13:30:00Z,2023-04-19T20:00:00Z
2023-04-20,2023-04-20T13:30:00Z,2023-04-20T20:00:00Z
2023-04-21,2023-04-21T13:30:00Z,2023-04-21T20:00:00Z
2023-04-24,2023-04-24T13:30:00Z,2023-04-24T20:00:00Z
2023-04-25,2023-04-25T13:30:00Z,2023-04-25T20:00:00Z
2023-04-26,2023-04-26T13:30:00Z,2023-04-26T20:00:00Z
2023-04-27,2023-04-27T13:30:00Z,2023-04-27T20:00:00Z
2023-04-28,2023-04-28T13:30:00Z,2023-04-28T20:00:00Z
2023-05-01,2023-05-01T13:30:00Z,2023-05-01T20:00:00Z
2023-05-02,2023-05-02T13:30:00Z,2023-05-02T20:00:00Z
2023-05-03,2023-05-03T13:30:00Z,2023-05-03T20:00:00Z
2023-05-04,2023-05-04T13:30:00Z,2023-05-04T20:00:00Z
2023-05-05,2023-05-05T13:30:00Z,2023-05-05T20:00:00Z
2023-05-08,2023-05-08T13:30:00Z,2023-05-08T20:00:00Z
2023-05-09,2023-05-09T13:30:00Z,2023-05-09T20:00:00Z
2023-05-10,2023-05-10T13:30:00Z,2023-05-10T20:00:00Z
2023-05-11,2023-05-11T13:30:00Z,2023-05-11T20:00:00Z
2023-05-12,2023-05-12T13:30:00Z,2023-05-12T20:00:00Z
2023-05-15,2023-05-15T13:30:00Z,2023-05-15T20:00:00Z
2023-05-16,2023-05-16T13:30:00Z,2023-05-16T20:00:00Z
2023-05-17,2023-05-17T13:30:00Z,2023-05-17T20:00:00Z
2023-05-18,2023-05-18T13:30:00Z,2023-05-18T20:00:00Z
2023-05-19,2023-05-19T13:30:00Z,2023-05-19T20:00:00Z
2023-05-22,2023-05-22T13:30:00Z,2023-05-22T20:00:00Z
2023-05-23,2023-05-23T13:30:00Z,2023-05-23T20:00:00Z
2023-05-24,2023-05-24T13:30:00Z,2023-05-24T20:00:00Z
2023-05-25,2023-05-25T13:30:00Z,2023-05-25T20:00:00Z
2023-05-26,2023-05-26T13:30:00Z,2023-05-26T20:00:00Z
2023-05-30,2023-05-30T13:30:00Z,2023-05-30T20:00:00Z
2023-05-31,2023-05-31T13:30:00Z,2023-05-31T20:00:00Z
2023-06-01,2023-06-01T13:30:00Z,2023-06-01T20:00:00Z
2023-06-02,2023-06-02T13:30:00Z,2023-06-02T20:00:00Z
2023-06-05,2023-06-05T13:30:00Z,2023-06-05T20:00:00Z
2023-06-06,2023-06-06T13:30:00Z,2023-06-06T20:00:00Z
2023-06-07,2023-06-07T13:30:00Z,2023-06-07T20:00:00Z
2023-06-08,2023-06-08T13:30:00Z,2023-06-08T20:00:00Z
2023-06-09,2023-06-09T13:30:00Z,2023-06-09T20:00:00Z
2023-06-12,2023-06-12T13:30:00Z,2023-06-12T20:00:00Z
2023-06-13,2023-06-13T13:30:00Z,2023-06-13T20:00:00Z
2023-06-14,2023-06-14T13:30:00Z,2023-06-14T20:00:00Z
2023-06-15,2023-06-15T13:30:00Z,2023-06-15T20:00:00Z
2023-06-16,2023-06-16T13:30:00Z,2023-06-16T20:00:00Z
2023-06-20,2023-06-20T13:30:00Z,2023-06-20T20:00:00Z
2023-06-21,2023-06-21T13:30:00Z,2023-06-21T20:00:00Z
2023-06-22,2023-06-22T13:30:00Z,2023-06-22T20:00:00Z
2023-06-23,2023-06-23T13:30:00Z,2023-06-23T20:00:00Z
2023-06-26,2023-06-26T13:30:00Z,2023-06-26T20:00:00Z
2023-06-27,2023-06-27T13:30:00Z,2023-06-27T20:00:00Z
2023-06-28,2023-06-28T13:30:00Z,2023-06-28T20:00:00Z
2023-06-29,2023-06-29T13:30:00Z,2023-06-29T20:00:00Z
2023-06-30,2023-06-30T13:30:00Z,2023-06-30T20:00:00Z
2023-07-03,2023-07-03T13:30:00Z,2023-07-03T17:00:00Z
2023-07-05,2023-07-05T13:30:00Z,2023-07-05T20:00:00Z
2023-07-06,2023-07-06T13:30:00Z,2023-07-06T20:00:00Z
2023-07-07,2023-07-07T13:30:00Z,2023-07-07T20:00:00Z
2023-07-10,2023-07-10T13:30:00Z,2023-07-10T20:00:00Z
2023-07-11,2023-07-11T13:30:00Z,2023-07-11T20:00:00Z
2023-07-12,2023-07-12T13:30:00Z,2023-07-12T20:00:00Z
2023-07-13,2023-07-13T13:30:00Z,2023-07-13T20:00:00Z
2023-07-14,2023-07-14T13:30:00Z,2023-07-14T20:00:00Z
2023-07-17,2023-07-17T13:30:00Z,2023-07-17T20:00:00Z
2023-07-18,2023-07-18T13:30:00Z,2023-07-18T20:00:00Z
2023-07-19,2023-07-19T13:30:00Z,2023-07-19T20:00:00Z
2023-07-20,2023-07-20T13:30:00Z,2023-07-20T20:00:00Z
2023-07-21,2023-07-21T13:30:00Z,2023-07-21T20:00:00Z
2023-07-24,2023-07-24T13:30:00Z,2023-07-24T20:00:00Z
2023-07-25,2023-07-25T13:30:00Z,2023-07-25T20:00:00Z
2023-07-26,2023-07-26T13:30:00Z,2023-07-26T20:00:00Z
2023-07-27,2023-07-27T13:30:00Z,2023-07-27T20:00:00Z
2023-07-28,2023-07-28T13:30:00Z,2023-07-28T20:00:00Z
2023-07-31,2023-07-31T13:30:00Z,2023-07-31T20:00:00Z
2023-08-01,2023-08-01T13:30:00Z,2023-08-01T20:00:00Z
2023-08-02,2023-08-02T13:30:00Z,2023-08-02T20:00:00Z
2023-08-03,2023-08-03T13:30:00Z,2023-08-03T20:00:00Z
2023-08-04,2023-08-04T13:30:00Z,2023-08-04T20:00:00Z
2023-08-07,2023-08-07T13:30:00Z,2023-08-07T20:00:00Z
2023-08-08,2023-08-08T13:30:00Z,2023-08-08T20:00:00Z
2023-08-09,2023-08-09T13:30:00Z,2023-08-09T20:00:00Z
2023-08-10,2023-08-10T13:30:00Z,2023-08-10T20:00:00Z
2023-08-11,2023-08-11T13:30:00Z,2023-08-11T20:00:00Z
2023-08-14,2023-08-14T13:30:00Z,2023-08-14T20:00:00Z
2023-08-15,2023-08-15T13:30:00Z,2023-08-15T20:00:00Z
2023-08-16,2023-08-16T13:30:00Z,2023-08-16T20:00:00Z
2023-08-17,2023-08-17T13:30:00Z,2023-08-17T20:00:00Z
2023-08-18,2023-08-18T13:30:00Z,2023-08-18T20:00:00Z
2023-08-21,2023-08-21T13:30:00Z,2023-08-21T20:00:00Z
2023-08-22,2023-08-22T13:30:00Z,2023-08-22T20:00:00Z
2023-08-23,2023-08-23T13:30:00Z,2023-08-23T20:00:00Z
2023-08-24,2023-08-24T13:30:00Z,2023-08-24T20:00:00Z
2023-08-25,2023-08-25T13:30:00Z,2023-08-25T20:00:00Z
2023-08-28,2023-08-28T13:30:00Z,2023-08-28T20:00:00Z
2023-08-29,2023-08-29T13:30:00Z,2023-08-29T20:00:00Z
2023-08-30,2023-08-30T13:30:00Z,2023-08-30T20:00:00Z
2023-08-31,2023-08-31T13:30:00Z,2023-08-31T20:00:00Z
2023-09-01,2023-09-01T13:30:00Z,2023-09-01T20:00:00Z
2023-09-05,2023-09-05T13:30:00Z,2023-09-05T20:00:00Z
2023-09-06,2023-09-06T13:30:00Z,2023-09-06T20:00:00Z
2023-09-07,2023-09-07T13:30:00Z,2023-09-07T20:00:00Z
2023-09-08,2023-09-08T13:30:00Z,2023-09-08T20:00:00Z
2023-09-11,2023-09-11T13:30:00Z,2023-09-11T20:00:00Z
2023-09-12,2023-09-12T13:30:00Z,2023-09-12T20:00:00Z
2023-09-13,2023-09-13T13:30:00Z,2023-09-13T20:00:00Z
2023-09-14,2023-09-14T13:30:00Z,2023-09-14T20:00:00Z
2023-09-15,2023-09-15T13:30:00Z,2023-09-15T20:00:00Z
2023-09-18,2023-09-18T13:30:00Z,2023-09-18T20:00:00Z
2023-09-19,2023-09-19T13:30:00Z,2023-09-19T20:00:00Z
2023-09-20,2023-09-20T13:30:00Z,2023-09-20T20:00:00Z
2023-09-21,2023-09-21T13:30:00Z,2023-09-21T20:00:00Z
2023-09-22,2023-09-22T13:30:00Z,2023-09-22T20:00:00Z
2023-09-25,2023-09-25T13:30:00Z,2023-09-25T20:00:00Z
2023-09-26,2023-09-26T13:30:00Z,2023-09-26T20:00:00Z
2023-09-27,2023-09-27T13:30:00Z,2023-09-27T20:00:00Z
2023-09-28,2023-09-28T13:30:00Z,2023-09-28T20:00:00Z
2023-09-29,2023-09-29T13:30:00Z,2023-09-29T20:00:00Z
2023-10-02,2023-10-02T13:30:00Z,2023-10-02T20:00:00Z
2023-10-03,2023-10-03T13:30:00Z,2023-10-03T20:00:00Z
2023-10-04,2023-10-04T13:30:00Z,2023-10-04T20:00:00Z
2023-10-05,2023-10-05T13:30:00Z,2023-10-05T20:00:00Z
2023-10-06,2023-10-06T13:30:00Z,2023-10-06T20:00:00Z
2023-10-09,2023-10-09T13:30:00Z,2023-10-09T20:00:00Z
2023-10-10,2023-10-10T13:30:00Z,2023-10-10T20:00:00Z
2023-10-11,2023-10-11T13:30:00Z,2023-10-11T20:00:00Z
2023-10-12,2023-10-12T13:30:00Z,2023-10-12T20:00:00Z
2023-10-13,2023-10-13T13:30:00Z,2023-10-13T20:00:00Z
2023-10-16,2023-10-16T13:30:00Z,2023-10-16T20:00:00Z
2023-10-17,2023-10-17T13:30:00Z,2023-10-17T20:00:00Z
2023-10-18,2023-10-18T13:30:00Z,2023-10-18T20:00:00Z
2023-10-19,2023-10-19T13:30:00Z,2023-10-19T20:00:00Z
2023-10-20,2023-10-20T13:30:00Z,2023-10-20T20:00:00Z
2023-10-23,2023-10-23T13:30:00Z,2023-10-23T20:00:00Z
2023-10-24,2023-10-24T13:30:00Z,2023-10-24T20:00:00Z
2023-10-25,2023-10-25T13:30:00Z,2023-10-25T20:00:00Z
2023-10-26,2023-10-26T13:30:00Z,2023-10-26T20:00:00Z
2023-10-27,2023-10-27T13:30:00Z,2023-10-27T20:00:00Z
2023-10-30,2023-10-30T13:30:00Z,2023-10-30T20:00:00Z
2023-10-31,2023-10-31T13:30:00Z,2023-10-31T20:00:00Z
2023-11-01,2023-11-01T13:30:00Z,2023-11-01T20:00:00Z
2023-11-02,2023-11-02T13:30:00Z,2023-11-02T20:00:00Z
2023-11-03,2023-11-03T13:30:00Z,2023-11-03T20:00:00Z
2023-11-06,2023-11-06T14:30:00Z,2023-11-06T21:00:00Z
2023-11-07,2023-11-07T14:30:00Z,2023-11-07T21:00:00Z
2023-11-08,2023-11-08T14:30:00Z,2023-11-08T21:00:00Z
2023-11-09,2023-11-09T14:30:00Z,2023-11-09T21:00:00Z
2023-11-10,2023-11-10T14:30:00Z,2023-11-10T21:00:00Z
2023-11-13,2023-11-13T14:30:00Z,2023-11-13T21:00:00Z
2023-11-14,2023-11-14T14:30:00Z,2023-11-14T21:00:00Z
2023-11-15,2023-11-15T14:30:00Z,2023-11-15T21:00:00Z
2023-11-16,2023-11-16T14:30:00Z,2023-11-16T21:00:00Z
2023-11-17,2023-11-17T14:30:00Z,2023-11-17T21:00:00Z
2023-11-20,2023-11-20T14:30:00Z,2023-11-20T21:00:00Z
2023-11-21,2023-11-21T14:30:00Z,2023-11-21T21:00:00Z
2023-11-22,2023-11-22T14:30:00Z,2023-11-22T21:00:00Z
2023-11-24,2023-11-24T14:30:00Z,2023-11-24T18:00:00Z
2023-11-27,2023-11-27T14:30:00Z,2023-11-27T21:00:00Z
2023-11-28,2023-11-28T14:30:00Z,2023-11-28T21:00:00Z
2023-11-29,2023-11-29T14:30:00Z,2023-11-29T21:00:00Z
2023-11-30,2023-11-30T14:30:00Z,2023-11-30T21:00:00Z
2023-12-01,2023-12-01T14:30:00Z,2023-12-01T21:00:00Z
2023-12-04,2023-12-04T14:30:00Z,2023-12-04T21:00:00Z
2023-12-05,2023-12-05T14:30:00Z,2023-12-05T21:00:00Z
2023-12-06,2023-12-06T14:30:00Z,2023-12-06T21:00:00Z
2023-12-07,2023-12-07T14:30:00Z,2023-12-07T21:00:00Z
2023-12-08,2023-12-08T14:30:00Z,2023-12-08T21:00:00Z
2023-12-11,2023-12-11T14:30:00Z,2023-12-11T21:00:00Z
2023-12-12,2023-12-12T14:30:00Z,2023-12-12T21:00:00Z
2023-12-13,2023-12-13T14:30:00Z,2023-12-13T21:00:00Z
2023-12-14,2023-12-14T14:30:00Z,2023-12-14T21:00:00Z
2023-12-15,2023-12-15T14:30:00Z,2023-12-15T21:00:00Z
2023-12-18,2023-12-18T14:30:00Z,2023-12-18T21:00:00Z
2023-12-19,2023-12-19T14:30:00Z,2023-12-19T21:00:00Z
2023-12-20,2023-12-20T14:30:00Z,2023-12-20T21:00:00Z
2023-12-21,2023-12-21T14:30:00Z,2023-12-21T21:00:00Z
2023-12-22,2023-12-22T14:30:00Z,2023-12-22T21:00:00Z
2023-12-26,2023-12-26T14:30:00Z,2023-12-26T21:00:00Z
2023-12-27,2023-12-27T14:30:00Z,2023-12-27T21:00:00Z
2023-12-28,2023-12-28T14:30:00Z,2023-12-28T21:00:00Z
2023-12-29,2023-12-29T14:30:00Z,2023-12-29T21:00:00Z
2024-01-02,2024-01-02T14:30:00Z,2024-01-02T21:00:00Z
2024-01-03,2024-01-03T14:30:00Z,2024-01-03T21:00:00Z
2024-01-04,2024-01-04T14:30:00Z,2024-01-04T21:00:00Z
2024-01-05,2024-01-05T14:30:00Z,2024-01-05T21:00:00Z
2024-01-08,2024-01-08T14:30:00Z,2024-01-08T21:00:00Z
2024-01-09,2024-01-09T14:30:00Z,2024-01-09T21:00:00Z
2024-01-10,2024-01-10T14:30:00Z,2024-01-10T21:00:00Z
2024-01-11,2024-01-11T14:30:00Z,2024-01-11T21:00:00Z
2024-01-12,2024-01-12T14:30:00Z,2024-01-12T21:00:00Z
2024-01-16,2024-01-16T14:30:00Z,2024-01-16T21:00:00Z
2024-01-17,2024-01-17T14:30:00Z,2024-01-17T21:00:00Z
2024-01-18,2024-01-18T14:30:00Z,2024-01-18T21:00:00Z
2024-01-19,2024-01-19T14:30:00Z,2024-01-19T21:00:00Z
2024-01-22,2024-01-22T14:30:00Z,2024-01-22T21:00:00Z
2024-01-23,2024-01-23T14:30:00Z,2024-01-23T21:00:00Z
2024-01-24,2024-01-24T14:30:00Z,2024-01-24T21:00:00Z
2024-01-25,2024-01-25T14:30:00Z,2024-01-25T21:00:00Z
2024-01-26,2024-01-26T14:30:00Z,2024-01-26T21:00:00Z
2024-01-29,2024-01-29T14:30:00Z,2024-01-29T21:00:00Z
2024-01-30,2024-01-30T14:30:00Z,2024-01-30T21:00:00Z
2024-01-31,2024-01-31T14:30:00Z,2024-01-31T21:00:00Z
2024-02-01,2024-02-01T14:30:00Z,2024-02-01T21:00:00Z
2024-02-02,2024-02-02T14:30:00Z,2024-02-02T21:00:00Z
2024-02-05,2024-02-05T14:30:00Z,2024-02-05T21:00:00Z
2024-02-06,2024-02-06T14:30:00Z,2024-02-06T21:00:00Z
2024-02-07,2024-02-07T14:30:00Z,2024-02-07T21:00:00Z
2024-02-08,2024-02-08T14:30:00Z,2024-02-08T21:00:00Z
2024-02-09,2024-02-09T14:30:00Z,2024-02-09T21:00:00Z
2024-02-12,2024-02-12T14:30:00Z,2024-02-12T21:00:00Z
2024-02-13,2024-02-13T14:30:00Z,2024-02-13T21:00:00Z
2024-02-14,2024-02-14T14:30:00Z,2024-02-14T21:00:00Z
2024-02-15,2024-02-15T14:30:00Z,2024-02-15T21:00:00Z
2024-02-16,2024-02-16T14:30:00Z,2024-02-16T21:00:00Z
2024-02-20,2024-02-20T14:30:00Z,2024-02-20T21:00:00Z
2024-02-21,2024-02-21T14:30:00Z,2024-02-21T21:00:00Z
2024-02-22,2024-02-22T14:30:00Z,2024-02-22T21:00:00Z
2024-02-23,2024-02-23T14:30:00Z,2024-02-23T21:00:00Z
2024-02-26,2024-02-26T14:30:00Z,2024-02-26T21:00:00Z
2024-02-27,2024-02-27T14:30:00Z,2024-02-27T21:00:00Z
2024-02-28,2024-02-28T14:30:00Z,2024-02-28T21:00:00Z
2024-02-29,2024-02-29T14:30:00Z,2024-02-29T21:00:00Z
2024-03-01,2024-03-01T14:30:00Z,2024-03-01T21:00:00Z
2024-03-04,2024-03-04T14:30:00Z,2024-03-04T21:00:00Z
2024-03-05,2024-03-05T14:30:00Z,2024-03-05T21:00:00Z
2024-03-06,2024-03-06T14:30:00Z,2024-03-06T21:00:00Z
2024-03-07,2024-03-07T14:30:00Z,2024-03-07T21:00:00Z
2024-03-08,2024-03-08T14:30:00Z,2024-03-08T21:00:00Z
2024-03-11,2024-03-11T13:30:00Z,2024-03-11T20:00:00Z
2024-03-12,2024-03-12T13:30:00Z,2024-03-12T20:00:00Z
2024-03-13,2024-03-13T13:30:00Z,2024-03-13T20:00:00Z
2024-03-14,2024-03-14T13:30:00Z,2024-03-14T20:00:00Z
2024-03-15,2024-03-15T13:30:00Z,2024-03-15T20:00:00Z
2024-03-18,2024-03-18T13:30:00Z,2024-03-18T20:00:00Z
2024-03-19,2024-03-19T13:30:00Z,2024-03-19T20:00:00Z
2024-03-20,2024-03-20T13:30:00Z,2024-03-20T20:00:00Z
2024-03-21,2024-03-21T13:30:00Z,2024-03-21T20:00:00Z
2024-03-22,2024-03-22T13:30:00Z,2024-03-22T20:00:00Z
2024-03-25,2024-03-25T13:30:00Z,2024-03-25T20:00:00Z
2024-03-26,2024-03-26T13:30:00Z,2024-03-26T20:00:00Z
2024-03-27,2024-03-27T13:30:00Z,2024-03-27T20:00:00Z
2024-03-28,2024-03-28T13:30:00Z,2024-03-28T20:00:00Z
2024-04-01,2024-04-01T13:30:00Z,2024-04-01T20:00:00Z
2024-04-02,2024-04-02T13:30:00Z,2024-04-02T20:00:00Z
2024-04-03,2024-04-03T13:30:00Z,2024-04-03T20:00:00Z
2024-04-04,2024-04-04T13:30:00Z,2024-04-04T20:00:00Z
2024-04-05,2024-04-05T13:30:00Z,2024-04-05T20:00:00Z
2024-04-08,2024-04-08T13:30:00Z,2024-04-08T20:00:00Z
2024-04-09,2024-04-09T13:30:00Z,2024-04-09T20:00:00Z
2024-04-10,2024-04-10T13:30:00Z,2024-04-10T20:00:00Z
2024-04-11,2024-04-11T13:30:00Z,2024-04-11T20:00:00Z
2024-04-12,2024-04-12T13:30:00Z,2024-04-12T20:00:00Z
2024-04-15,2024-04-15T13:30:00Z,2024-04-15T20:00:00Z
2024-04-16,2024-04-16T13:30:00Z,2024-04-16T20:00:00Z
2024-04-17,2024-04-17T13:30:00Z,2024-04-17T20:00:00Z
2024-04-18,2024-04-18T13:30:00Z,2024-04-18T20:00:00Z
2024-04-19,2024-04-19T13:30:00Z,2024-04-19T20:00:00Z
2024-04-22,2024-04-22T13:30:00Z,2024-04-22T20:00:00Z
2024-04-23,2024-04-23T13:30:00Z,2024-04-23T20:00:00Z
2024-04-24,2024-04-24T13:30:00Z,2024-04-24T20:00:00Z
2024-04-25,2024-04-25T13:30:00Z,2024-04-25T20:00:00Z
2024-04-26,2024-04-26T13:30:00Z,2024-04-26T20:00:00Z
2024-04-29,2024-04-29T13:30:00Z,2024-04-29T20:00:00Z
2024-04-30,2024-04-30T13:30:00Z,2024-04-30T20:00:00Z
2024-05-01,2024-05-01T13:30:00Z,2024-05-01T20:00:00Z
2024-05-02,2024-05-02T13:30:00Z,2024-05-02T20:00:00Z
2024-05-03,2024-05-03T13:30:00Z,2024-05-03T20:00:00Z
2024-05-06,2024-05-06T13:30:00Z,2024-05-06T20:00:00Z
2024-05-07,2024-05-07T13:30:00Z,2024-05-07T20:00:00Z
2024-05-08,2024-05-08T13:30:00Z,2024-05-08T20:00:00Z
2024-05-09,2024-05-09T13:30:00Z,2024-05-09T20:00:00Z
2024-05-10,2024-05-10T13:30:00Z,2024-05-10T20:00:00Z
2024-05-13,2024-05-13T13:30:00Z,2024-05-13T20:00:00Z
2024-05-14,2024-05-14T13:30:00Z,2024-05-14T20:00:00Z
2024-05-15,2024-05-15T13:30:00Z,2024-05-15T20:00:00Z
2024-05-16,2024-05-16T13:30:00Z,2024-05-16T20:00:00Z
2024-05-17,2024-05-17T13:30:00Z,2024-05-17T20:00:00Z
2024-05-20,2024-05-20T13:30:00Z,2024-05-20T20:00:00Z
2024-05-21,2024-05-21T13:30:00Z,2024-05-21T20:00:00Z
2024-05-22,2024-05-22T13:30:00Z,2024-05-22T20:00:00Z
2024-05-23,2024-05-23T13:30:00Z,2024-05-23T20:00:00Z
2024-05-24,2024-05-24T13:30:00Z,2024-05-24T20:00:00Z
2024-05-28,2024-05-28T13:30:00Z,2024-05-28T20:00:00Z
2024-05-29,2024-05-29T13:30:00Z,2024-05-29T20:00:00Z
2024-05-30,2024-05-30T13:30:00Z,2024-05-30T20:00:00Z
2024-05-31,2024-05-31T13:30:00Z,2024-05-31T20:00:00Z
2024-06-03,2024-06-03T13:30:00Z,2024-06-03T20:00:00Z
2024-06-04,2024-06-04T13:30:00Z,2024-06-04T20:00:00Z
2024-06-05,2024-06-05T13:30:00Z,2024-06-05T20:00:00Z
2024-06-06,2024-06-06T13:30:00Z,2024-06-06T20:00:00Z
2024-06-07,2024-06-07T13:30:00Z,2024-06-07T20:00:00Z
2024-06-10,2024-06-10T13:30:00Z,2024-06-10T20:00:00Z
2024-06-11,2024-06-11T13:30:00Z,2024-06-11T20:00:00Z
2024-06-12,2024-06-12T13:30:00Z,2024-06-12T20:00:00Z
2024-06-13,2024-06-13T13:30:00Z,2024-06-13T20:00:00Z
2024-06-14,2024-06-14T13:30:00Z,2024-06-14T20:00:00Z
2024-06-17,2024-06-17T13:30:00Z,2024-06-17T20:00:00Z
2024-06-18,2024-06-18T13:30:00Z,2024-06-18T20:00:00Z
2024-06-20,2024-06-20T13:30:00Z,2024-06-20T20:00:00Z
2024-06-21,2024-06-21T13:30:00Z,2024-06-21T20:00:00Z
2024-06-24,2024-06-24T13:30:00Z,2024-06-24T20:00:00Z
2024-06-25,2024-06-25T13:30:00Z,2024-06-25T20:00:00Z
2024-06-26,2024-06-26T13:30:00Z,2024-06-26T20:00:00Z
2024-06-27,2024-06-27T13:30:00Z,2024-06-27T20:00:00Z
2024-06-28,2024-06-28T13:30:00Z,2024-06-28T20:00:00Z
2024-07-01,2024-07-01T13:30:00Z,2024-07-01T20:00:00Z
2024-07-02,2024-07-02T13:30:00Z,2024-07-02T20:00:00Z
2024-07-03,2024-07-03T13:30:00Z,2024-07-03T17:00:00Z
2024-07-05,2024-07-05T13:30:00Z,2024-07-05T20:00:00Z
2024-07-08,2024-07-08T13:30:00Z,2024-07-08T20:00:00Z
2024-07-09,2024-07-09T13:30:00Z,2024-07-09T20:00:00Z
2024-07-10,2024-07-10T13:30:00Z,2024-07-10T20:00:00Z
2024-07-11,2024-07-11T13:30:00Z,2024-07-11T20:00:00Z
2024-07-12,2024-07-12T13:30:00Z,2024-07-12T20:00:00Z
2024-07-15,2024-07-15T13:30:00Z,2024-07-15T20:00:00Z
2024-07-16,2024-07-16T13:30:00Z,2024-07-16T20:00:00Z
2024-07-17,2024-07-17T13:30:00Z,2024-07-17T20:00:00Z
2024-07-18,2024-07-18T13:30:00Z,2024-07-18T20:00:00Z
2024-07-19,2024-07-19T13:30:00Z,2024-07-19T20:00:00Z
2024-07-22,2024-07-22T13:30:00Z,2024-07-22T20:00:00Z
2024-07-23,2024-07-23T13:30:00Z,2024-07-23T20:00:00Z
2024-07-24,2024-07-24T13:30:00Z,2024-07-24T20:00:00Z
2024-07-25,2024-07-25T13:30:00Z,2024-07-25T20:00:00Z
2024-07-26,2024-07-26T13:30:00Z,2024-07-26T20:00:00Z
2024-07-29,2024-07-29T13:30:00Z,2024-07-29T20:00:00Z
2024-07-30,2024-07-30T13:30:00Z,2024-07-30T20:00:00Z
2024-07-31,2024-07-31T13:30:00Z,2024-07-31T20:00:00Z
2024-08-01,2024-08-01T13:30:00Z,2024-08-01T20:00:00Z
2024-08-02,2024-08-02T13:30:00Z,2024-08-02T20:00:00Z
2024-08-05,2024-08-05T13:30:00Z,2024-08-05T20:00:00Z
2024-08-06,2024-08-06T13:30:00Z,2024-08-06T20:00:00Z
2024-08-07,2024-08-07T13:30:00Z,2024-08-07T20:00:00Z
2024-08-08,2024-08-08T13:30:00Z,2024-08-08T20:00:00Z
2024-08-09,2024-08-09T13:30:00Z,2024-08-09T20:00:00Z
2024-08-12,2024-08-12T13:30:00Z,2024-08-12T20:00:00Z
2024-08-13,2024-08-13T13:30:00Z,2024-08-13T20:00:00Z
2024-08-14,2024-08-14T13:30:00Z,2024-08-14T20:00:00Z
2024-08-15,2024-08-15T13:30:00Z,2024-08-15T20:00:00Z
2024-08-16,2024-08-16T13:30:00Z,2024-08-16T20:00:00Z
2024-08-19,2024-08-19T13:30:00Z,2024-08-19T20:00:00Z
2024-08-20,2024-08-20T13:30:00Z,2024-08-20T20:00:00Z
2024-08-21,2024-08-21T13:30:00Z,2024-08-21T20:00:00Z
2024-08-22,2024-08-22T13:30:00Z,2024-08-22T20:00:00Z
2024-08-23,2024-08-23T13:30:00Z,2024-08-23T20:00:00Z
2024-08-26,2024-08-26T13:30:00Z,2024-08-26T20:00:00Z
2024-08-27,2024-08-27T13:30:00Z,2024-08-27T20:00:00Z
2024-08-28,2024-08-28T13:30:00Z,2024-08-28T20:00:00Z
2024-08-29,2024-08-29T13:30:00Z,2024-08-29T20:00:00Z
2024-08-30,2024-08-30T13:30:00Z,2024-08-30T20:00:00Z
2024-09-03,2024-09-03T13:30:00Z,2024-09-03T20:00:00Z
2024-09-04,2024-09-04T13:30:00Z,2024-09-04T20:00:00Z
2024-09-05,2024-09-05T13:30:00Z,2024-09-05T20:00:00Z
2024-09-06,2024-09-06T13:30:00Z,2024-09-06T20:00:00Z
2024-09-09,2024-09-09T13:30:00Z,2024-09-09T20:00:00Z
2024-09-10,2024-09-10T13:30:00Z,2024-09-10T20:00:00Z
2024-09-11,2024-09-11T13:30:00Z,2024-09-11T20:00:00Z
2024-09-12,2024-09-12T13:30:00Z,2024-09-12T20:00:00Z
2024-09-13,2024-09-13T13:30:00Z,2024-09-13T20:00:00Z
2024-09-16,2024-09-16T13:30:00Z,2024-09-16T20:00:00Z
2024-09-17,2024-09-17T13:30:00Z,2024-09-17T20:00:00Z
2024-09-18,2024-09-18T13:30:00Z,2024-09-18T20:00:00Z
2024-09-19,2024-09-19T13:30:00Z,2024-09-19T20:00:00Z
2024-09-20,2024-09-20T13:30:00Z,2024-09-20T20:00:00Z
2024-09-23,2024-09-23T13:30:00Z,2024-09-23T20:00:00Z
2024-09-24,2024-09-24T13:30:00Z,2024-09-24T20:00:00Z
2024-09-25,2024-09-25T13:30:00Z,2024-09-25T20:00:00Z
2024-09-26,2024-09-26T13:30:00Z,2024-09-26T20:00:00Z
2024-09-27,2024-09-27T13:30:00Z,2024-09-27T20:00:00Z
2024-09-30,2024-09-30T13:30:00Z,2024-09-30T20:00:00Z
2024-10-01,2024-10-01T13:30:00Z,2024-10-01T20:00:00Z
2024-10-02,2024-10-02T13:30:00Z,2024-10-02T20:00:00Z
2024-10-03,2024-10-03T13:30:00Z,2024-10-03T20:00:00Z
2024-10-04,2024-10-04T13:30:00Z,2024-10-04T20:00:00Z
2024-10-07,2024-10-07T13:30:00Z,2024-10-07T20:00:00Z
2024-10-08,2024-10-08T13:30:00Z,2024-10-08T20:00:00Z
2024-10-09,2024-10-09T13:30:00Z,2024-10-09T20:00:00Z
2024-10-10,2024-10-10T13:30:00Z,2024-10-10T20:00:00Z
2024-10-11,2024-10-11T13:30:00Z,2024-10-11T20:00:00Z
2024-10-14,2024-10-14T13:30:00Z,2024-10-14T20:00:00Z
2024-10-15,2024-10-15T13:30:00Z,2024-10-15T20:00:00Z
2024-10-16,2024-10-16T13:30:00Z,2024-10-16T20:00:00Z
2024-10-17,2024-10-17T13:30:00Z,2024-10-17T20:00:00Z
2024-10-18,2024-10-18T13:30:00Z,2024-10-18T20:00:00Z
2024-10-21,2024-10-21T13:30:00Z,2024-10-21T20:00:00Z
2024-10-22,2024-10-22T13:30:00Z,2024-10-22T20:00:00Z
2024-10-23,2024-10-23T13:30:00Z,2024-10-23T20:00:00Z
2024-10-24,2024-10-24T13:30:00Z,2024-10-24T20:00:00Z
2024-10-25,2024-10-25T13:30:00Z,2024-10-25T20:00:00Z
2024-10-28,2024-10-28T13:30:00Z,2024-10-28T20:00:00Z
2024-10-29,2024-10-29T13:30:00Z,2024-10-29T20:00:00Z
2024-10-30,2024-10-30T13:30:00Z,2024-10-30T20:00:00Z
2024-10-31,2024-10-31T13:30:00Z,2024-10-31T20:00:00Z
2024-11-01,2024-11-01T13:30:00Z,2024-11-01T20:00:00Z
2024-11-04,2024-11-04T14:30:00Z,2024-11-04T21:00:00Z
2024-11-05,2024-11-05T14:30:00Z,2024-11-05T21:00:00Z
2024-11-06,2024-11-06T14:30:00Z,2024-11-06T21:00:00Z
2024-11-07,2024-11-07T14:30:00Z,2024-11-07T21:00:00Z
2024-11-08,2024-11-08T14:30:00Z,2024-11-08T21:00:00Z
2024-11-11,2024-11-11T14:30:00Z,2024-11-11T21:00:00Z
2024-11-12,2024-11-12T14:30:00Z,2024-11-12T21:00:00Z
2024-11-13,2024-11-13T14:30:00Z,2024-11-13T21:00:00Z
2024-11-14,2024-11-14T14:30:00Z,2024-11-14T21:00:00Z
2024-11-15,2024-11-15T14:30:00Z,2024-11-15T21:00:00Z
2024-11-18,2024-11-18T14:30:00Z,2024-11-18T21:00:00Z
2024-11-19,2024-11-19T14:30:00Z,2024-11-19T21:00:00Z
2024-11-20,2024-11-20T14:30:00Z,2024-11-20T21:00:00Z
2024-11-21,2024-11-21T14:30:00Z,2024-11-21T21:00:00Z
2024-11-22,2024-11-22T14:30:00Z,2024-11-22T21:00:00Z
2024-11-25,2024-11-25T14:30:00Z,2024-11-25T21:00:00Z
2024-11-26,2024-11-26T14:30:00Z,2024-11-26T21:00:00Z
2024-11-27,2024-11-27T14:30:00Z,2024-11-27T21:00:00Z
2024-11-29,2024-11-29T14:30:00Z,2024-11-29T18:00:00Z
2024-12-02,2024-12-02T14:30:00Z,2024-12-02T21:00:00Z
2024-12-03,2024-12-03T14:30:00Z,2024-12-03T21:00:00Z
2024-12-04,2024-12-04T14:30:00Z,2024-12-04T21:00:00Z
2024-12-05,2024-12-05T14:30:00Z,2024-12-05T21:00:00Z
2024-12-06,2024-12-06T14:30:00Z,2024-12-06T21:00:00Z
2024-12-09,2024-12-09T14:30:00Z,2024-12-09T21:00:00Z
2024-12-10,2024-12-10T14:30:00Z,2024-12-10T21:00:00Z
2024-12-11,2024-12-11T14:30:00Z,2024-12-11T21:00:00Z
2024-12-12,2024-12-12T14:30:00Z,2024-12-12T21:00:00Z
2024-12-13,2024-12-13T14:30:00Z,2024-12-13T21:00:00Z
2024-12-16,2024-12-16T14:30:00Z,2024-12-16T21:00:00Z
2024-12-17,2024-12-17T14:30:00Z,2024-12-17T21:00:00Z
2024-12-18,2024-12-18T14:30:00Z,2024-12-18T21:00:00Z
2024-12-19,2024-12-19T14:30:00Z,2024-12-19T21:00:00Z
2024-12-20,2024-12-20T14:30:00Z,2024-12-20T21:00:00Z
2024-12-23,2024-12-23T14:30:00Z,2024-12-23T21:00:00Z
2024-12-24,2024-12-24T14:30:00Z,2024-12-24T18:00:00Z
2024-12-26,2024-12-26T14:30:00Z,2024-12-26T21:00:00Z
2024-12-27,2024-12-27T14:30:00Z,2024-12-27T21:00:00Z
2024-12-30,2024-12-30T14:30:00Z,2024-12-30T21:00:00Z
2024-12-31,2024-12-31T14:30:00Z,2024-12-31T21:00:00Z
2025-01-02,2025-01-02T14:30:00Z,2025-01-02T21:00:00Z
2025-01-03,2025-01-03T14:30:00Z,2025-01-03T21:00:00Z
2025-01-06,2025-01-06T14:30:00Z,2025-01-06T21:00:00Z
2025-01-07,2025-01-07T14:30:00Z,2025-01-07T21:00:00Z
2025-01-08,2025-01-08T14:30:00Z,2025-01-08T21:00:00Z
2025-01-10,2025-01-10T14:30:00Z,2025-01-10T21:00:00Z
2025-01-13,2025-01-13T14:30:00Z,2025-01-13T21:00:00Z
2025-01-14,2025-01-14T14:30:00Z,2025-01-14T21:00:00Z
2025-01-15,2025-01-15T14:30:00Z,2025-01-15T21:00:00Z
2025-01-16,2025-01-16T14:30:00Z,2025-01-16T21:00:00Z
2025-01-17,2025-01-17T14:30:00Z,2025-01-17T21:00:00Z
2025-01-21,2025-01-21T14:30:00Z,2025-01-21T21:00:00Z
2025-01-22,2025-01-22T14:30:00Z,2025-01-22T21:00:00Z
2025-01-23,2025-01-23T14:30:00Z,2025-01-23T21:00:00Z
2025-01-24,2025-01-24T14:30:00Z,2025-01-24T21:00:00Z
2025-01-27,2025-01-27T14:30:00Z,2025-01-27T21:00:00Z
2025-01-28,2025-01-28T14:30:00Z,2025-01-28T21:00:00Z
2025-01-29,2025-01-29T14:30:00Z,2025-01-29T21:00:00Z
2025-01-30,2025-01-30T14:30:00Z,2025-01-30T21:00:00Z
2025-01-31,2025-01-31T14:30:00Z,2025-01-31T21:00:00Z
2025-02-03,2025-02-03T14:30:00Z,2025-02-03T21:00:00Z
2025-02-04,2025-02-04T14:30:00Z,2025-02-04T21:00:00Z
2025-02-05,2025-02-05T14:30:00Z,2025-02-05T21:00:00Z
2025-02-06,2025-02-06T14:30:00Z,2025-02-06T21:00:00Z
2025-02-07,2025-02-07T14:30:00Z,2025-02-07T21:00:00Z
2025-02-10,2025-02-10T14:30:00Z,2025-02-10T21:00:00Z
2025-02-11,2025-02-11T14:30:00Z,2025-02-11T21:00:00Z
2025-02-12,2025-02-12T14:30:00Z,2025-02-12T21:00:00Z
2025-02-13,2025-02-13T14:30:00Z,2025-02-13T21:00:00Z
2025-02-14,2025-02-14T14:30:00Z,2025-02-14T21:00:00Z
2025-02-18,2025-02-18T14:30:00Z,2025-02-18T21:00:00Z
2025-02-19,2025-02-19T14:30:00Z,2025-02-19T21:00:00Z
2025-02-20,2025-02-20T14:30:00Z,2025-02-20T21:00:00Z
2025-02-21,2025-02-21T14:30:00Z,2025-02-21T21:00:00Z
2025-02-24,2025-02-24T14:30:00Z,2025-02-24T21:00:00Z
2025-02-25,2025-02-25T14:30:00Z,2025-02-25T21:00:00Z
2025-02-26,2025-02-26T14:30:00Z,2025-02-26T21:00:00Z
2025-02-27,2025-02-27T14:30:00Z,2025-02-27T21:00:00Z
2025-02-28,2025-02-28T14:30:00Z,2025-02-28T21:00:00Z
2025-03-03,2025-03-03T14:30:00Z,2025-03-03T21:00:00Z
2025-03-04,2025-03-04T14:30:00Z,2025-03-04T21:00:00Z
2025-03-05,2025-03-05T14:30:00Z,2025-03-05T21:00:00Z
2025-03-06,2025-03-06T14:30:00Z,2025-03-06T21:00:00Z
2025-03-07,2025-03-07T14:30:00Z,2025-03-07T21:00:00Z
2025-03-10,2025-03-10T13:30:00Z,2025-03-10T20:00:00Z
2025-03-11,2025-03-11T13:30:00Z,2025-03-11T20:00:00Z
2025-03-12,2025-03-12T13:30:00Z,2025-03-12T20:00:00Z
2025-03-13,2025-03-13T13:30:00Z,2025-03-13T20:00:00Z
2025-03-14,2025-03-14T13:30:00Z,2025-03-14T20:00:00Z
2025-03-17,2025-03-17T13:30:00Z,2025-03-17T20:00:00Z
2025-03-18,2025-03-18T13:30:00Z,2025-03-18T20:00:00Z
2025-03-19,2025-03-19T13:30:00Z,2025-03-19T20:00:00Z
2025-03-20,2025-03-20T13:30:00Z,2025-03-20T20:00:00Z
2025-03-21,2025-03-21T13:30:00Z,2025-03-21T20:00:00Z
2025-03-24,2025-03-24T13:30:00Z,2025-03-24T20:00:00Z
2025-03-25,2025-03-25T13:30:00Z,2025-03-25T20:00:00Z
2025-03-26,2025-03-26T13:30:00Z,2025-03-26T20:00:00Z
2025-03-27,2025-03-27T13:30:00Z,2025-03-27T20:00:00Z
2025-03-28,2025-03-28T13:30:00Z,2025-03-28T20:00:00Z
2025-03-31,2025-03-31T13:30:00Z,2025-03-31T20:00:00Z
2025-04-01,2025-04-01T13:30:00Z,2025-04-01T20:00:00Z
2025-04-02,2025-04-02T13:30:00Z,2025-04-02T20:00:00Z
2025-04-03,2025-04-03T13:30:00Z,2025-04-03T20:00:00Z
2025-04-04,2025-04-04T13:30:00Z,2025-04-04T20:00:00Z
2025-04-07,2025-04-07T13:30:00Z,2025-04-07T20:00:00Z
2025-04-08,2025-04-08T13:30:00Z,2025-04-08T20:00:00Z
2025-04-09,2025-04-09T13:30:00Z,2025-04-09T20:00:00Z
2025-04-10,2025-04-10T13:30:00Z,2025-04-10T20:00:00Z
2025-04-11,2025-04-11T13:30:00Z,2025-04-11T20:00:00Z
2025-04-14,2025-04-14T13:30:00Z,2025-04-14T20:00:00Z
2025-04-15,2025-04-15T13:30:00Z,2025-04-15T20:00:00Z
2025-04-16,2025-04-16T13:30:00Z,2025-04-16T20:00:00Z
2025-04-17,2025-04-17T13:30:00Z,2025-04-17T20:00:00Z
2025-04-21,2025-04-21T13:30:00Z,2025-04-21T20:00:00Z
2025-04-22,2025-04-22T13:30:00Z,2025-04-22T20:00:00Z
2025-04-23,2025-04-23T13:30:00Z,2025-04-23T20:00:00Z
2025-04-24,2025-04-24T13:30:00Z,2025-04-24T20:00:00Z
2025-04-25,2025-04-25T13:30:00Z,2025-04-25T20:00:00Z
2025-04-28,2025-04-28T13:30:00Z,2025-04-28T20:00:00Z
2025-04-29,2025-04-29T13:30:00Z,2025-04-29T20:00:00Z
2025-04-30,2025-04-30T13:30:00Z,2025-04-30T20:00:00Z
2025-05-01,2025-05-01T13:30:00Z,2025-05-01T20:00:00Z
2025-05-02,2025-05-02T13:30:00Z,2025-05-02T20:00:00Z
2025-05-05,2025-05-05T13:30:00Z,2025-05-05T20:00:00Z
2025-05-06,2025-05-06T13:30:00Z,2025-05-06T20:00:00Z
2025-05-07,2025-05-07T13:30:00Z,2025-05-07T20:00:00Z
2025-05-08,2025-05-08T13:30:00Z,2025-05-08T20:00:00Z
2025-05-09,2025-05-09T13:30:00Z,2025-05-09T20:00:00Z
2025-05-12,2025-05-12T13:30:00Z,2025-05-12T20:00:00Z
2025-05-13,2025-05-13T13:30:00Z,2025-05-13T20:00:00Z
2025-05-14,2025-05-14T13:30:00Z,2025-05-14T20:00:00Z
2025-05-15,2025-05-15T13:30:00Z,2025-05-15T20:00:00Z
2025-05-16,2025-05-16T13:30:00Z,2025-05-16T20:00:00Z
2025-05-19,2025-05-19T13:30:00Z,2025-05-19T20:00:00Z
2025-05-20,2025-05-20T13:30:00Z,2025-05-20T20:00:00Z
2025-05-21,2025-05-21T13:30:00Z,2025-05-21T20:00:00Z
2025-05-22,2025-05-22T13:30:00Z,2025-05-22T20:00:00Z
2025-05-23,2025-05-23T13:30:00Z,2025-05-23T20:00:00Z
2025-05-27,2025-05-27T13:30:00Z,2025-05-27T20:00:00Z
2025-05-28,2025-05-28T13:30:00Z,2025-05-28T20:00:00Z
2025-05-29,2025-05-29T13:30:00Z,2025-05-29T20:00:00Z
2025-05-30,2025-05-30T13:30:00Z,2025-05-30T20:00:00Z
2025-06-02,2025-06-02T13:30:00Z,2025-06-02T20:00:00Z
2025-06-03,2025-06-03T13:30:00Z,2025-06-03T20:00:00Z
2025-06-04,2025-06-04T13:30:00Z,2025-06-04T20:00:00Z
2025-06-05,2025-06-05T13:30:00Z,2025-06-05T20:00:00Z
2025-06-06,2025-06-06T13:30:00Z,2025-06-06T20:00:00Z
2025-06-09,2025-06-09T13:30:00Z,2025-06-09T20:00:00Z
2025-06-10,2025-06-10T13:30:00Z,2025-06-10T20:00:00Z
2025-06-11,2025-06-11T13:30:00Z,2025-06-11T20:00:00Z
2025-06-12,2025-06-12T13:30:00Z,2025-06-12T20:00:00Z
2025-06-13,2025-06-13T13:30:00Z,2025-06-13T20:00:00Z
2025-06-16,2025-06-16T13:30:00Z,2025-06-16T20:00:00Z
2025-06-17,2025-06-17T13:30:00Z,2025-06-17T20:00:00Z
2025-06-18,2025-06-18T13:30:00Z,2025-06-18T20:00:00Z
2025-06-20,2025-06-20T13:30:00Z,2025-06-20T20:00:00Z
2025-06-23,2025-06-23T13:30:00Z,2025-06-23T20:00:00Z
2025-06-24,2025-06-24T13:30:00Z,2025-06-24T20:00:00Z
2025-06-25,2025-06-25T13:30:00Z,2025-06-25T20:00:00Z
2025-06-26,2025-06-26T13:30:00Z,2025-06-26T20:00:00Z
2025-06-27,2025-06-27T13:30:00Z,2025-06-27T20:00:00Z
2025-06-30,2025-06-30T13:30:00Z,2025-06-30T20:00:00Z
2025-07-01,2025-07-01T13:30:00Z,2025-07-01T20:00:00Z
2025-07-02,2025-07-02T13:30:00Z,2025-07-02T20:00:00Z
2025-07-03,2025-07-03T13:30:00Z,2025-07-03T17:00:00Z
2025-07-07,2025-07-07T13:30:00Z,2025-07-07T20:00:00Z
2025-07-08,2025-07-08T13:30:00Z,2025-07-08T20:00:00Z
2025-07-09,2025-07-09T13:30:00Z,2025-07-09T20:00:00Z
2025-07-10,2025-07-10T13:30:00Z,2025-07-10T20:00:00Z
2025-07-11,2025-07-11T13:30:00Z,2025-07-11T20:00:00Z
2025-07-14,2025-07-14T13:30:00Z,2025-07-14T20:00:00Z
2025-07-15,2025-07-15T13:30:00Z,2025-07-15T20:00:00Z
2025-07-16,2025-07-16T13:30:00Z,2025-07-16T20:00:00Z
2025-07-17,2025-07-17T13:30:00Z,2025-07-17T20:00:00Z
2025-07-18,2025-07-18T13:30:00Z,2025-07-18T20:00:00Z
2025-07-21,2025-07-21T13:30:00Z,2025-07-21T20:00:00Z
2025-07-22,2025-07-22T13:30:00Z,2025-07-22T20:00:00Z
2025-07-23,2025-07-23T13:30:00Z,2025-07-23T20:00:00Z
2025-07-24,2025-07-24T13:30:00Z,2025-07-24T20:00:00Z
2025-07-25,2025-07-25T13:30:00Z,2025-07-25T20:00:00Z
2025-07-28,2025-07-28T13:30:00Z,2025-07-28T20:00:00Z
2025-07-29,2025-07-29T13:30:00Z,2025-07-29T20:00:00Z
2025-07-30,2025-07-30T13:30:00Z,2025-07-30T20:00:00Z
2025-07-31,2025-07-31T13:30:00Z,2025-07-31T20:00:00Z
2025-08-01,2025-08-01T13:30:00Z,2025-08-01T20:00:00Z
2025-08-04,2025-08-04T13:30:00Z,2025-08-04T20:00:00Z
2025-08-05,2025-08-05T13:30:00Z,2025-08-05T20:00:00Z
2025-08-06,2025-08-06T13:30:00Z,2025-08-06T20:00:00Z
2025-08-07,2025-08-07T13:30:00Z,2025-08-07T20:00:00Z
2025-08-08,2025-08-08T13:30:00Z,2025-08-08T20:00:00Z
2025-08-11,2025-08-11T13:30:00Z,2025-08-11T20:00:00Z
2025-08-12,2025-08-12T13:30:00Z,2025-08-12T20:00:00Z
2025-08-13,2025-08-13T13:30:00Z,2025-08-13T20:00:00Z
2025-08-14,2025-08-14T13:30:00Z,2025-08-14T20:00:00Z
2025-08-15,2025-08-15T13:30:00Z,2025-08-15T20:00:00Z
2025-08-18,2025-08-18T13:30:00Z,2025-08-18T20:00:00Z
2025-08-19,2025-08-19T13:30:00Z,2025-08-19T20:00:00Z
2025-08-20,2025-08-20T13:30:00Z,2025-08-20T20:00:00Z
2025-08-21,2025-08-21T13:30:00Z,2025-08-21T20:00:00Z
2025-08-22,2025-08-22T13:30:00Z,2025-08-22T20:00:00Z
2025-08-25,2025-08-25T13:30:00Z,2025-08-25T20:00:00Z
2025-08-26,2025-08-26T13:30:00Z,2025-08-26T20:00:00Z
2025-08-27,2025-08-27T13:30:00Z,2025-08-27T20:00:00Z
2025-08-28,2025-08-28T13:30:00Z,2025-08-28T20:00:00Z
2025-08-29,2025-08-29T13:30:00Z,2025-08-29T20:00:00Z
2025-09-02,2025-09-02T13:30:00Z,2025-09-02T20:00:00Z
2025-09-03,2025-09-03T13:30:00Z,2025-09-03T20:00:00Z
2025-09-04,2025-09-04T13:30:00Z,2025-09-04T20:00:00Z
2025-09-05,2025-09-05T13:30:00Z,2025-09-05T20:00:00Z
2025-09-08,2025-09-08T13:30:00Z,2025-09-08T20:00:00Z
2025-09-09,2025-09-09T13:30:00Z,2025-09-09T20:00:00Z
2025-09-10,2025-09-10T13:30:00Z,2025-09-10T20:00:00Z
2025-09-11,2025-09-11T13:30:00Z,2025-09-11T20:00:00Z
2025-09-12,2025-09-12T13:30:00Z,2025-09-12T20:00:00Z
2025-09-15,2025-09-15T13:30:00Z,2025-09-15T20:00:00Z
2025-09-16,2025-09-16T13:30:00Z,2025-09-16T20:00:00Z
2025-09-17,2025-09-17T13:30:00Z,2025-09-17T20:00:00Z
2025-09-18,2025-09-18T13:30:00Z,2025-09-18T20:00:00Z
2025-09-19,2025-09-19T13:30:00Z,2025-09-19T20:00:00Z
2025-09-22,2025-09-22T13:30:00Z,2025-09-22T20:00:00Z
2025-09-23,2025-09-23T13:30:00Z,2025-09-23T20:00:00Z
2025-09-24,2025-09-24T13:30:00Z,2025-09-24T20:00:00Z
2025-09-25,2025-09-25T13:30:00Z,2025-09-25T20:00:00Z
2025-09-26,2025-09-26T13:30:00Z,2025-09-26T20:00:00Z
2025-09-29,2025-09-29T13:30:00Z,2025-09-29T20:00:00Z
2025-09-30,2025-09-30T13:30:00Z,2025-09-30T20:00:00Z
2025-10-01,2025-10-01T13:30:00Z,2025-10-01T20:00:00Z
2025-10-02,2025-10-02T13:30:00Z,2025-10-02T20:00:00Z
2025-10-03,2025-10-03T13:30:00Z,2025-10-03T20:00:00Z
2025-10-06,2025-10-06T13:30:00Z,2025-10-06T20:00:00Z
2025-10-07,2025-10-07T13:30:00Z,2025-10-07T20:00:00Z
2025-10-08,2025-10-08T13:30:00Z,2025-10-08T20:00:00Z
2025-10-09,2025-10-09T13:30:00Z,2025-10-09T20:00:00Z
2025-10-10,2025-10-10T13:30:00Z,2025-10-10T20:00:00Z
2025-10-13,2025-10-13T13:30:00Z,2025-10-13T20:00:00Z
2025-10-14,2025-10-14T13:30:00Z,2025-10-14T20:00:00Z
2025-10-15,2025-10-15T13:30:00Z,2025-10-15T20:00:00Z
2025-10-16,2025-10-16T13:30:00Z,2025-10-16T20:00:00Z
2025-10-17,2025-10-17T13:30:00Z,2025-10-17T20:00:00Z
2025-10-20,2025-10-20T13:30:00Z,2025-10-20T20:00:00Z
2025-10-21,2025-10-21T13:30:00Z,2025-10-21T20:00:00Z
2025-10-22,2025-10-22T13:30:00Z,2025-10-22T20:00:00Z
2025-10-23,2025-10-23T13:30:00Z,2025-10-23T20:00:00Z
2025-10-24,2025-10-24T13:30:00Z,2025-10-24T20:00:00Z
2025-10-27,2025-10-27T13:30:00Z,2025-10-27T20:00:00Z
2025-10-28,2025-10-28T13:30:00Z,2025-10-28T20:00:00Z
2025-10-29,2025-10-29T13:30:00Z,2025-10-29T20:00:00Z
2025-10-30,2025-10-30T13:30:00Z,2025-10-30T20:00:00Z
2025-10-31,2025-10-31T13:30:00Z,2025-10-31T20:00:00Z
2025-11-03,2025-11-03T14:30:00Z,2025-11-03T21:00:00Z
2025-11-04,2025-11-04T14:30:00Z,2025-11-04T21:00:00Z
2025-11-05,2025-11-05T14:30:00Z,2025-11-05T21:00:00Z
2025-11-06,2025-11-06T14:30:00Z,2025-11-06T21:00:00Z
2025-11-07,2025-11-07T14:30:00Z,2025-11-07T21:00:00Z
2025-11-10,2025-11-10T14:30:00Z,2025-11-10T21:00:00Z
2025-11-11,2025-11-11T14:30:00Z,2025-11-11T21:00:00Z
2025-11-12,2025-11-12T14:30:00Z,2025-11-12T21:00:00Z
2025-11-13,2025-11-13T14:30:00Z,2025-11-13T21:00:00Z
2025-11-14,2025-11-14T14:30:00Z,2025-11-14T21:00:00Z
2025-11-17,2025-11-17T14:30:00Z,2025-11-17T21:00:00Z
2025-11-18,2025-11-18T14:30:00Z,2025-11-18T21:00:00Z
2025-11-19,2025-11-19T14:30:00Z,2025-11-19T21:00:00Z
2025-11-20,2025-11-20T14:30:00Z,2025-11-20T21:00:00Z
2025-11-21,2025-11-21T14:30:00Z,2025-11-21T21:00:00Z
2025-11-24,2025-11-24T14:30:00Z,2025-11-24T21:00:00Z
2025-11-25,2025-11-25T14:30:00Z,2025-11-25T21:00:00Z
2025-11-26,2025-11-26T14:30:00Z,2025-11-26T21:00:00Z
2025-11-28,2025-11-28T14:30:00Z,2025-11-28T18:00:00Z
2025-12-01,2025-12-01T14:30:00Z,2025-12-01T21:00:00Z
2025-12-02,2025-12-02T14:30:00Z,2025-12-02T21:00:00Z
2025-12-03,2025-12-03T14:30:00Z,2025-12-03T21:00:00Z
2025-12-04,2025-12-04T14:30:00Z,2025-12-04T21:00:00Z
2025-12-05,2025-12-05T14:30:00Z,2025-12-05T21:00:00Z
2025-12-08,2025-12-08T14:30:00Z,2025-12-08T21:00:00Z
2025-12-09,2025-12-09T14:30:00Z,2025-12-09T21:00:00Z
2025-12-10,2025-12-10T14:30:00Z,2025-12-10T21:00:00Z
2025-12-11,2025-12-11T14:30:00Z,2025-12-11T21:00:00Z
2025-12-12,2025-12-12T14:30:00Z,2025-12-12T21:00:00Z
2025-12-15,2025-12-15T14:30:00Z,2025-12-15T21:00:00Z
2025-12-16,2025-12-16T14:30:00Z,2025-12-16T21:00:00Z
2025-12-17,2025-12-17T14:30:00Z,2025-12-17T21:00:00Z
2025-12-18,2025-12-18T14:30:00Z,2025-12-18T21:00:00Z
2025-12-19,2025-12-19T14:30:00Z,2025-12-19T21:00:00Z
2025-12-22,2025-12-22T14:30:00Z,2025-12-22T21:00:00Z
2025-12-23,2025-12-23T14:30:00Z,2025-12-23T21:00:00Z
2025-12-24,2025-12-24T14:30:00Z,2025-12-24T18:00:00Z
2025-12-26,2025-12-26T14:30:00Z,2025-12-26T21:00:00Z
2025-12-29,2025-12-29T14:30:00Z,2025-12-29T21:00:00Z
2025-12-30,2025-12-30T14:30:00Z,2025-12-30T21:00:00Z
2025-12-31,2025-12-31T14:30:00Z,2025-12-31T21:00:00Z
2026-01-02,2026-01-02T14:30:00Z,2026-01-02T21:00:00Z
2026-01-05,2026-01-05T14:30:00Z,2026-01-05T21:00:00Z
2026-01-06,2026-01-06T14:30:00Z,2026-01-06T21:00:00Z
2026-01-07,2026-01-07T14:30:00Z,2026-01-07T21:00:00Z
2026-01-08,2026-01-08T14:30:00Z,2026-01-08T21:00:00Z
2026-01-09,2026-01-09T14:30:00Z,2026-01-09T21:00:00Z
2026-01-12,2026-01-12T14:30:00Z,2026-01-12T21:00:00Z
2026-01-13,2026-01-13T14:30:00Z,2026-01-13T21:00:00Z
2026-01-14,2026-01-14T14:30:00Z,2026-01-14T21:00:00Z
2026-01-15,2026-01-15T14:30:00Z,2026-01-15T21:00:00Z
2026-01-16,2026-01-16T14:30:00Z,2026-01-16T21:00:00Z
2026-01-20,2026-01-20T14:30:00Z,2026-01-20T21:00:00Z
2026-01-21,2026-01-21T14:30:00Z,2026-01-21T21:00:00Z
2026-01-22,2026-01-22T14:30:00Z,2026-01-22T21:00:00Z
2026-01-23,2026-01-23T14:30:00Z,2026-01-23T21:00:00Z
2026-01-26,2026-01-26T14:30:00Z,2026-01-26T21:00:00Z
2026-01-27,2026-01-27T14:30:00Z,2026-01-27T21:00:00Z
2026-01-28,2026-01-28T14:30:00Z,2026-01-28T21:00:00Z
2026-01-29,2026-01-29T14:30:00Z,2026-01-29T21:00:00Z
2026-01-30,2026-01-30T14:30:00Z,2026-01-30T21:00:00Z
2026-02-02,2026-02-02T14:30:00Z,2026-02-02T21:00:00Z
2026-02-03,2026-02-03T14:30:00Z,2026-02-03T21:00:00Z
2026-02-04,2026-02-04T14:30:00Z,2026-02-04T21:00:00Z
2026-02-05,2026-02-05T14:30:00Z,2026-02-05T21:00:00Z
2026-02-06,2026-02-06T14:30:00Z,2026-02-06T21:00:00Z
2026-02-09,2026-02-09T14:30:00Z,2026-02-09T21:00:00Z
2026-02-10,2026-02-10T14:30:00Z,2026-02-10T21:00:00Z
2026-02-11,2026-02-11T14:30:00Z,2026-02-11T21:00:00Z
2026-02-12,2026-02-12T14:30:00Z,2026-02-12T21:00:00Z
2026-02-13,2026-02-13T14:30:00Z,2026-02-13T21:00:00Z
2026-02-17,2026-02-17T14:30:00Z,2026-02-17T21:00:00Z
2026-02-18,2026-02-18T14:30:00Z,2026-02-18T21:00:00Z
2026-02-19,2026-02-19T14:30:00Z,2026-02-19T21:00:00Z
2026-02-20,2026-02-20T14:30:00Z,2026-02-20T21:00:00Z
2026-02-23,2026-02-23T14:30:00Z,2026-02-23T21:00:00Z
2026-02-24,2026-02-24T14:30:00Z,2026-02-24T21:00:00Z
2026-02-25,2026-02-25T14:30:00Z,2026-02-25T21:00:00Z
2026-02-26,2026-02-26T14:30:00Z,2026-02-26T21:00:00Z
2026-02-27,2026-02-27T14:30:00Z,2026-02-27T21:00:00Z
2026-03-02,2026-03-02T14:30:00Z,2026-03-02T21:00:00Z
2026-03-03,2026-03-03T14:30:00Z,2026-03-03T21:00:00Z
2026-03-04,2026-03-04T14:30:00Z,2026-03-04T21:00:00Z
2026-03-05,2026-03-05T14:30:00Z,2026-03-05T21:00:00Z
2026-03-06,2026-03-06T14:30:00Z,2026-03-06T21:00:00Z
2026-03-09,2026-03-09T13:30:00Z,2026-03-09T20:00:00Z
2026-03-10,2026-03-10T13:30:00Z,2026-03-10T20:00:00Z
2026-03-11,2026-03-11T13:30:00Z,2026-03-11T20:00:00Z
2026-03-12,2026-03-12T13:30:00Z,2026-03-12T20:00:00Z
2026-03-13,2026-03-13T13:30:00Z,2026-03-13T20:00:00Z
2026-03-16,2026-03-16T13:30:00Z,2026-03-16T20:00:00Z
2026-03-17,2026-03-17T13:30:00Z,2026-03-17T20:00:00Z
2026-03-18,2026-03-18T13:30:00Z,2026-03-18T20:00:00Z
2026-03-19,2026-03-19T13:30:00Z,2026-03-19T20:00:00Z
2026-03-20,2026-03-20T13:30:00Z,2026-03-20T20:00:00Z
2026-03-23,2026-03-23T13:30:00Z,2026-03-23T20:00:00Z
2026-03-24,2026-03-24T13:30:00Z,2026-03-24T20:00:00Z
2026-03-25,2026-03-25T13:30:00Z,2026-03-25T20:00:00Z
2026-03-26,2026-03-26T13:30:00Z,2026-03-26T20:00:00Z
2026-03-27,2026-03-27T13:30:00Z,2026-03-27T20:00:00Z
2026-03-30,2026-03-30T13:30:00Z,2026-03-30T20:00:00Z
2026-03-31,2026-03-31T13:30:00Z,2026-03-31T20:00:00Z
2026-04-01,2026-04-01T13:30:00Z,2026-04-01T20:00:00Z
2026-04-02,2026-04-02T13:30:00Z,2026-04-02T20:00:00Z
2026-04-06,2026-04-06T13:30:00Z,2026-04-06T20:00:00Z
2026-04-07,2026-04-07T13:30:00Z,2026-04-07T20:00:00Z
2026-04-08,2026-04-08T13:30:00Z,2026-04-08T20:00:00Z
2026-04-09,2026-04-09T13:30:00Z,2026-04-09T20:00:00Z
2026-04-10,2026-04-10T13:30:00Z,2026-04-10T20:00:00Z
2026-04-13,2026-04-13T13:30:00Z,2026-04-13T20:00:00Z
2026-04-14,2026-04-14T13:30:00Z,2026-04-14T20:00:00Z
2026-04-15,2026-04-15T13:30:00Z,2026-04-15T20:00:00Z
2026-04-16,2026-04-16T13:30:00Z,2026-04-16T20:00:00Z
2026-04-17,2026-04-17T13:30:00Z,2026-04-17T20:00:00Z
2026-04-20,2026-04-20T13:30:00Z,2026-04-20T20:00:00Z
2026-04-21,2026-04-21T13:30:00Z,2026-04-21T20:00:00Z
2026-04-22,2026-04-22T13:30:00Z,2026-04-22T20:00:00Z
2026-04-23,2026-04-23T13:30:00Z,2026-04-23T20:00:00Z
2026-04-24,2026-04-24T13:30:00Z,2026-04-24T20:00:00Z
2026-04-27,2026-04-27T13:30:00Z,2026-04-27T20:00:00Z
2026-04-28,2026-04-28T13:30:00Z,2026-04-28T20:00:00Z
2026-04-29,2026-04-29T13:30:00Z,2026-04-29T20:00:00Z
2026-04-30,2026-04-30T13:30:00Z,2026-04-30T20:00:00Z
2026-05-01,2026-05-01T13:30:00Z,2026-05-01T20:00:00Z
2026-05-04,2026-05-04T13:30:00Z,2026-05-04T20:00:00Z
2026-05-05,2026-05-05T13:30:00Z,2026-05-05T20:00:00Z
2026-05-06,2026-05-06T13:30:00Z,2026-05-06T20:00:00Z
2026-05-07,2026-05-07T13:30:00Z,2026-05-07T20:00:00Z
2026-05-08,2026-05-08T13:30:00Z,2026-05-08T20:00:00Z
2026-05-11,2026-05-11T13:30:00Z,2026-05-11T20:00:00Z
2026-05-12,2026-05-12T13:30:00Z,2026-05-12T20:00:00Z
2026-05-13,2026-05-13T13:30:00Z,2026-05-13T20:00:00Z
2026-05-14,2026-05-14T13:30:00Z,2026-05-14T20:00:00Z
2026-05-15,2026-05-15T13:30:00Z,2026-05-15T20:00:00Z
2026-05-18,2026-05-18T13:30:00Z,2026-05-18T20:00:00Z
2026-05-19,2026-05-19T13:30:00Z,2026-05-19T20:00:00Z
2026-05-20,2026-05-20T13:30:00Z,2026-05-20T20:00:00Z
2026-05-21,2026-05-21T13:30:00Z,2026-05-21T20:00:00Z
2026-05-22,2026-05-22T13:30:00Z,2026-05-22T20:00:00Z
2026-05-26,2026-05-26T13:30:00Z,2026-05-26T20:00:00Z
2026-05-27,2026-05-27T13:30:00Z,2026-05-27T20:00:00Z
2026-05-28,2026-05-28T13:30:00Z,2026-05-28T20:00:00Z
2026-05-29,2026-05-29T13:30:00Z,2026-05-29T20:00:00Z
2026-06-01,2026-06-01T13:30:00Z,2026-06-01T20:00:00Z
2026-06-02,2026-06-02T13:30:00Z,2026-06-02T20:00:00Z
2026-06-03,2026-06-03T13:30:00Z,2026-06-03T20:00:00Z
2026-06-04,2026-06-04T13:30:00Z,2026-06-04T20:00:00Z
2026-06-05,2026-06-05T13:30:00Z,2026-06-05T20:00:00Z
2026-06-08,2026-06-08T13:30:00Z,2026-06-08T20:00:00Z
2026-06-09,2026-06-09T13:30:00Z,2026-06-09T20:00:00Z
2026-06-10,2026-06-10T13:30:00Z,2026-06-10T20:00:00Z
2026-06-11,2026-06-11T13:30:00Z,2026-06-11T20:00:00Z
2026-06-12,2026-06-12T13:30:00Z,2026-06-12T20:00:00Z
2026-06-15,2026-06-15T13:30:00Z,2026-06-15T20:00:00Z
2026-06-16,2026-06-16T13:30:00Z,2026-06-16T20:00:00Z
2026-06-17,2026-06-17T13:30:00Z,2026-06-17T20:00:00Z
2026-06-18,2026-06-18T13:30:00Z,2026-06-18T20:00:00Z
2026-06-22,2026-06-22T13:30:00Z,2026-06-22T20:00:00Z
2026-06-23,2026-06-23T13:30:00Z,2026-06-23T20:00:00Z
2026-06-24,2026-06-24T13:30:00Z,2026-06-24T20:00:00Z
2026-06-25,2026-06-25T13:30:00Z,2026-06-25T20:00:00Z
2026-06-26,2026-06-26T13:30:00Z,2026-06-26T20:00:00Z
2026-06-29,2026-06-29T13:30:00Z,2026-06-29T20:00:00Z
2026-06-30,2026-06-30T13:30:00Z,2026-06-30T20:00:00Z
2026-07-01,2026-07-01T13:30:00Z,2026-07-01T20:00:00Z
2026-07-02,2026-07-02T13:30:00Z,2026-07-02T20:00:00Z
2026-07-06,2026-07-06T13:30:00Z,2026-07-06T20:00:00Z
2026-07-07,2026-07-07T13:30:00Z,2026-07-07T20:00:00Z
2026-07-08,2026-07-08T13:30:00Z,2026-07-08T20:00:00Z
2026-07-09,2026-07-09T13:30:00Z,2026-07-09T20:00:00Z
2026-07-10,2026-07-10T13:30:00Z,2026-07-10T20:00:00Z
2026-07-13,2026-07-13T13:30:00Z,2026-07-13T20:00:00Z
2026-07-14,2026-07-14T13:30:00Z,2026-07-14T20:00:00Z
2026-07-15,2026-07-15T13:30:00Z,2026-07-15T20:00:00Z
2026-07-16,2026-07-16T13:30:00Z,2026-07-16T20:00:00Z
2026-07-17,2026-07-17T13:30:00Z,2026-07-17T20:00:00Z
2026-07-20,2026-07-20T13:30:00Z,2026-07-20T20:00:00Z
2026-07-21,2026-07-21T13:30:00Z,2026-07-21T20:00:00Z
2026-07-22,2026-07-22T13:30:00Z,2026-07-22T20:00:00Z
2026-07-23,2026-07-23T13:30:00Z,2026-07-23T20:00:00Z
2026-07-24,2026-07-24T13:30:00Z,2026-07-24T20:00:00Z
2026-07-27,2026-07-27T13:30:00Z,2026-07-27T20:00:00Z
2026-07-28,2026-07-28T13:30:00Z,2026-07-28T20:00:00Z
2026-07-29,2026-07-29T13:30:00Z,2026-07-29T20:00:00Z
2026-07-30,2026-07-30T13:30:00Z,2026-07-30T20:00:00Z
2026-07-31,2026-07-31T13:30:00Z,2026-07-31T20:00:00Z
2026-08-03,2026-08-03T13:30:00Z,2026-08-03T20:00:00Z
2026-08-04,2026-08-04T13:30:00Z,2026-08-04T20:00:00Z
2026-08-05,2026-08-05T13:30:00Z,2026-08-05T20:00:00Z
2026-08-06,2026-08-06T13:30:00Z,2026-08-06T20:00:00Z
2026-08-07,2026-08-07T13:30:00Z,2026-08-07T20:00:00Z
2026-08-10,2026-08-10T13:30:00Z,2026-08-10T20:00:00Z
2026-08-11,2026-08-11T13:30:00Z,2026-08-11T20:00:00Z
2026-08-12,2026-08-12T13:30:00Z,2026-08-12T20:00:00Z
2026-08-13,2026-08-13T13:30:00Z,2026-08-13T20:00:00Z
2026-08-14,2026-08-14T13:30:00Z,2026-08-14T20:00:00Z
2026-08-17,2026-08-17T13:30:00Z,2026-08-17T20:00:00Z
2026-08-18,2026-08-18T13:30:00Z,2026-08-18T20:00:00Z
2026-08-19,2026-08-19T13:30:00Z,2026-08-19T20:00:00Z
2026-08-20,2026-08-20T13:30:00Z,2026-08-20T20:00:00Z
2026-08-21,2026-08-21T13:30:00Z,2026-08-21T20:00:00Z
2026-08-24,2026-08-24T13:30:00Z,2026-08-24T20:00:00Z
2026-08-25,2026-08-25T13:30:00Z,2026-08-25T20:00:00Z
2026-08-26,2026-08-26T13:30:00Z,2026-08-26T20:00:00Z
2026-08-27,2026-08-27T13:30:00Z,2026-08-27T20:00:00Z
2026-08-28,2026-08-28T13:30:00Z,2026-08-28T20:00:00Z
2026-08-31,2026-08-31T13:30:00Z,2026-08-31T20:00:00Z
2026-09-01,2026-09-01T13:30:00Z,2026-09-01T20:00:00Z
2026-09-02,2026-09-02T13:30:00Z,2026-09-02T20:00:00Z
2026-09-03,2026-09-03T13:30:00Z,2026-09-03T20:00:00Z
2026-09-04,2026-09-04T13:30:00Z,2026-09-04T20:00:00Z
2026-09-08,2026-09-08T13:30:00Z,2026-09-08T20:00:00Z
2026-09-09,2026-09-09T13:30:00Z,2026-09-09T20:00:00Z
2026-09-10,2026-09-10T13:30:00Z,2026-09-10T20:00:00Z
2026-09-11,2026-09-11T13:30:00Z,2026-09-11T20:00:00Z
2026-09-14,2026-09-14T13:30:00Z,2026-09-14T20:00:00Z
2026-09-15,2026-09-15T13:30:00Z,2026-09-15T20:00:00Z
2026-09-16,2026-09-16T13:30:00Z,2026-09-16T20:00:00Z
2026-09-17,2026-09-17T13:30:00Z,2026-09-17T20:00:00Z
2026-09-18,2026-09-18T13:30:00Z,2026-09-18T20:00:00Z
2026-09-21,2026-09-21T13:30:00Z,2026-09-21T20:00:00Z
2026-09-22,2026-09-22T13:30:00Z,2026-09-22T20:00:00Z
2026-09-23,2026-09-23T13:30:00Z,2026-09-23T20:00:00Z
2026-09-24,2026-09-24T13:30:00Z,2026-09-24T20:00:00Z
2026-09-25,2026-09-25T13:30:00Z,2026-09-25T20:00:00Z
2026-09-28,2026-09-28T13:30:00Z,2026-09-28T20:00:00Z
2026-09-29,2026-09-29T13:30:00Z,2026-09-29T20:00:00Z
2026-09-30,2026-09-30T13:30:00Z,2026-09-30T20:00:00Z
2026-10-01,2026-10-01T13:30:00Z,2026-10-01T20:00:00Z
2026-10-02,2026-10-02T13:30:00Z,2026-10-02T20:00:00Z
2026-10-05,2026-10-05T13:30:00Z,2026-10-05T20:00:00Z
2026-10-06,2026-10-06T13:30:00Z,2026-10-06T20:00:00Z
2026-10-07,2026-10-07T13:30:00Z,2026-10-07T20:00:00Z
2026-10-08,2026-10-08T13:30:00Z,2026-10-08T20:00:00Z
2026-10-09,2026-10-09T13:30:00Z,2026-10-09T20:00:00Z
2026-10-12,2026-10-12T13:30:00Z,2026-10-12T20:00:00Z
2026-10-13,2026-10-13T13:30:00Z,2026-10-13T20:00:00Z
2026-10-14,2026-10-14T13:30:00Z,2026-10-14T20:00:00Z
2026-10-15,2026-10-15T13:30:00Z,2026-10-15T20:00:00Z
2026-10-16,2026-10-16T13:30:00Z,2026-10-16T20:00:00Z
2026-10-19,2026-10-19T13:30:00Z,2026-10-19T20:00:00Z
2026-10-20,2026-10-20T13:30:00Z,2026-10-20T20:00:00Z
2026-10-21,2026-10-21T13:30:00Z,2026-10-21T20:00:00Z
2026-10-22,2026-10-22T13:30:00Z,2026-10-22T20:00:00Z
2026-10-23,2026-10-23T13:30:00Z,2026-10-23T20:00:00Z
2026-10-26,2026-10-26T13:30:00Z,2026-10-26T20:00:00Z
2026-10-27,2026-10-27T13:30:00Z,2026-10-27T20:00:00Z
2026-10-28,2026-10-28T13:30:00Z,2026-10-28T20:00:00Z
2026-10-29,2026-10-29T13:30:00Z,2026-10-29T20:00:00Z
2026-10-30,2026-10-30T13:30:00Z,2026-10-30T20:00:00Z
2026-11-02,2026-11-02T14:30:00Z,2026-11-02T21:00:00Z
2026-11-03,2026-11-03T14:30:00Z,2026-11-03T21:00:00Z
2026-11-04,2026-11-04T14:30:00Z,2026-11-04T21:00:00Z
2026-11-05,2026-11-05T14:30:00Z,2026-11-05T21:00:00Z
2026-11-06,2026-11-06T14:30:00Z,2026-11-06T21:00:00Z
2026-11-09,2026-11-09T14:30:00Z,2026-11-09T21:00:00Z
2026-11-10,2026-11-10T14:30:00Z,2026-11-10T21:00:00Z
2026-11-11,2026-11-11T14:30:00Z,2026-11-11T21:00:00Z
2026-11-12,2026-11-12T14:30:00Z,2026-11-12T21:00:00Z
2026-11-13,2026-11-13T14:30:00Z,2026-11-13T21:00:00Z
2026-11-16,2026-11-16T14:30:00Z,2026-11-16T21:00:00Z
2026-11-17,2026-11-17T14:30:00Z,2026-11-17T21:00:00Z
2026-11-18,2026-11-18T14:30:00Z,2026-11-18T21:00:00Z
2026-11-19,2026-11-19T14:30:00Z,2026-11-19T21:00:00Z
2026-11-20,2026-11-20T14:30:00Z,2026-11-20T21:00:00Z
2026-11-23,2026-11-23T14:30:00Z,2026-11-23T21:00:00Z
2026-11-24,2026-11-24T14:30:00Z,2026-11-24T21:00:00Z
2026-11-25,2026-11-25T14:30:00Z,2026-11-25T21:00:00Z
2026-11-27,2026-11-27T14:30:00Z,2026-11-27T18:00:00Z
2026-11-30,2026-11-30T14:30:00Z,2026-11-30T21:00:00Z
2026-12-01,2026-12-01T14:30:00Z,2026-12-01T21:00:00Z
2026-12-02,2026-12-02T14:30:00Z,2026-12-02T21:00:00Z
2026-12-03,2026-12-03T14:30:00Z,2026-12-03T21:00:00Z
2026-12-04,2026-12-04T14:30:00Z,2026-12-04T21:00:00Z
2026-12-07,2026-12-07T14:30:00Z,2026-12-07T21:00:00Z
2026-12-08,2026-12-08T14:30:00Z,2026-12-08T21:00:00Z
2026-12-09,2026-12-09T14:30:00Z,2026-12-09T21:00:00Z
2026-12-10,2026-12-10T14:30:00Z,2026-12-10T21:00:00Z
2026-12-11,2026-12-11T14:30:00Z,2026-12-11T21:00:00Z
2026-12-14,2026-12-14T14:30:00Z,2026-12-14T21:00:00Z
2026-12-15,2026-12-15T14:30:00Z,2026-12-15T21:00:00Z
2026-12-16,2026-12-16T14:30:00Z,2026-12-16T21:00:00Z
2026-12-17,2026-12-17T14:30:00Z,2026-12-17T21:00:00Z
2026-12-18,2026-12-18T14:30:00Z,2026-12-18T21:00:00Z
2026-12-21,2026-12-21T14:30:00Z,2026-12-21T21:00:00Z
2026-12-22,2026-12-22T14:30:00Z,2026-12-22T21:00:00Z
2026-12-23,2026-12-23T14:30:00Z,2026-12-23T21:00:00Z
2026-12-24,2026-12-24T14:30:00Z,2026-12-24T18:00:00Z
2026-12-28,2026-12-28T14:30:00Z,2026-12-28T21:00:00Z
2026-12-29,2026-12-29T14:30:00Z,2026-12-29T21:00:00Z
2026-12-30,2026-12-30T14:30:00Z,2026-12-30T21:00:00Z
2026-12-31,2026-12-31T14:30:00Z,2026-12-31T21:00:00Z
2027-01-04,2027-01-04T14:30:00Z,2027-01-04T21:00:00Z
2027-01-05,2027-01-05T14:30:00Z,2027-01-05T21:00:00Z
2027-01-06,2027-01-06T14:30:00Z,2027-01-06T21:00:00Z
2027-01-07,2027-01-07T14:30:00Z,2027-01-07T21:00:00Z
2027-01-08,2027-01-08T14:30:00Z,2027-01-08T21:00:00Z
2027-01-11,2027-01-11T14:30:00Z,2027-01-11T21:00:00Z
2027-01-12,2027-01-12T14:30:00Z,2027-01-12T21:00:00Z
2027-01-13,2027-01-13T14:30:00Z,2027-01-13T21:00:00Z
2027-01-14,2027-01-14T14:30:00Z,2027-01-14T21:00:00Z
2027-01-15,2027-01-15T14:30:00Z,2027-01-15T21:00:00Z
2027-01-19,2027-01-19T14:30:00Z,2027-01-19T21:00:00Z
2027-01-20,2027-01-20T14:30:00Z,2027-01-20T21:00:00Z
2027-01-21,2027-01-21T14:30:00Z,2027-01-21T21:00:00Z
2027-01-22,2027-01-22T14:30:00Z,2027-01-22T21:00:00Z
2027-01-25,2027-01-25T14:30:00Z,2027-01-25T21:00:00Z
2027-01-26,2027-01-26T14:30:00Z,2027-01-26T21:00:00Z
2027-01-27,2027-01-27T14:30:00Z,2027-01-27T21:00:00Z
2027-01-28,2027-01-28T14:30:00Z,2027-01-28T21:00:00Z
2027-01-29,2027-01-29T14:30:00Z,2027-01-29T21:00:00Z
2027-02-01,2027-02-01T14:30:00Z,2027-02-01T21:00:00Z
2027-02-02,2027-02-02T14:30:00Z,2027-02-02T21:00:00Z
2027-02-03,2027-02-03T14:30:00Z,2027-02-03T21:00:00Z
2027-02-04,2027-02-04T14:30:00Z,2027-02-04T21:00:00Z
2027-02-05,2027-02-05T14:30:00Z,2027-02-05T21:00:00Z
2027-02-08,2027-02-08T14:30:00Z,2027-02-08T21:00:00Z
2027-02-09,2027-02-09T14:30:00Z,2027-02-09T21:00:00Z
2027-02-10,2027-02-10T14:30:00Z,2027-02-10T21:00:00Z
2027-02-11,2027-02-11T14:30:00Z,2027-02-11T21:00:00Z
2027-02-12,2027-02-12T14:30:00Z,2027-02-12T21:00:00Z
2027-02-16,2027-02-16T14:30:00Z,2027-02-16T21:00:00Z
2027-02-17,2027-02-17T14:30:00Z,2027-02-17T21:00:00Z
2027-02-18,2027-02-18T14:30:00Z,2027-02-18T21:00:00Z
2027-02-19,2027-02-19T14:30:00Z,2027-02-19T21:00:00Z
2027-02-22,2027-02-22T14:30:00Z,2027-02-22T21:00:00Z
2027-02-23,2027-02-23T14:30:00Z,2027-02-23T21:00:00Z
2027-02-24,2027-02-24T14:30:00Z,2027-02-24T21:00:00Z
2027-02-25,2027-02-25T14:30:00Z,2027-02-25T21:00:00Z
2027-02-26,2027-02-26T14:30:00Z,2027-02-26T21:00:00Z
2027-03-01,2027-03-01T14:30:00Z,2027-03-01T21:00:00Z
2027-03-02,2027-03-02T14:30:00Z,2027-03-02T21:00:00Z
2027-03-03,2027-03-03T14:30:00Z,2027-03-03T21:00:00Z
2027-03-04,2027-03-04T14:30:00Z,2027-03-04T21:00:00Z
2027-03-05,2027-03-05T14:30:00Z,2027-03-05T21:00:00Z
2027-03-08,2027-03-08T14:30:00Z,2027-03-08T21:00:00Z
2027-03-09,2027-03-09T14:30:00Z,2027-03-09T21:00:00Z
2027-03-10,2027-03-10T14:30:00Z,2027-03-10T21:00:00Z
2027-03-11,2027-03-11T14:30:00Z,2027-03-11T21:00:00Z
2027-03-12,2027-03-12T14:30:00Z,2027-03-12T21:00:00Z
2027-03-15,2027-03-15T13:30:00Z,2027-03-15T20:00:00Z
2027-03-16,2027-03-16T13:30:00Z,2027-03-16T20:00:00Z
2027-03-17,2027-03-17T13:30:00Z,2027-03-17T20:00:00Z
2027-03-18,2027-03-18T13:30:00Z,2027-03-18T20:00:00Z
2027-03-19,2027-03-19T13:30:00Z,2027-03-19T20:00:00Z
2027-03-22,2027-03-22T13:30:00Z,2027-03-22T20:00:00Z
2027-03-23,2027-03-23T13:30:00Z,2027-03-23T20:00:00Z
2027-03-24,2027-03-24T13:30:00Z,2027-03-24T20:00:00Z
2027-03-25,2027-03-25T13:30:00Z,2027-03-25T20:00:00Z
2027-03-29,2027-03-29T13:30:00Z,2027-03-29T20:00:00Z
2027-03-30,2027-03-30T13:30:00Z,2027-03-30T20:00:00Z
2027-03-31,2027-03-31T13:30:00Z,2027-03-31T20:00:00Z
2027-04-01,2027-04-01T13:30:00Z,2027-04-01T20:00:00Z
2027-04-02,2027-04-02T13:30:00Z,2027-04-02T20:00:00Z
2027-04-05,2027-04-05T13:30:00Z,2027-04-05T20:00:00Z
2027-04-06,2027-04-06T13:30:00Z,2027-04-06T20:00:00Z
2027-04-07,2027-04-07T13:30:00Z,2027-04-07T20:00:00Z
2027-04-08,2027-04-08T13:30:00Z,2027-04-08T20:00:00Z
2027-04-09,2027-04-09T13:30:00Z,2027-04-09T20:00:00Z
2027-04-12,2027-04-12T13:30:00Z,2027-04-12T20:00:00Z
2027-04-13,2027-04-13T13:30:00Z,2027-04-13T20:00:00Z
2027-04-14,2027-04-14T13:30:00Z,2027-04-14T20:00:00Z
2027-04-15,2027-04-15T13:30:00Z,2027-04-15T20:00:00Z
2027-04-16,2027-04-16T13:30:00Z,2027-04-16T20:00:00Z
2027-04-19,2027-04-19T13:30:00Z,2027-04-19T20:00:00Z
2027-04-20,2027-04-20T13:30:00Z,2027-04-20T20:00:00Z
2027-04-21,2027-04-21T13:30:00Z,2027-04-21T20:00:00Z
2027-04-22,2027-04-22T13:30:00Z,2027-04-22T20:00:00Z
2027-04-23,2027-04-23T13:30:00Z,2027-04-23T20:00:00Z
2027-04-26,2027-04-26T13:30:00Z,2027-04-26T20:00:00Z
2027-04-27,2027-04-27T13:30:00Z,2027-04-27T20:00:00Z
2027-04-28,2027-04-28T13:30:00Z,2027-04-28T20:00:00Z
2027-04-29,2027-04-29T13:30:00Z,2027-04-29T20:00:00Z
2027-04-30,2027-04-30T13:30:00Z,2027-04-30T20:00:00Z
2027-05-03,2027-05-03T13:30:00Z,2027-05-03T20:00:00Z
2027-05-04,2027-05-04T13:30:00Z,2027-05-04T20:00:00Z
2027-05-05,2027-05-05T13:30:00Z,2027-05-05T20:00:00Z
2027-05-06,2027-05-06T13:30:00Z,2027-05-06T20:00:00Z
2027-05-07,2027-05-07T13:30:00Z,2027-05-07T20:00:00Z
2027-05-10,2027-05-10T13:30:00Z,2027-05-10T20:00:00Z
2027-05-11,2027-05-11T13:30:00Z,2027-05-11T20:00:00Z
2027-05-12,2027-05-12T13:30:00Z,2027-05-12T20:00:00Z
2027-05-13,2027-05-13T13:30:00Z,2027-05-13T20:00:00Z
2027-05-14,2027-05-14T13:30:00Z,2027-05-14T20:00:00Z
2027-05-17,2027-05-17T13:30:00Z,2027-05-17T20:00:00Z
2027-05-18,2027-05-18T13:30:00Z,2027-05-18T20:00:00Z
2027-05-19,2027-05-19T13:30:00Z,2027-05-19T20:00:00Z
2027-05-20,2027-05-20T13:30:00Z,2027-05-20T20:00:00Z
2027-05-21,2027-05-21T13:30:00Z,2027-05-21T20:00:00Z
2027-05-24,2027-05-24T13:30:00Z,2027-05-24T20:00:00Z
2027-05-25,2027-05-25T13:30:00Z,2027-05-25T20:00:00Z
2027-05-26,2027-05-26T13:30:00Z,2027-05-26T20:00:00Z
2027-05-27,2027-05-27T13:30:00Z,2027-05-27T20:00:00Z
2027-05-28,2027-05-28T13:30:00Z,2027-05-28T20:00:00Z
2027-06-01,2027-06-01T13:30:00Z,2027-06-01T20:00:00Z
2027-06-02,2027-06-02T13:30:00Z,2027-06-02T20:00:00Z
2027-06-03,2027-06-03T13:30:00Z,2027-06-03T20:00:00Z
2027-06-04,2027-06-04T13:30:00Z,2027-06-04T20:00:00Z
2027-06-07,2027-06-07T13:30:00Z,2027-06-07T20:00:00Z
2027-06-08,2027-06-08T13:30:00Z,2027-06-08T20:00:00Z
2027-06-09,2027-06-09T13:30:00Z,2027-06-09T20:00:00Z
2027-06-10,2027-06-10T13:30:00Z,2027-06-10T20:00:00Z
2027-06-11,2027-06-11T13:30:00Z,2027-06-11T20:00:00Z
2027-06-14,2027-06-14T13:30:00Z,2027-06-14T20:00:00Z
2027-06-15,2027-06-15T13:30:00Z,2027-06-15T20:00:00Z
2027-06-16,2027-06-16T13:30:00Z,2027-06-16T20:00:00Z
2027-06-17,2027-06-17T13:30:00Z,2027-06-17T20:00:00Z
2027-06-21,2027-06-21T13:30:00Z,2027-06-21T20:00:00Z
2027-06-22,2027-06-22T13:30:00Z,2027-06-22T20:00:00Z
2027-06-23,2027-06-23T13:30:00Z,2027-06-23T20:00:00Z
2027-06-24,2027-06-24T13:30:00Z,2027-06-24T20:00:00Z
2027-06-25,2027-06-25T13:30:00Z,2027-06-25T20:00:00Z
2027-06-28,2027-06-28T13:30:00Z,2027-06-28T20:00:00Z
2027-06-29,2027-06-29T13:30:00Z,2027-06-29T20:00:00Z
2027-06-30,2027-06-30T13:30:00Z,2027-06-30T20:00:00Z
2027-07-01,2027-07-01T13:30:00Z,2027-07-01T20:00:00Z
2027-07-02,2027-07-02T13:30:00Z,2027-07-02T20:00:00Z
2027-07-06,2027-07-06T13:30:00Z,2027-07-06T20:00:00Z
2027-07-07,2027-07-07T13:30:00Z,2027-07-07T20:00:00Z
2027-07-08,2027-07-08T13:30:00Z,2027-07-08T20:00:00Z
2027-07-09,2027-07-09T13:30:00Z,2027-07-09T20:00:00Z
2027-07-12,2027-07-12T13:30:00Z,2027-07-12T20:00:00Z
2027-07-13,2027-07-13T13:30:00Z,2027-07-13T20:00:00Z
2027-07-14,2027-07-14T13:30:00Z,2027-07-14T20:00:00Z
2027-07-15,2027-07-15T13:30:00Z,2027-07-15T20:00:00Z
2027-07-16,2027-07-16T13:30:00Z,2027-07-16T20:00:00Z
2027-07-19,2027-07-19T13:30:00Z,2027-07-19T20:00:00Z
2027-07-20,2027-07-20T13:30:00Z,2027-07-20T20:00:00Z
2027-07-21,2027-07-21T13:30:00Z,2027-07-21T20:00:00Z
2027-07-22,2027-07-22T13:30:00Z,2027-07-22T20:00:00Z
2027-07-23,2027-07-23T13:30:00Z,2027-07-23T20:00:00Z
2027-07-26,2027-07-26T13:30:00Z,2027-07-26T20:00:00Z
2027-07-27,2027-07-27T13:30:00Z,2027-07-27T20:00:00Z
2027-07-28,2027-07-28T13:30:00Z,2027-07-28T20:00:00Z
2027-07-29,2027-07-29T13:30:00Z,2027-07-29T20:00:00Z
2027-07-30,2027-07-30T13:30:00Z,2027-07-30T20:00:00Z
2027-08-02,2027-08-02T13:30:00Z,2027-08-02T20:00:00Z
2027-08-03,2027-08-03T13:30:00Z,2027-08-03T20:00:00Z
2027-08-04,2027-08-04T13:30:00Z,2027-08-04T20:00:00Z
2027-08-05,2027-08-05T13:30:00Z,2027-08-05T20:00:00Z
2027-08-06,2027-08-06T13:30:00Z,2027-08-06T20:00:00Z
2027-08-09,2027-08-09T13:30:00Z,2027-08-09T20:00:00Z
2027-08-10,2027-08-10T13:30:00Z,2027-08-10T20:00:00Z
2027-08-11,2027-08-11T13:30:00Z,2027-08-11T20:00:00Z
2027-08-12,2027-08-12T13:30:00Z,2027-08-12T20:00:00Z
2027-08-13,2027-08-13T13:30:00Z,2027-08-13T20:00:00Z
2027-08-16,2027-08-16T13:30:00Z,2027-08-16T20:00:00Z
2027-08-17,2027-08-17T13:30:00Z,2027-08-17T20:00:00Z
2027-08-18,2027-08-18T13:30:00Z,2027-08-18T20:00:00Z
2027-08-19,2027-08-19T13:30:00Z,2027-08-19T20:00:00Z
2027-08-20,2027-08-20T13:30:00Z,2027-08-20T20:00:00Z
2027-08-23,2027-08-23T13:30:00Z,2027-08-23T20:00:00Z
2027-08-24,2027-08-24T13:30:00Z,2027-08-24T20:00:00Z
2027-08-25,2027-08-25T13:30:00Z,2027-08-25T20:00:00Z
2027-08-26,2027-08-26T13:30:00Z,2027-08-26T20:00:00Z
2027-08-27,2027-08-27T13:30:00Z,2027-08-27T20:00:00Z
2027-08-30,2027-08-30T13:30:00Z,2027-08-30T20:00:00Z
2027-08-31,2027-08-31T13:30:00Z,2027-08-31T20:00:00Z
2027-09-01,2027-09-01T13:30:00Z,2027-09-01T20:00:00Z
2027-09-02,2027-09-02T13:30:00Z,2027-09-02T20:00:00Z
2027-09-03,2027-09-03T13:30:00Z,2027-09-03T20:00:00Z
2027-09-07,2027-09-07T13:30:00Z,2027-09-07T20:00:00Z
2027-09-08,2027-09-08T13:30:00Z,2027-09-08T20:00:00Z
2027-09-09,2027-09-09T13:30:00Z,2027-09-09T20:00:00Z
2027-09-10,2027-09-10T13:30:00Z,2027-09-10T20:00:00Z
2027-09-13,2027-09-13T13:30:00Z,2027-09-13T20:00:00Z
2027-09-14,2027-09-14T13:30:00Z,2027-09-14T20:00:00Z
2027-09-15,2027-09-15T13:30:00Z,2027-09-15T20:00:00Z
2027-09-16,2027-09-16T13:30:00Z,2027-09-16T20:00:00Z
2027-09-17,2027-09-17T13:30:00Z,2027-09-17T20:00:00Z
2027-09-20,2027-09-20T13:30:00Z,2027-09-20T20:00:00Z
2027-09-21,2027-09-21T13:30:00Z,2027-09-21T20:00:00Z
2027-09-22,2027-09-22T13:30:00Z,2027-09-22T20:00:00Z
2027-09-23,2027-09-23T13:30:00Z,2027-09-23T20:00:00Z
2027-09-24,2027-09-24T13:30:00Z,2027-09-24T20:00:00Z
2027-09-27,2027-09-27T13:30:00Z,2027-09-27T20:00:00Z
2027-09-28,2027-09-28T13:30:00Z,2027-09-28T20:00:00Z
2027-09-29,2027-09-29T13:30:00Z,2027-09-29T20:00:00Z
2027-09-30,2027-09-30T13:30:00Z,2027-09-30T20:00:00Z
2027-10-01,2027-10-01T13:30:00Z,2027-10-01T20:00:00Z
2027-10-04,2027-10-04T13:30:00Z,2027-10-04T20:00:00Z
2027-10-05,2027-10-05T13:30:00Z,2027-10-05T20:00:00Z
2027-10-06,2027-10-06T13:30:00Z,2027-10-06T20:00:00Z
2027-10-07,2027-10-07T13:30:00Z,2027-10-07T20:00:00Z
2027-10-08,2027-10-08T13:30:00Z,2027-10-08T20:00:00Z
2027-10-11,2027-10-11T13:30:00Z,2027-10-11T20:00:00Z
2027-10-12,2027-10-12T13:30:00Z,2027-10-12T20:00:00Z
2027-10-13,2027-10-13T13:30:00Z,2027-10-13T20:00:00Z
2027-10-14,2027-10-14T13:30:00Z,2027-10-14T20:00:00Z
2027-10-15,2027-10-15T13:30:00Z,2027-10-15T20:00:00Z
2027-10-18,2027-10-18T13:30:00Z,2027-10-18T20:00:00Z
2027-10-19,2027-10-19T13:30:00Z,2027-10-19T20:00:00Z
2027-10-20,2027-10-20T13:30:00Z,2027-10-20T20:00:00Z
2027-10-21,2027-10-21T13:30:00Z,2027-10-21T20:00:00Z
2027-10-22,2027-10-22T13:30:00Z,2027-10-22T20:00:00Z
2027-10-25,2027-10-25T13:30:00Z,2027-10-25T20:00:00Z
2027-10-26,2027-10-26T13:30:00Z,2027-10-26T20:00:00Z
2027-10-27,2027-10-27T13:30:00Z,2027-10-27T20:00:00Z
2027-10-28,2027-10-28T13:30:00Z,2027-10-28T20:00:00Z
2027-10-29,2027-10-29T13:30:00Z,2027-10-29T20:00:00Z
2027-11-01,2027-11-01T13:30:00Z,2027-11-01T20:00:00Z
2027-11-02,2027-11-02T13:30:00Z,2027-11-02T20:00:00Z
2027-11-03,2027-11-03T13:30:00Z,2027-11-03T20:00:00Z
2027-11-04,2027-11-04T13:30:00Z,2027-11-04T20:00:00Z
2027-11-05,2027-11-05T13:30:00Z,2027-11-05T20:00:00Z
2027-11-08,2027-11-08T14:30:00Z,2027-11-08T21:00:00Z
2027-11-09,2027-11-09T14:30:00Z,2027-11-09T21:00:00Z
2027-11-10,2027-11-10T14:30:00Z,2027-11-10T21:00:00Z
2027-11-11,2027-11-11T14:30:00Z,2027-11-11T21:00:00Z
2027-11-12,2027-11-12T14:30:00Z,2027-11-12T21:00:00Z
2027-11-15,2027-11-15T14:30:00Z,2027-11-15T21:00:00Z
2027-11-16,2027-11-16T14:30:00Z,2027-11-16T21:00:00Z
2027-11-17,2027-11-17T14:30:00Z,2027-11-17T21:00:00Z
2027-11-18,2027-11-18T14:30:00Z,2027-11-18T21:00:00Z
2027-11-19,2027-11-19T14:30:00Z,2027-11-19T21:00:00Z
2027-11-22,2027-11-22T14:30:00Z,2027-11-22T21:00:00Z
2027-11-23,2027-11-23T14:30:00Z,2027-11-23T21:00:00Z
2027-11-24,2027-11-24T14:30:00Z,2027-11-24T21:00:00Z
2027-11-26,2027-11-26T14:30:00Z,2027-11-26T18:00:00Z
2027-11-29,2027-11-29T14:30:00Z,2027-11-29T21:00:00Z
2027-11-30,2027-11-30T14:30:00Z,2027-11-30T21:00:00Z
2027-12-01,2027-12-01T14:30:00Z,2027-12-01T21:00:00Z
2027-12-02,2027-12-02T14:30:00Z,2027-12-02T21:00:00Z
2027-12-03,2027-12-03T14:30:00Z,2027-12-03T21:00:00Z
2027-12-06,2027-12-06T14:30:00Z,2027-12-06T21:00:00Z
2027-12-07,2027-12-07T14:30:00Z,2027-12-07T21:00:00Z
2027-12-08,2027-12-08T14:30:00Z,2027-12-08T21:00:00Z
2027-12-09,2027-12-09T14:30:00Z,2027-12-09T21:00:00Z
2027-12-10,2027-12-10T14:30:00Z,2027-12-10T21:00:00Z
2027-12-13,2027-12-13T14:30:00Z,2027-12-13T21:00:00Z
2027-12-14,2027-12-14T14:30:00Z,2027-12-14T21:00:00Z
2027-12-15,2027-12-15T14:30:00Z,2027-12-15T21:00:00Z
2027-12-16,2027-12-16T14:30:00Z,2027-12-16T21:00:00Z
2027-12-17,2027-12-17T14:30:00Z,2027-12-17T21:00:00Z
2027-12-20,2027-12-20T14:30:00Z,2027-12-20T21:00:00Z
2027-12-21,2027-12-21T14:30:00Z,2027-12-21T21:00:00Z
2027-12-22,2027-12-22T14:30:00Z,2027-12-22T21:00:00Z
2027-12-23,2027-12-23T14:30:00Z,2027-12-23T21:00:00Z
2027-12-27,2027-12-27T14:30:00Z,2027-12-27T21:00:00Z
2027-12-28,2027-12-28T14:30:00Z,2027-12-28T21:00:00Z
2027-12-29,2027-12-29T14:30:00Z,2027-12-29T21:00:00Z
2027-12-30,2027-12-30T14:30:00Z,2027-12-30T21:00:00Z
2027-12-31,2027-12-31T14:30:00Z,2027-12-31T21:00:00Z
2028-01-03,2028-01-03T14:30:00Z,2028-01-03T21:00:00Z
2028-01-04,2028-01-04T14:30:00Z,2028-01-04T21:00:00Z
2028-01-05,2028-01-05T14:30:00Z,2028-01-05T21:00:00Z
2028-01-06,2028-01-06T14:30:00Z,2028-01-06T21:00:00Z
2028-01-07,2028-01-07T14:30:00Z,2028-01-07T21:00:00Z
2028-01-10,2028-01-10T14:30:00Z,2028-01-10T21:00:00Z
2028-01-11,2028-01-11T14:30:00Z,2028-01-11T21:00:00Z
2028-01-12,2028-01-12T14:30:00Z,2028-01-12T21:00:00Z
2028-01-13,2028-01-13T14:30:00Z,2028-01-13T21:00:00Z
2028-01-14,2028-01-14T14:30:00Z,2028-01-14T21:00:00Z
2028-01-18,2028-01-18T14:30:00Z,2028-01-18T21:00:00Z
2028-01-19,2028-01-19T14:30:00Z,2028-01-19T21:00:00Z
2028-01-20,2028-01-20T14:30:00Z,2028-01-20T21:00:00Z
2028-01-21,2028-01-21T14:30:00Z,2028-01-21T21:00:00Z
2028-01-24,2028-01-24T14:30:00Z,2028-01-24T21:00:00Z
2028-01-25,2028-01-25T14:30:00Z,2028-01-25T21:00:00Z
2028-01-26,2028-01-26T14:30:00Z,2028-01-26T21:00:00Z
2028-01-27,2028-01-27T14:30:00Z,2028-01-27T21:00:00Z
2028-01-28,2028-01-28T14:30:00Z,2028-01-28T21:00:00Z
2028-01-31,2028-01-31T14:30:00Z,2028-01-31T21:00:00Z
2028-02-01,2028-02-01T14:30:00Z,2028-02-01T21:00:00Z
2028-02-02,2028-02-02T14:30:00Z,2028-02-02T21:00:00Z
2028-02-03,2028-02-03T14:30:00Z,2028-02-03T21:00:00Z
2028-02-04,2028-02-04T14:30:00Z,2028-02-04T21:00:00Z
2028-02-07,2028-02-07T14:30:00Z,2028-02-07T21:00:00Z
2028-02-08,2028-02-08T14:30:00Z,2028-02-08T21:00:00Z
2028-02-09,2028-02-09T14:30:00Z,2028-02-09T21:00:00Z
2028-02-10,2028-02-10T14:30:00Z,2028-02-10T21:00:00Z
2028-02-11,2028-02-11T14:30:00Z,2028-02-11T21:00:00Z
2028-02-14,2028-02-14T14:30:00Z,2028-02-14T21:00:00Z
2028-02-15,2028-02-15T14:30:00Z,2028-02-15T21:00:00Z
2028-02-16,2028-02-16T14:30:00Z,2028-02-16T21:00:00Z
2028-02-17,2028-02-17T14:30:00Z,2028-02-17T21:00:00Z
2028-02-18,2028-02-18T14:30:00Z,2028-02-18T21:00:00Z
2028-02-22,2028-02-22T14:30:00Z,2028-02-22T21:00:00Z
2028-02-23,2028-02-23T14:30:00Z,2028-02-23T21:00:00Z
2028-02-24,2028-02-24T14:30:00Z,2028-02-24T21:00:00Z
2028-02-25,2028-02-25T14:30:00Z,2028-02-25T21:00:00Z
2028-02-28,2028-02-28T14:30:00Z,2028-02-28T21:00:00Z
2028-02-29,2028-02-29T14:30:00Z,2028-02-29T21:00:00Z
2028-03-01,2028-03-01T14:30:00Z,2028-03-01T21:00:00Z
2028-03-02,2028-03-02T14:30:00Z,2028-03-02T21:00:00Z
2028-03-03,2028-03-03T14:30:00Z,2028-03-03T21:00:00Z
2028-03-06,2028-03-06T14:30:00Z,2028-03-06T21:00:00Z
2028-03-07,2028-03-07T14:30:00Z,2028-03-07T21:00:00Z
2028-03-08,2028-03-08T14:30:00Z,2028-03-08T21:00:00Z
2028-03-09,2028-03-09T14:30:00Z,2028-03-09T21:00:00Z
2028-03-10,2028-03-10T14:30:00Z,2028-03-10T21:00:00Z
2028-03-13,2028-03-13T13:30:00Z,2028-03-13T20:00:00Z
2028-03-14,2028-03-14T13:30:00Z,2028-03-14T20:00:00Z
2028-03-15,2028-03-15T13:30:00Z,2028-03-15T20:00:00Z
2028-03-16,2028-03-16T13:30:00Z,2028-03-16T20:00:00Z
2028-03-17,2028-03-17T13:30:00Z,2028-03-17T20:00:00Z
2028-03-20,2028-03-20T13:30:00Z,2028-03-20T20:00:00Z
2028-03-21,2028-03-21T13:30:00Z,2028-03-21T20:00:00Z
2028-03-22,2028-03-22T13:30:00Z,2028-03-22T20:00:00Z
2028-03-23,2028-03-23T13:30:00Z,2028-03-23T20:00:00Z
2028-03-24,2028-03-24T13:30:00Z,2028-03-24T20:00:00Z
2028-03-27,2028-03-27T13:30:00Z,2028-03-27T20:00:00Z
2028-03-28,2028-03-28T13:30:00Z,2028-03-28T20:00:00Z
2028-03-29,2028-03-29T13:30:00Z,2028-03-29T20:00:00Z
2028-03-30,2028-03-30T13:30:00Z,2028-03-30T20:00:00Z
2028-03-31,2028-03-31T13:30:00Z,2028-03-31T20:00:00Z
2028-04-03,2028-04-03T13:30:00Z,2028-04-03T20:00:00Z
2028-04-04,2028-04-04T13:30:00Z,2028-04-04T20:00:00Z
2028-04-05,2028-04-05T13:30:00Z,2028-04-05T20:00:00Z
2028-04-06,2028-04-06T13:30:00Z,2028-04-06T20:00:00Z
2028-04-07,2028-04-07T13:30:00Z,2028-04-07T20:00:00Z
2028-04-10,2028-04-10T13:30:00Z,2028-04-10T20:00:00Z
2028-04-11,2028-04-11T13:30:00Z,2028-04-11T20:00:00Z
2028-04-12,2028-04-12T13:30:00Z,2028-04-12T20:00:00Z
2028-04-13,2028-04-13T13:30:00Z,2028-04-13T20:00:00Z
2028-04-17,2028-04-17T13:30:00Z,2028-04-17T20:00:00Z
2028-04-18,2028-04-18T13:30:00Z,2028-04-18T20:00:00Z
2028-04-19,2028-04-19T13:30:00Z,2028-04-19T20:00:00Z
2028-04-20,2028-04-20T13:30:00Z,2028-04-20T20:00:00Z
2028-04-21,2028-04-21T13:30:00Z,2028-04-21T20:00:00Z
2028-04-24,2028-04-24T13:30:00Z,2028-04-24T20:00:00Z
2028-04-25,2028-04-25T13:30:00Z,2028-04-25T20:00:00Z
2028-04-26,2028-04-26T13:30:00Z,2028-04-26T20:00:00Z
2028-04-27,2028-04-27T13:30:00Z,2028-04-27T20:00:00Z
2028-04-28,2028-04-28T13:30:00Z,2028-04-28T20:00:00Z
2028-05-01,2028-05-01T13:30:00Z,2028-05-01T20:00:00Z
2028-05-02,2028-05-02T13:30:00Z,2028-05-02T20:00:00Z
2028-05-03,2028-05-03T13:30:00Z,2028-05-03T20:00:00Z
2028-05-04,2028-05-04T13:30:00Z,2028-05-04T20:00:00Z
2028-05-05,2028-05-05T13:30:00Z,2028-05-05T20:00:00Z
2028-05-08,2028-05-08T13:30:00Z,2028-05-08T20:00:00Z
2028-05-09,2028-05-09T13:30:00Z,2028-05-09T20:00:00Z
2028-05-10,2028-05-10T13:30:00Z,2028-05-10T20:00:00Z
2028-05-11,2028-05-11T13:30:00Z,2028-05-11T20:00:00Z
2028-05-12,2028-05-12T13:30:00Z,2028-05-12T20:00:00Z
2028-05-15,2028-05-15T13:30:00Z,2028-05-15T20:00:00Z
2028-05-16,2028-05-16T13:30:00Z,2028-05-16T20:00:00Z
2028-05-17,2028-05-17T13:30:00Z,2028-05-17T20:00:00Z
2028-05-18,2028-05-18T13:30:00Z,2028-05-18T20:00:00Z
2028-05-19,2028-05-19T13:30:00Z,2028-05-19T20:00:00Z
2028-05-22,2028-05-22T13:30:00Z,2028-05-22T20:00:00Z
2028-05-23,2028-05-23T13:30:00Z,2028-05-23T20:00:00Z
2028-05-24,2028-05-24T13:30:00Z,2028-05-24T20:00:00Z
2028-05-25,2028-05-25T13:30:00Z,2028-05-25T20:00:00Z
2028-05-26,2028-05-26T13:30:00Z,2028-05-26T20:00:00Z
2028-05-30,2028-05-30T13:30:00Z,2028-05-30T20:00:00Z
2028-05-31,2028-05-31T13:30:00Z,2028-05-31T20:00:00Z
2028-06-01,2028-06-01T13:30:00Z,2028-06-01T20:00:00Z
2028-06-02,2028-06-02T13:30:00Z,2028-06-02T20:00:00Z
2028-06-05,2028-06-05T13:30:00Z,2028-06-05T20:00:00Z
2028-06-06,2028-06-06T13:30:00Z,2028-06-06T20:00:00Z
2028-06-07,2028-06-07T13:30:00Z,2028-06-07T20:00:00Z
2028-06-08,2028-06-08T13:30:00Z,2028-06-08T20:00:00Z
2028-06-09,2028-06-09T13:30:00Z,2028-06-09T20:00:00Z
2028-06-12,2028-06-12T13:30:00Z,2028-06-12T20:00:00Z
2028-06-13,2028-06-13T13:30:00Z,2028-06-13T20:00:00Z
2028-06-14,2028-06-14T13:30:00Z,2028-06-14T20:00:00Z
2028-06-15,2028-06-15T13:30:00Z,2028-06-15T20:00:00Z
2028-06-16,2028-06-16T13:30:00Z,2028-06-16T20:00:00Z
2028-06-20,2028-06-20T13:30:00Z,2028-06-20T20:00:00Z
2028-06-21,2028-06-21T13:30:00Z,2028-06-21T20:00:00Z
2028-06-22,2028-06-22T13:30:00Z,2028-06-22T20:00:00Z
2028-06-23,2028-06-23T13:30:00Z,2028-06-23T20:00:00Z
2028-06-26,2028-06-26T13:30:00Z,2028-06-26T20:00:00Z
2028-06-27,2028-06-27T13:30:00Z,2028-06-27T20:00:00Z
2028-06-28,2028-06-28T13:30:00Z,2028-06-28T20:00:00Z
2028-06-29,2028-06-29T13:30:00Z,2028-06-29T20:00:00Z
2028-06-30,2028-06-30T13:30:00Z,2028-06-30T20:00:00Z
2028-07-03,2028-07-03T13:30:00Z,2028-07-03T17:00:00Z
2028-07-05,2028-07-05T13:30:00Z,2028-07-05T20:00:00Z
2028-07-06,2028-07-06T13:30:00Z,2028-07-06T20:00:00Z
2028-07-07,2028-07-07T13:30:00Z,2028-07-07T20:00:00Z
2028-07-10,2028-07-10T13:30:00Z,2028-07-10T20:00:00Z
2028-07-11,2028-07-11T13:30:00Z,2028-07-11T20:00:00Z
2028-07-12,2028-07-12T13:30:00Z,2028-07-12T20:00:00Z
2028-07-13,2028-07-13T13:30:00Z,2028-07-13T20:00:00Z
2028-07-14,2028-07-14T13:30:00Z,2028-07-14T20:00:00Z
2028-07-17,2028-07-17T13:30:00Z,2028-07-17T20:00:00Z
2028-07-18,2028-07-18T13:30:00Z,2028-07-18T20:00:00Z
2028-07-19,2028-07-19T13:30:00Z,2028-07-19T20:00:00Z
2028-07-20,2028-07-20T13:30:00Z,2028-07-20T20:00:00Z
2028-07-21,2028-07-21T13:30:00Z,2028-07-21T20:00:00Z
2028-07-24,2028-07-24T13:30:00Z,2028-07-24T20:00:00Z
2028-07-25,2028-07-25T13:30:00Z,2028-07-25T20:00:00Z
2028-07-26,2028-07-26T13:30:00Z,2028-07-26T20:00:00Z
2028-07-27,2028-07-27T13:30:00Z,2028-07-27T20:00:00Z
2028-07-28,2028-07-28T13:30:00Z,2028-07-28T20:00:00Z
2028-07-31,2028-07-31T13:30:00Z,2028-07-31T20:00:00Z
2028-08-01,2028-08-01T13:30:00Z,2028-08-01T20:00:00Z
2028-08-02,2028-08-02T13:30:00Z,2028-08-02T20:00:00Z
2028-08-03,2028-08-03T13:30:00Z,2028-08-03T20:00:00Z
2028-08-04,2028-08-04T13:30:00Z,2028-08-04T20:00:00Z
2028-08-07,2028-08-07T13:30:00Z,2028-08-07T20:00:00Z
2028-08-08,2028-08-08T13:30:00Z,2028-08-08T20:00:00Z
2028-08-09,2028-08-09T13:30:00Z,2028-08-09T20:00:00Z
2028-08-10,2028-08-10T13:30:00Z,2028-08-10T20:00:00Z
2028-08-11,2028-08-11T13:30:00Z,2028-08-11T20:00:00Z
2028-08-14,2028-08-14T13:30:00Z,2028-08-14T20:00:00Z
2028-08-15,2028-08-15T13:30:00Z,2028-08-15T20:00:00Z
2028-08-16,2028-08-16T13:30:00Z,2028-08-16T20:00:00Z
2028-08-17,2028-08-17T13:30:00Z,2028-08-17T20:00:00Z
2028-08-18,2028-08-18T13:30:00Z,2028-08-18T20:00:00Z
2028-08-21,2028-08-21T13:30:00Z,2028-08-21T20:00:00Z
2028-08-22,2028-08-22T13:30:00Z,2028-08-22T20:00:00Z
2028-08-23,2028-08-23T13:30:00Z,2028-08-23T20:00:00Z
2028-08-24,2028-08-24T13:30:00Z,2028-08-24T20:00:00Z
2028-08-25,2028-08-25T13:30:00Z,2028-08-25T20:00:00Z
2028-08-28,2028-08-28T13:30:00Z,2028-08-28T20:00:00Z
2028-08-29,2028-08-29T13:30:00Z,2028-08-29T20:00:00Z
2028-08-30,2028-08-30T13:30:00Z,2028-08-30T20:00:00Z
2028-08-31,2028-08-31T13:30:00Z,2028-08-31T20:00:00Z
2028-09-01,2028-09-01T13:30:00Z,2028-09-01T20:00:00Z
2028-09-05,2028-09-05T13:30:00Z,2028-09-05T20:00:00Z
2028-09-06,2028-09-06T13:30:00Z,2028-09-06T20:00:00Z
2028-09-07,2028-09-07T13:30:00Z,2028-09-07T20:00:00Z
2028-09-08,2028-09-08T13:30:00Z,2028-09-08T20:00:00Z
2028-09-11,2028-09-11T13:30:00Z,2028-09-11T20:00:00Z
2028-09-12,2028-09-12T13:30:00Z,2028-09-12T20:00:00Z
2028-09-13,2028-09-13T13:30:00Z,2028-09-13T20:00:00Z
2028-09-14,2028-09-14T13:30:00Z,2028-09-14T20:00:00Z
2028-09-15,2028-09-15T13:30:00Z,2028-09-15T20:00:00Z
2028-09-18,2028-09-18T13:30:00Z,2028-09-18T20:00:00Z
2028-09-19,2028-09-19T13:30:00Z,2028-09-19T20:00:00Z
2028-09-20,2028-09-20T13:30:00Z,2028-09-20T20:00:00Z
2028-09-21,2028-09-21T13:30:00Z,2028-09-21T20:00:00Z
2028-09-22,2028-09-22T13:30:00Z,2028-09-22T20:00:00Z
2028-09-25,2028-09-25T13:30:00Z,2028-09-25T20:00:00Z
2028-09-26,2028-09-26T13:30:00Z,2028-09-26T20:00:00Z
2028-09-27,2028-09-27T13:30:00Z,2028-09-27T20:00:00Z
2028-09-28,2028-09-28T13:30:00Z,2028-09-28T20:00:00Z
2028-09-29,2028-09-29T13:30:00Z,2028-09-29T20:00:00Z
2028-10-02,2028-10-02T13:30:00Z,2028-10-02T20:00:00Z
2028-10-03,2028-10-03T13:30:00Z,2028-10-03T20:00:00Z
2028-10-04,2028-10-04T13:30:00Z,2028-10-04T20:00:00Z
2028-10-05,2028-10-05T13:30:00Z,2028-10-05T20:00:00Z
2028-10-06,2028-10-06T13:30:00Z,2028-10-06T20:00:00Z
2028-10-09,2028-10-09T13:30:00Z,2028-10-09T20:00:00Z
2028-10-10,2028-10-10T13:30:00Z,2028-10-10T20:00:00Z
2028-10-11,2028-10-11T13:30:00Z,2028-10-11T20:00:00Z
2028-10-12,2028-10-12T13:30:00Z,2028-10-12T20:00:00Z
2028-10-13,2028-10-13T13:30:00Z,2028-10-13T20:00:00Z
2028-10-16,2028-10-16T13:30:00Z,2028-10-16T20:00:00Z
2028-10-17,2028-10-17T13:30:00Z,2028-10-17T20:00:00Z
2028-10-18,2028-10-18T13:30:00Z,2028-10-18T20:00:00Z
2028-10-19,2028-10-19T13:30:00Z,2028-10-19T20:00:00Z
2028-10-20,2028-10-20T13:30:00Z,2028-10-20T20:00:00Z
2028-10-23,2028-10-23T13:30:00Z,2028-10-23T20:00:00Z
2028-10-24,2028-10-24T13:30:00Z,2028-10-24T20:00:00Z
2028-10-25,2028-10-25T13:30:00Z,2028-10-25T20:00:00Z
2028-10-26,2028-10-26T13:30:00Z,2028-10-26T20:00:00Z
2028-10-27,2028-10-27T13:30:00Z,2028-10-27T20:00:00Z
2028-10-30,2028-10-30T13:30:00Z,2028-10-30T20:00:00Z
2028-10-31,2028-10-31T13:30:00Z,2028-10-31T20:00:00Z
2028-11-01,2028-11-01T13:30:00Z,2028-11-01T20:00:00Z
2028-11-02,2028-11-02T13:30:00Z,2028-11-02T20:00:00Z
2028-11-03,2028-11-03T13:30:00Z,2028-11-03T20:00:00Z
2028-11-06,2028-11-06T14:30:00Z,2028-11-06T21:00:00Z
2028-11-07,2028-11-07T14:30:00Z,2028-11-07T21:00:00Z
2028-11-08,2028-11-08T14:30:00Z,2028-11-08T21:00:00Z
2028-11-09,2028-11-09T14:30:00Z,2028-11-09T21:00:00Z
2028-11-10,2028-11-10T14:30:00Z,2028-11-10T21:00:00Z
2028-11-13,2028-11-13T14:30:00Z,2028-11-13T21:00:00Z
2028-11-14,2028-11-14T14:30:00Z,2028-11-14T21:00:00Z
2028-11-15,2028-11-15T14:30:00Z,2028-11-15T21:00:00Z
2028-11-16,2028-11-16T14:30:00Z,2028-11-16T21:00:00Z
2028-11-17,2028-11-17T14:30:00Z,2028-11-17T21:00:00Z
2028-11-20,2028-11-20T14:30:00Z,2028-11-20T21:00:00Z
2028-11-21,2028-11-21T14:30:00Z,2028-11-21T21:00:00Z
2028-11-22,2028-11-22T14:30:00Z,2028-11-22T21:00:00Z
2028-11-24,2028-11-24T14:30:00Z,2028-11-24T18:00:00Z
2028-11-27,2028-11-27T14:30:00Z,2028-11-27T21:00:00Z
2028-11-28,2028-11-28T14:30:00Z,2028-11-28T21:00:00Z
2028-11-29,2028-11-29T14:30:00Z,2028-11-29T21:00:00Z
2028-11-30,2028-11-30T14:30:00Z,2028-11-30T21:00:00Z
2028-12-01,2028-12-01T14:30:00Z,2028-12-01T21:00:00Z
2028-12-04,2028-12-04T14:30:00Z,2028-12-04T21:00:00Z
2028-12-05,2028-12-05T14:30:00Z,2028-12-05T21:00:00Z
2028-12-06,2028-12-06T14:30:00Z,2028-12-06T21:00:00Z
2028-12-07,2028-12-07T14:30:00Z,2028-12-07T21:00:00Z
2028-12-08,2028-12-08T14:30:00Z,2028-12-08T21:00:00Z
2028-12-11,2028-12-11T14:30:00Z,2028-12-11T21:00:00Z
2028-12-12,2028-12-12T14:30:00Z,2028-12-12T21:00:00Z
2028-12-13,2028-12-13T14:30:00Z,2028-12-13T21:00:00Z
2028-12-14,2028-12-14T14:30:00Z,2028-12-14T21:00:00Z
2028-12-15,2028-12-15T14:30:00Z,2028-12-15T21:00:00Z
2028-12-18,2028-12-18T14:30:00Z,2028-12-18T21:00:00Z
2028-12-19,2028-12-19T14:30:00Z,2028-12-19T21:00:00Z
2028-12-20,2028-12-20T14:30:00Z,2028-12-20T21:00:00Z
2028-12-21,2028-12-21T14:30:00Z,2028-12-21T21:00:00Z
2028-12-22,2028-12-22T14:30:00Z,2028-12-22T21:00:00Z
2028-12-26,2028-12-26T14:30:00Z,2028-12-26T21:00:00Z
2028-12-27,2028-12-27T14:30:00Z,2028-12-27T21:00:00Z
2028-12-28,2028-12-28T14:30:00Z,2028-12-28T21:00:00Z
2028-12-29,2028-12-29T14:30:00Z,2028-12-29T21:00:00Z
2029-01-02,2029-01-02T14:30:00Z,2029-01-02T21:00:00Z
2029-01-03,2029-01-03T14:30:00Z,2029-01-03T21:00:00Z
2029-01-04,2029-01-04T14:30:00Z,2029-01-04T21:00:00Z
2029-01-05,2029-01-05T14:30:00Z,2029-01-05T21:00:00Z
2029-01-08,2029-01-08T14:30:00Z,2029-01-08T21:00:00Z
2029-01-09,2029-01-09T14:30:00Z,2029-01-09T21:00:00Z
2029-01-10,2029-01-10T14:30:00Z,2029-01-10T21:00:00Z
2029-01-11,2029-01-11T14:30:00Z,2029-01-11T21:00:00Z
2029-01-12,2029-01-12T14:30:00Z,2029-01-12T21:00:00Z
2029-01-16,2029-01-16T14:30:00Z,2029-01-16T21:00:00Z
2029-01-17,2029-01-17T14:30:00Z,2029-01-17T21:00:00Z
2029-01-18,2029-01-18T14:30:00Z,2029-01-18T21:00:00Z
2029-01-19,2029-01-19T14:30:00Z,2029-01-19T21:00:00Z
2029-01-22,2029-01-22T14:30:00Z,2029-01-22T21:00:00Z
2029-01-23,2029-01-23T14:30:00Z,2029-01-23T21:00:00Z
2029-01-24,2029-01-24T14:30:00Z,2029-01-24T21:00:00Z
2029-01-25,2029-01-25T14:30:00Z,2029-01-25T21:00:00Z
2029-01-26,2029-01-26T14:30:00Z,2029-01-26T21:00:00Z
2029-01-29,2029-01-29T14:30:00Z,2029-01-29T21:00:00Z
2029-01-30,2029-01-30T14:30:00Z,2029-01-30T21:00:00Z
2029-01-31,2029-01-31T14:30:00Z,2029-01-31T21:00:00Z
2029-02-01,2029-02-01T14:30:00Z,2029-02-01T21:00:00Z
2029-02-02,2029-02-02T14:30:00Z,2029-02-02T21:00:00Z
2029-02-05,2029-02-05T14:30:00Z,2029-02-05T21:00:00Z
2029-02-06,2029-02-06T14:30:00Z,2029-02-06T21:00:00Z
2029-02-07,2029-02-07T14:30:00Z,2029-02-07T21:00:00Z
2029-02-08,2029-02-08T14:30:00Z,2029-02-08T21:00:00Z
2029-02-09,2029-02-09T14:30:00Z,2029-02-09T21:00:00Z
2029-02-12,2029-02-12T14:30:00Z,2029-02-12T21:00:00Z
2029-02-13,2029-02-13T14:30:00Z,2029-02-13T21:00:00Z
2029-02-14,2029-02-14T14:30:00Z,2029-02-14T21:00:00Z
2029-02-15,2029-02-15T14:30:00Z,2029-02-15T21:00:00Z
2029-02-16,2029-02-16T14:30:00Z,2029-02-16T21:00:00Z
2029-02-20,2029-02-20T14:30:00Z,2029-02-20T21:00:00Z
2029-02-21,2029-02-21T14:30:00Z,2029-02-21T21:00:00Z
2029-02-22,2029-02-22T14:30:00Z,2029-02-22T21:00:00Z
2029-02-23,2029-02-23T14:30:00Z,2029-02-23T21:00:00Z
2029-02-26,2029-02-26T14:30:00Z,2029-02-26T21:00:00Z
2029-02-27,2029-02-27T14:30:00Z,2029-02-27T21:00:00Z
2029-02-28,2029-02-28T14:30:00Z,2029-02-28T21:00:00Z
2029-03-01,2029-03-01T14:30:00Z,2029-03-01T21:00:00Z
2029-03-02,2029-03-02T14:30:00Z,2029-03-02T21:00:00Z
2029-03-05,2029-03-05T14:30:00Z,2029-03-05T21:00:00Z
2029-03-06,2029-03-06T14:30:00Z,2029-03-06T21:00:00Z
2029-03-07,2029-03-07T14:30:00Z,2029-03-07T21:00:00Z
2029-03-08,2029-03-08T14:30:00Z,2029-03-08T21:00:00Z
2029-03-09,2029-03-09T14:30:00Z,2029-03-09T21:00:00Z
2029-03-12,2029-03-12T13:30:00Z,2029-03-12T20:00:00Z
2029-03-13,2029-03-13T13:30:00Z,2029-03-13T20:00:00Z
2029-03-14,2029-03-14T13:30:00Z,2029-03-14T20:00:00Z
2029-03-15,2029-03-15T13:30:00Z,2029-03-15T20:00:00Z
2029-03-16,2029-03-16T13:30:00Z,2029-03-16T20:00:00Z
2029-03-19,2029-03-19T13:30:00Z,2029-03-19T20:00:00Z
2029-03-20,2029-03-20T13:30:00Z,2029-03-20T20:00:00Z
2029-03-21,2029-03-21T13:30:00Z,2029-03-21T20:00:00Z
2029-03-22,2029-03-22T13:30:00Z,2029-03-22T20:00:00Z
2029-03-23,2029-03-23T13:30:00Z,2029-03-23T20:00:00Z
2029-03-26,2029-03-26T13:30:00Z,2029-03-26T20:00:00Z
2029-03-27,2029-03-27T13:30:00Z,2029-03-27T20:00:00Z
2029-03-28,2029-03-28T13:30:00Z,2029-03-28T20:00:00Z
2029-03-29,2029-03-29T13:30:00Z,2029-03-29T20:00:00Z
2029-04-02,2029-04-02T13:30:00Z,2029-04-02T20:00:00Z
2029-04-03,2029-04-03T13:30:00Z,2029-04-03T20:00:00Z
2029-04-04,2029-04-04T13:30:00Z,2029-04-04T20:00:00Z
2029-04-05,2029-04-05T13:30:00Z,2029-04-05T20:00:00Z
2029-04-06,2029-04-06T13:30:00Z,2029-04-06T20:00:00Z
2029-04-09,2029-04-09T13:30:00Z,2029-04-09T20:00:00Z
2029-04-10,2029-04-10T13:30:00Z,2029-04-10T20:00:00Z
2029-04-11,2029-04-11T13:30:00Z,2029-04-11T20:00:00Z
2029-04-12,2029-04-12T13:30:00Z,2029-04-12T20:00:00Z
2029-04-13,2029-04-13T13:30:00Z,2029-04-13T20:00:00Z
2029-04-16,2029-04-16T13:30:00Z,2029-04-16T20:00:00Z
2029-04-17,2029-04-17T13:30:00Z,2029-04-17T20:00:00Z
2029-04-18,2029-04-18T13:30:00Z,2029-04-18T20:00:00Z
2029-04-19,2029-04-19T13:30:00Z,2029-04-19T20:00:00Z
2029-04-20,2029-04-20T13:30:00Z,2029-04-20T20:00:00Z
2029-04-23,2029-04-23T13:30:00Z,2029-04-23T20:00:00Z
2029-04-24,2029-04-24T13:30:00Z,2029-04-24T20:00:00Z
2029-04-25,2029-04-25T13:30:00Z,2029-04-25T20:00:00Z
2029-04-26,2029-04-26T13:30:00Z,2029-04-26T20:00:00Z
2029-04-27,2029-04-27T13:30:00Z,2029-04-27T20:00:00Z
2029-04-30,2029-04-30T13:30:00Z,2029-04-30T20:00:00Z
2029-05-01,2029-05-01T13:30:00Z,2029-05-01T20:00:00Z
2029-05-02,2029-05-02T13:30:00Z,2029-05-02T20:00:00Z
2029-05-03,2029-05-03T13:30:00Z,2029-05-03T20:00:00Z
2029-05-04,2029-05-04T13:30:00Z,2029-05-04T20:00:00Z
2029-05-07,2029-05-07T13:30:00Z,2029-05-07T20:00:00Z
2029-05-08,2029-05-08T13:30:00Z,2029-05-08T20:00:00Z
2029-05-09,2029-05-09T13:30:00Z,2029-05-09T20:00:00Z
2029-05-10,2029-05-10T13:30:00Z,2029-05-10T20:00:00Z
2029-05-11,2029-05-11T13:30:00Z,2029-05-11T20:00:00Z
2029-05-14,2029-05-14T13:30:00Z,2029-05-14T20:00:00Z
2029-05-15,2029-05-15T13:30:00Z,2029-05-15T20:00:00Z
2029-05-16,2029-05-16T13:30:00Z,2029-05-16T20:00:00Z
2029-05-17,2029-05-17T13:30:00Z,2029-05-17T20:00:00Z
2029-05-18,2029-05-18T13:30:00Z,2029-05-18T20:00:00Z
2029-05-21,2029-05-21T13:30:00Z,2029-05-21T20:00:00Z
2029-05-22,2029-05-22T13:30:00Z,2029-05-22T20:00:00Z
2029-05-23,2029-05-23T13:30:00Z,2029-05-23T20:00:00Z
2029-05-24,2029-05-24T13:30:00Z,2029-05-24T20:00:00Z
2029-05-25,2029-05-25T13:30:00Z,2029-05-25T20:00:00Z
2029-05-29,2029-05-29T13:30:00Z,2029-05-29T20:00:00Z
2029-05-30,2029-05-30T13:30:00Z,2029-05-30T20:00:00Z
2029-05-31,2029-05-31T13:30:00Z,2029-05-31T20:00:00Z
2029-06-01,2029-06-01T13:30:00Z,2029-06-01T20:00:00Z
2029-06-04,2029-06-04T13:30:00Z,2029-06-04T20:00:00Z
2029-06-05,2029-06-05T13:30:00Z,2029-06-05T20:00:00Z
2029-06-06,2029-06-06T13:30:00Z,2029-06-06T20:00:00Z
2029-06-07,2029-06-07T13:30:00Z,2029-06-07T20:00:00Z
2029-06-08,2029-06-08T13:30:00Z,2029-06-08T20:00:00Z
2029-06-11,2029-06-11T13:30:00Z,2029-06-11T20:00:00Z
2029-06-12,2029-06-12T13:30:00Z,2029-06-12T20:00:00Z
2029-06-13,2029-06-13T13:30:00Z,2029-06-13T20:00:00Z
2029-06-14,2029-06-14T13:30:00Z,2029-06-14T20:00:00Z
2029-06-15,2029-06-15T13:30:00Z,2029-06-15T20:00:00Z
2029-06-18,2029-06-18T13:30:00Z,2029-06-18T20:00:00Z
2029-06-20,2029-06-20T13:30:00Z,2029-06-20T20:00:00Z
2029-06-21,2029-06-21T13:30:00Z,2029-06-21T20:00:00Z
2029-06-22,2029-06-22T13:30:00Z,2029-06-22T20:00:00Z
2029-06-25,2029-06-25T13:30:00Z,2029-06-25T20:00:00Z
2029-06-26,2029-06-26T13:30:00Z,2029-06-26T20:00:00Z
2029-06-27,2029-06-27T13:30:00Z,2029-06-27T20:00:00Z
2029-06-28,2029-06-28T13:30:00Z,2029-06-28T20:00:00Z
2029-06-29,2029-06-29T13:30:00Z,2029-06-29T20:00:00Z
2029-07-02,2029-07-02T13:30:00Z,2029-07-02T20:00:00Z
2029-07-03,2029-07-03T13:30:00Z,2029-07-03T17:00:00Z
2029-07-05,2029-07-05T13:30:00Z,2029-07-05T20:00:00Z
2029-07-06,2029-07-06T13:30:00Z,2029-07-06T20:00:00Z
2029-07-09,2029-07-09T13:30:00Z,2029-07-09T20:00:00Z
2029-07-10,2029-07-10T13:30:00Z,2029-07-10T20:00:00Z
2029-07-11,2029-07-11T13:30:00Z,2029-07-11T20:00:00Z
2029-07-12,2029-07-12T13:30:00Z,2029-07-12T20:00:00Z
2029-07-13,2029-07-13T13:30:00Z,2029-07-13T20:00:00Z
2029-07-16,2029-07-16T13:30:00Z,2029-07-16T20:00:00Z
2029-07-17,2029-07-17T13:30:00Z,2029-07-17T20:00:00Z
2029-07-18,2029-07-18T13:30:00Z,2029-07-18T20:00:00Z
2029-07-19,2029-07-19T13:30:00Z,2029-07-19T20:00:00Z
2029-07-20,2029-07-20T13:30:00Z,2029-07-20T20:00:00Z
2029-07-23,2029-07-23T13:30:00Z,2029-07-23T20:00:00Z
2029-07-24,2029-07-24T13:30:00Z,2029-07-24T20:00:00Z
2029-07-25,2029-07-25T13:30:00Z,2029-07-25T20:00:00Z
2029-07-26,2029-07-26T13:30:00Z,2029-07-26T20:00:00Z
2029-07-27,2029-07-27T13:30:00Z,2029-07-27T20:00:00Z
2029-07-30,2029-07-30T13:30:00Z,2029-07-30T20:00:00Z
2029-07-31,2029-07-31T13:30:00Z,2029-07-31T20:00:00Z
2029-08-01,2029-08-01T13:30:00Z,2029-08-01T20:00:00Z
2029-08-02,2029-08-02T13:30:00Z,2029-08-02T20:00:00Z
2029-08-03,2029-08-03T13:30:00Z,2029-08-03T20:00:00Z
2029-08-06,2029-08-06T13:30:00Z,2029-08-06T20:00:00Z
2029-08-07,2029-08-07T13:30:00Z,2029-08-07T20:00:00Z
2029-08-08,2029-08-08T13:30:00Z,2029-08-08T20:00:00Z
2029-08-09,2029-08-09T13:30:00Z,2029-08-09T20:00:00Z
2029-08-10,2029-08-10T13:30:00Z,2029-08-10T20:00:00Z
2029-08-13,2029-08-13T13:30:00Z,2029-08-13T20:00:00Z
2029-08-14,2029-08-14T13:30:00Z,2029-08-14T20:00:00Z
2029-08-15,2029-08-15T13:30:00Z,2029-08-15T20:00:00Z
2029-08-16,2029-08-16T13:30:00Z,2029-08-16T20:00:00Z
2029-08-17,2029-08-17T13:30:00Z,2029-08-17T20:00:00Z
2029-08-20,2029-08-20T13:30:00Z,2029-08-20T20:00:00Z
2029-08-21,2029-08-21T13:30:00Z,2029-08-21T20:00:00Z
2029-08-22,2029-08-22T13:30:00Z,2029-08-22T20:00:00Z
2029-08-23,2029-08-23T13:30:00Z,2029-08-23T20:00:00Z
2029-08-24,2029-08-24T13:30:00Z,2029-08-24T20:00:00Z
2029-08-27,2029-08-27T13:30:00Z,2029-08-27T20:00:00Z
2029-08-28,2029-08-28T13:30:00Z,2029-08-28T20:00:00Z
2029-08-29,2029-08-29T13:30:00Z,2029-08-29T20:00:00Z
2029-08-30,2029-08-30T13:30:00Z,2029-08-30T20:00:00Z
2029-08-31,2029-08-31T13:30:00Z,2029-08-31T20:00:00Z
2029-09-04,2029-09-04T13:30:00Z,2029-09-04T20:00:00Z
2029-09-05,2029-09-05T13:30:00Z,2029-09-05T20:00:00Z
2029-09-06,2029-09-06T13:30:00Z,2029-09-06T20:00:00Z
2029-09-07,2029-09-07T13:30:00Z,2029-09-07T20:00:00Z
2029-09-10,2029-09-10T13:30:00Z,2029-09-10T20:00:00Z
2029-09-11,2029-09-11T13:30:00Z,2029-09-11T20:00:00Z
2029-09-12,2029-09-12T13:30:00Z,2029-09-12T20:00:00Z
2029-09-13,2029-09-13T13:30:00Z,2029-09-13T20:00:00Z
2029-09-14,2029-09-14T13:30:00Z,2029-09-14T20:00:00Z
2029-09-17,2029-09-17T13:30:00Z,2029-09-17T20:00:00Z
2029-09-18,2029-09-18T13:30:00Z,2029-09-18T20:00:00Z
2029-09-19,2029-09-19T13:30:00Z,2029-09-19T20:00:00Z
2029-09-20,2029-09-20T13:30:00Z,2029-09-20T20:00:00Z
2029-09-21,2029-09-21T13:30:00Z,2029-09-21T20:00:00Z
2029-09-24,2029-09-24T13:30:00Z,2029-09-24T20:00:00Z
2029-09-25,2029-09-25T13:30:00Z,2029-09-25T20:00:00Z
2029-09-26,2029-09-26T13:30:00Z,2029-09-26T20:00:00Z
2029-09-27,2029-09-27T13:30:00Z,2029-09-27T20:00:00Z
2029-09-28,2029-09-28T13:30:00Z,2029-09-28T20:00:00Z
2029-10-01,2029-10-01T13:30:00Z,2029-10-01T20:00:00Z
2029-10-02,2029-10-02T13:30:00Z,2029-10-02T20:00:00Z
2029-10-03,2029-10-03T13:30:00Z,2029-10-03T20:00:00Z
2029-10-04,2029-10-04T13:30:00Z,2029-10-04T20:00:00Z
2029-10-05,2029-10-05T13:30:00Z,2029-10-05T20:00:00Z
2029-10-08,2029-10-08T13:30:00Z,2029-10-08T20:00:00Z
2029-10-09,2029-10-09T13:30:00Z,2029-10-09T20:00:00Z
2029-10-10,2029-10-10T13:30:00Z,2029-10-10T20:00:00Z
2029-10-11,2029-10-11T13:30:00Z,2029-10-11T20:00:00Z
2029-10-12,2029-10-12T13:30:00Z,2029-10-12T20:00:00Z
2029-10-15,2029-10-15T13:30:00Z,2029-10-15T20:00:00Z
2029-10-16,2029-10-16T13:30:00Z,2029-10-16T20:00:00Z
2029-10-17,2029-10-17T13:30:00Z,2029-10-17T20:00:00Z
2029-10-18,2029-10-18T13:30:00Z,2029-10-18T20:00:00Z
2029-10-19,2029-10-19T13:30:00Z,2029-10-19T20:00:00Z
2029-10-22,2029-10-22T13:30:00Z,2029-10-22T20:00:00Z
2029-10-23,2029-10-23T13:30:00Z,2029-10-23T20:00:00Z
2029-10-24,2029-10-24T13:30:00Z,2029-10-24T20:00:00Z
2029-10-25,2029-10-25T13:30:00Z,2029-10-25T20:00:00Z
2029-10-26,2029-10-26T13:30:00Z,2029-10-26T20:00:00Z
2029-10-29,2029-10-29T13:30:00Z,2029-10-29T20:00:00Z
2029-10-30,2029-10-30T13:30:00Z,2029-10-30T20:00:00Z
2029-10-31,2029-10-31T13:30:00Z,2029-10-31T20:00:00Z
2029-11-01,2029-11-01T13:30:00Z,2029-11-01T20:00:00Z
2029-11-02,2029-11-02T13:30:00Z,2029-11-02T20:00:00Z
2029-11-05,2029-11-05T14:30:00Z,2029-11-05T21:00:00Z
2029-11-06,2029-11-06T14:30:00Z,2029-11-06T21:00:00Z
2029-11-07,2029-11-07T14:30:00Z,2029-11-07T21:00:00Z
2029-11-08,2029-11-08T14:30:00Z,2029-11-08T21:00:00Z
2029-11-09,2029-11-09T14:30:00Z,2029-11-09T21:00:00Z
2029-11-12,2029-11-12T14:30:00Z,2029-11-12T21:00:00Z
2029-11-13,2029-11-13T14:30:00Z,2029-11-13T21:00:00Z
2029-11-14,2029-11-14T14:30:00Z,2029-11-14T21:00:00Z
2029-11-15,2029-11-15T14:30:00Z,2029-11-15T21:00:00Z
2029-11-16,2029-11-16T14:30:00Z,2029-11-16T21:00:00Z
2029-11-19,2029-11-19T14:30:00Z,2029-11-19T21:00:00Z
2029-11-20,2029-11-20T14:30:00Z,2029-11-20T21:00:00Z
2029-11-21,2029-11-21T14:30:00Z,2029-11-21T21:00:00Z
2029-11-23,2029-11-23T14:30:00Z,2029-11-23T18:00:00Z
2029-11-26,2029-11-26T14:30:00Z,2029-11-26T21:00:00Z
2029-11-27,2029-11-27T14:30:00Z,2029-11-27T21:00:00Z
2029-11-28,2029-11-28T14:30:00Z,2029-11-28T21:00:00Z
2029-11-29,2029-11-29T14:30:00Z,2029-11-29T21:00:00Z
2029-11-30,2029-11-30T14:30:00Z,2029-11-30T21:00:00Z
2029-12-03,2029-12-03T14:30:00Z,2029-12-03T21:00:00Z
2029-12-04,2029-12-04T14:30:00Z,2029-12-04T21:00:00Z
2029-12-05,2029-12-05T14:30:00Z,2029-12-05T21:00:00Z
2029-12-06,2029-12-06T14:30:00Z,2029-12-06T21:00:00Z
2029-12-07,2029-12-07T14:30:00Z,2029-12-07T21:00:00Z
2029-12-10,2029-12-10T14:30:00Z,2029-12-10T21:00:00Z
2029-12-11,2029-12-11T14:30:00Z,2029-12-11T21:00:00Z
2029-12-12,2029-12-12T14:30:00Z,2029-12-12T21:00:00Z
2029-12-13,2029-12-13T14:30:00Z,2029-12-13T21:00:00Z
2029-12-14,2029-12-14T14:30:00Z,2029-12-14T21:00:00Z
2029-12-17,2029-12-17T14:30:00Z,2029-12-17T21:00:00Z
2029-12-18,2029-12-18T14:30:00Z,2029-12-18T21:00:00Z
2029-12-19,2029-12-19T14:30:00Z,2029-12-19T21:00:00Z
2029-12-20,2029-12-20T14:30:00Z,2029-12-20T21:00:00Z
2029-12-21,2029-12-21T14:30:00Z,2029-12-21T21:00:00Z
2029-12-24,2029-12-24T14:30:00Z,2029-12-24T18:00:00Z
2029-12-26,2029-12-26T14:30:00Z,2029-12-26T21:00:00Z
2029-12-27,2029-12-27T14:30:00Z,2029-12-27T21:00:00Z
2029-12-28,2029-12-28T14:30:00Z,2029-12-28T21:00:00Z
2029-12-31,2029-12-31T14:30:00Z,2029-12-31T21:00:00Z
2030-01-02,2030-01-02T14:30:00Z,2030-01-02T21:00:00Z
2030-01-03,2030-01-03T14:30:00Z,2030-01-03T21:00:00Z
2030-01-04,2030-01-04T14:30:00Z,2030-01-04T21:00:00Z
2030-01-07,2030-01-07T14:30:00Z,2030-01-07T21:00:00Z
2030-01-08,2030-01-08T14:30:00Z,2030-01-08T21:00:00Z
2030-01-09,2030-01-09T14:30:00Z,2030-01-09T21:00:00Z
2030-01-10,2030-01-10T14:30:00Z,2030-01-10T21:00:00Z
2030-01-11,2030-01-11T14:30:00Z,2030-01-11T21:00:00Z
2030-01-14,2030-01-14T14:30:00Z,2030-01-14T21:00:00Z
2030-01-15,2030-01-15T14:30:00Z,2030-01-15T21:00:00Z
2030-01-16,2030-01-16T14:30:00Z,2030-01-16T21:00:00Z
2030-01-17,2030-01-17T14:30:00Z,2030-01-17T21:00:00Z
2030-01-18,2030-01-18T14:30:00Z,2030-01-18T21:00:00Z
2030-01-22,2030-01-22T14:30:00Z,2030-01-22T21:00:00Z
2030-01-23,2030-01-23T14:30:00Z,2030-01-23T21:00:00Z
2030-01-24,2030-01-24T14:30:00Z,2030-01-24T21:00:00Z
2030-01-25,2030-01-25T14:30:00Z,2030-01-25T21:00:00Z
2030-01-28,2030-01-28T14:30:00Z,2030-01-28T21:00:00Z
2030-01-29,2030-01-29T14:30:00Z,2030-01-29T21:00:00Z
2030-01-30,2030-01-30T14:30:00Z,2030-01-30T21:00:00Z
2030-01-31,2030-01-31T14:30:00Z,2030-01-31T21:00:00Z
2030-02-01,2030-02-01T14:30:00Z,2030-02-01T21:00:00Z
2030-02-04,2030-02-04T14:30:00Z,2030-02-04T21:00:00Z
2030-02-05,2030-02-05T14:30:00Z,2030-02-05T21:00:00Z
2030-02-06,2030-02-06T14:30:00Z,2030-02-06T21:00:00Z
2030-02-07,2030-02-07T14:30:00Z,2030-02-07T21:00:00Z
2030-02-08,2030-02-08T14:30:00Z,2030-02-08T21:00:00Z
2030-02-11,2030-02-11T14:30:00Z,2030-02-11T21:00:00Z
2030-02-12,2030-02-12T14:30:00Z,2030-02-12T21:00:00Z
2030-02-13,2030-02-13T14:30:00Z,2030-02-13T21:00:00Z
2030-02-14,2030-02-14T14:30:00Z,2030-02-14T21:00:00Z
2030-02-15,2030-02-15T14:30:00Z,2030-02-15T21:00:00Z
2030-02-19,2030-02-19T14:30:00Z,2030-02-19T21:00:00Z
2030-02-20,2030-02-20T14:30:00Z,2030-02-20T21:00:00Z
2030-02-21,2030-02-21T14:30:00Z,2030-02-21T21:00:00Z
2030-02-22,2030-02-22T14:30:00Z,2030-02-22T21:00:00Z
2030-02-25,2030-02-25T14:30:00Z,2030-02-25T21:00:00Z
2030-02-26,2030-02-26T14:30:00Z,2030-02-26T21:00:00Z
2030-02-27,2030-02-27T14:30:00Z,2030-02-27T21:00:00Z
2030-02-28,2030-02-28T14:30:00Z,2030-02-28T21:00:00Z
2030-03-01,2030-03-01T14:30:00Z,2030-03-01T21:00:00Z
2030-03-04,2030-03-04T14:30:00Z,2030-03-04T21:00:00Z
2030-03-05,2030-03-05T14:30:00Z,2030-03-05T21:00:00Z
2030-03-06,2030-03-06T14:30:00Z,2030-03-06T21:00:00Z
2030-03-07,2030-03-07T14:30:00Z,2030-03-07T21:00:00Z
2030-03-08,2030-03-08T14:30:00Z,2030-03-08T21:00:00Z
2030-03-11,2030-03-11T13:30:00Z,2030-03-11T20:00:00Z
2030-03-12,2030-03-12T13:30:00Z,2030-03-12T20:00:00Z
2030-03-13,2030-03-13T13:30:00Z,2030-03-13T20:00:00Z
2030-03-14,2030-03-14T13:30:00Z,2030-03-14T20:00:00Z
2030-03-15,2030-03-15T13:30:00Z,2030-03-15T20:00:00Z
2030-03-18,2030-03-18T13:30:00Z,2030-03-18T20:00:00Z
2030-03-19,2030-03-19T13:30:00Z,2030-03-19T20:00:00Z
2030-03-20,2030-03-20T13:30:00Z,2030-03-20T20:00:00Z
2030-03-21,2030-03-21T13:30:00Z,2030-03-21T20:00:00Z
2030-03-22,2030-03-22T13:30:00Z,2030-03-22T20:00:00Z
2030-03-25,2030-03-25T13:30:00Z,2030-03-25T20:00:00Z
2030-03-26,2030-03-26T13:30:00Z,2030-03-26T20:00:00Z
2030-03-27,2030-03-27T13:30:00Z,2030-03-27T20:00:00Z
2030-03-28,2030-03-28T13:30:00Z,2030-03-28T20:00:00Z
2030-03-29,2030-03-29T13:30:00Z,2030-03-29T20:00:00Z
2030-04-01,2030-04-01T13:30:00Z,2030-04-01T20:00:00Z
2030-04-02,2030-04-02T13:30:00Z,2030-04-02T20:00:00Z
2030-04-03,2030-04-03T13:30:00Z,2030-04-03T20:00:00Z
2030-04-04,2030-04-04T13:30:00Z,2030-04-04T20:00:00Z
2030-04-05,2030-04-05T13:30:00Z,2030-04-05T20:00:00Z
2030-04-08,2030-04-08T13:30:00Z,2030-04-08T20:00:00Z
2030-04-09,2030-04-09T13:30:00Z,2030-04-09T20:00:00Z
2030-04-10,2030-04-10T13:30:00Z,2030-04-10T20:00:00Z
2030-04-11,2030-04-11T13:30:00Z,2030-04-11T20:00:00Z
2030-04-12,2030-04-12T13:30:00Z,2030-04-12T20:00:00Z
2030-04-15,2030-04-15T13:30:00Z,2030-04-15T20:00:00Z
2030-04-16,2030-04-16T13:30:00Z,2030-04-16T20:00:00Z
2030-04-17,2030-04-17T13:30:00Z,2030-04-17T20:00:00Z
2030-04-18,2030-04-18T13:30:00Z,2030-04-18T20:00:00Z
2030-04-22,2030-04-22T13:30:00Z,2030-04-22T20:00:00Z
2030-04-23,2030-04-23T13:30:00Z,2030-04-23T20:00:00Z
2030-04-24,2030-04-24T13:30:00Z,2030-04-24T20:00:00Z
2030-04-25,2030-04-25T13:30:00Z,2030-04-25T20:00:00Z
2030-04-26,2030-04-26T13:30:00Z,2030-04-26T20:00:00Z
2030-04-29,2030-04-29T13:30:00Z,2030-04-29T20:00:00Z
2030-04-30,2030-04-30T13:30:00Z,2030-04-30T20:00:00Z
2030-05-01,2030-05-01T13:30:00Z,2030-05-01T20:00:00Z
2030-05-02,2030-05-02T13:30:00Z,2030-05-02T20:00:00Z
2030-05-03,2030-05-03T13:30:00Z,2030-05-03T20:00:00Z
2030-05-06,2030-05-06T13:30:00Z,2030-05-06T20:00:00Z
2030-05-07,2030-05-07T13:30:00Z,2030-05-07T20:00:00Z
2030-05-08,2030-05-08T13:30:00Z,2030-05-08T20:00:00Z
2030-05-09,2030-05-09T13:30:00Z,2030-05-09T20:00:00Z
2030-05-10,2030-05-10T13:30:00Z,2030-05-10T20:00:00Z
2030-05-13,2030-05-13T13:30:00Z,2030-05-13T20:00:00Z
2030-05-14,2030-05-14T13:30:00Z,2030-05-14T20:00:00Z
2030-05-15,2030-05-15T13:30:00Z,2030-05-15T20:00:00Z
2030-05-16,2030-05-16T13:30:00Z,2030-05-16T20:00:00Z
2030-05-17,2030-05-17T13:30:00Z,2030-05-17T20:00:00Z
2030-05-20,2030-05-20T13:30:00Z,2030-05-20T20:00:00Z
2030-05-21,2030-05-21T13:30:00Z,2030-05-21T20:00:00Z
2030-05-22,2030-05-22T13:30:00Z,2030-05-22T20:00:00Z
2030-05-23,2030-05-23T13:30:00Z,2030-05-23T20:00:00Z
2030-05-24,2030-05-24T13:30:00Z,2030-05-24T20:00:00Z
2030-05-28,2030-05-28T13:30:00Z,2030-05-28T20:00:00Z
2030-05-29,2030-05-29T13:30:00Z,2030-05-29T20:00:00Z
2030-05-30,2030-05-30T13:30:00Z,2030-05-30T20:00:00Z
2030-05-31,2030-05-31T13:30:00Z,2030-05-31T20:00:00Z
2030-06-03,2030-06-03T13:30:00Z,2030-06-03T20:00:00Z
2030-06-04,2030-06-04T13:30:00Z,2030-06-04T20:00:00Z
2030-06-05,2030-06-05T13:30:00Z,2030-06-05T20:00:00Z
2030-06-06,2030-06-06T13:30:00Z,2030-06-06T20:00:00Z
2030-06-07,2030-06-07T13:30:00Z,2030-06-07T20:00:00Z
2030-06-10,2030-06-10T13:30:00Z,2030-06-10T20:00:00Z
2030-06-11,2030-06-11T13:30:00Z,2030-06-11T20:00:00Z
2030-06-12,2030-06-12T13:30:00Z,2030-06-12T20:00:00Z
2030-06-13,2030-06-13T13:30:00Z,2030-06-13T20:00:00Z
2030-06-14,2030-06-14T13:30:00Z,2030-06-14T20:00:00Z
2030-06-17,2030-06-17T13:30:00Z,2030-06-17T20:00:00Z
2030-06-18,2030-06-18T13:30:00Z,2030-06-18T20:00:00Z
2030-06-20,2030-06-20T13:30:00Z,2030-06-20T20:00:00Z
2030-06-21,2030-06-21T13:30:00Z,2030-06-21T20:00:00Z
2030-06-24,2030-06-24T13:30:00Z,2030-06-24T20:00:00Z
2030-06-25,2030-06-25T13:30:00Z,2030-06-25T20:00:00Z
2030-06-26,2030-06-26T13:30:00Z,2030-06-26T20:00:00Z
2030-06-27,2030-06-27T13:30:00Z,2030-06-27T20:00:00Z
2030-06-28,2030-06-28T13:30:00Z,2030-06-28T20:00:00Z
2030-07-01,2030-07-01T13:30:00Z,2030-07-01T20:00:00Z
2030-07-02,2030-07-02T13:30:00Z,2030-07-02T20:00:00Z
2030-07-03,2030-07-03T13:30:00Z,2030-07-03T17:00:00Z
2030-07-05,2030-07-05T13:30:00Z,2030-07-05T20:00:00Z
2030-07-08,2030-07-08T13:30:00Z,2030-07-08T20:00:00Z
2030-07-09,2030-07-09T13:30:00Z,2030-07-09T20:00:00Z
2030-07-10,2030-07-10T13:30:00Z,2030-07-10T20:00:00Z
2030-07-11,2030-07-11T13:30:00Z,2030-07-11T20:00:00Z
2030-07-12,2030-07-12T13:30:00Z,2030-07-12T20:00:00Z
2030-07-15,2030-07-15T13:30:00Z,2030-07-15T20:00:00Z
2030-07-16,2030-07-16T13:30:00Z,2030-07-16T20:00:00Z
2030-07-17,2030-07-17T13:30:00Z,2030-07-17T20:00:00Z
2030-07-18,2030-07-18T13:30:00Z,2030-07-18T20:00:00Z
2030-07-19,2030-07-19T13:30:00Z,2030-07-19T20:00:00Z
2030-07-22,2030-07-22T13:30:00Z,2030-07-22T20:00:00Z
2030-07-23,2030-07-23T13:30:00Z,2030-07-23T20:00:00Z
2030-07-24,2030-07-24T13:30:00Z,2030-07-24T20:00:00Z
2030-07-25,2030-07-25T13:30:00Z,2030-07-25T20:00:00Z
2030-07-26,2030-07-26T13:30:00Z,2030-07-26T20:00:00Z
2030-07-29,2030-07-29T13:30:00Z,2030-07-29T20:00:00Z
2030-07-30,2030-07-30T13:30:00Z,2030-07-30T20:00:00Z
2030-07-31,2030-07-31T13:30:00Z,2030-07-31T20:00:00Z
2030-08-01,2030-08-01T13:30:00Z,2030-08-01T20:00:00Z
2030-08-02,2030-08-02T13:30:00Z,2030-08-02T20:00:00Z
2030-08-05,2030-08-05T13:30:00Z,2030-08-05T20:00:00Z
2030-08-06,2030-08-06T13:30:00Z,2030-08-06T20:00:00Z
2030-08-07,2030-08-07T13:30:00Z,2030-08-07T20:00:00Z
2030-08-08,2030-08-08T13:30:00Z,2030-08-08T20:00:00Z
2030-08-09,2030-08-09T13:30:00Z,2030-08-09T20:00:00Z
2030-08-12,2030-08-12T13:30:00Z,2030-08-12T20:00:00Z
2030-08-13,2030-08-13T13:30:00Z,2030-08-13T20:00:00Z
2030-08-14,2030-08-14T13:30:00Z,2030-08-14T20:00:00Z
2030-08-15,2030-08-15T13:30:00Z,2030-08-15T20:00:00Z
2030-08-16,2030-08-16T13:30:00Z,2030-08-16T20:00:00Z
2030-08-19,2030-08-19T13:30:00Z,2030-08-19T20:00:00Z
2030-08-20,2030-08-20T13:30:00Z,2030-08-20T20:00:00Z
2030-08-21,2030-08-21T13:30:00Z,2030-08-21T20:00:00Z
2030-08-22,2030-08-22T13:30:00Z,2030-08-22T20:00:00Z
2030-08-23,2030-08-23T13:30:00Z,2030-08-23T20:00:00Z
2030-08-26,2030-08-26T13:30:00Z,2030-08-26T20:00:00Z
2030-08-27,2030-08-27T13:30:00Z,2030-08-27T20:00:00Z
2030-08-28,2030-08-28T13:30:00Z,2030-08-28T20:00:00Z
2030-08-29,2030-08-29T13:30:00Z,2030-08-29T20:00:00Z
2030-08-30,2030-08-30T13:30:00Z,2030-08-30T20:00:00Z
2030-09-03,2030-09-03T13:30:00Z,2030-09-03T20:00:00Z
2030-09-04,2030-09-04T13:30:00Z,2030-09-04T20:00:00Z
2030-09-05,2030-09-05T13:30:00Z,2030-09-05T20:00:00Z
2030-09-06,2030-09-06T13:30:00Z,2030-09-06T20:00:00Z
2030-09-09,2030-09-09T13:30:00Z,2030-09-09T20:00:00Z
2030-09-10,2030-09-10T13:30:00Z,2030-09-10T20:00:00Z
2030-09-11,2030-09-11T13:30:00Z,2030-09-11T20:00:00Z
2030-09-12,2030-09-12T13:30:00Z,2030-09-12T20:00:00Z
2030-09-13,2030-09-13T13:30:00Z,2030-09-13T20:00:00Z
2030-09-16,2030-09-16T13:30:00Z,2030-09-16T20:00:00Z
2030-09-17,2030-09-17T13:30:00Z,2030-09-17T20:00:00Z
2030-09-18,2030-09-18T13:30:00Z,2030-09-18T20:00:00Z
2030-09-19,2030-09-19T13:30:00Z,2030-09-19T20:00:00Z
2030-09-20,2030-09-20T13:30:00Z,2030-09-20T20:00:00Z
2030-09-23,2030-09-23T13:30:00Z,2030-09-23T20:00:00Z
2030-09-24,2030-09-24T13:30:00Z,2030-09-24T20:00:00Z
2030-09-25,2030-09-25T13:30:00Z,2030-09-25T20:00:00Z
2030-09-26,2030-09-26T13:30:00Z,2030-09-26T20:00:00Z
2030-09-27,2030-09-27T13:30:00Z,2030-09-27T20:00:00Z
2030-09-30,2030-09-30T13:30:00Z,2030-09-30T20:00:00Z
2030-10-01,2030-10-01T13:30:00Z,2030-10-01T20:00:00Z
2030-10-02,2030-10-02T13:30:00Z,2030-10-02T20:00:00Z
2030-10-03,2030-10-03T13:30:00Z,2030-10-03T20:00:00Z
2030-10-04,2030-10-04T13:30:00Z,2030-10-04T20:00:00Z
2030-10-07,2030-10-07T13:30:00Z,2030-10-07T20:00:00Z
2030-10-08,2030-10-08T13:30:00Z,2030-10-08T20:00:00Z
2030-10-09,2030-10-09T13:30:00Z,2030-10-09T20:00:00Z
2030-10-10,2030-10-10T13:30:00Z,2030-10-10T20:00:00Z
2030-10-11,2030-10-11T13:30:00Z,2030-10-11T20:00:00Z
2030-10-14,2030-10-14T13:30:00Z,2030-10-14T20:00:00Z
2030-10-15,2030-10-15T13:30:00Z,2030-10-15T20:00:00Z
2030-10-16,2030-10-16T13:30:00Z,2030-10-16T20:00:00Z
2030-10-17,2030-10-17T13:30:00Z,2030-10-17T20:00:00Z
2030-10-18,2030-10-18T13:30:00Z,2030-10-18T20:00:00Z
2030-10-21,2030-10-21T13:30:00Z,2030-10-21T20:00:00Z
2030-10-22,2030-10-22T13:30:00Z,2030-10-22T20:00:00Z
2030-10-23,2030-10-23T13:30:00Z,2030-10-23T20:00:00Z
2030-10-24,2030-10-24T13:30:00Z,2030-10-24T20:00:00Z
2030-10-25,2030-10-25T13:30:00Z,2030-10-25T20:00:00Z
2030-10-28,2030-10-28T13:30:00Z,2030-10-28T20:00:00Z
2030-10-29,2030-10-29T13:30:00Z,2030-10-29T20:00:00Z
2030-10-30,2030-10-30T13:30:00Z,2030-10-30T20:00:00Z
2030-10-31,2030-10-31T13:30:00Z,2030-10-31T20:00:00Z
2030-11-01,2030-11-01T13:30:00Z,2030-11-01T20:00:00Z
2030-11-04,2030-11-04T14:30:00Z,2030-11-04T21:00:00Z
2030-11-05,2030-11-05T14:30:00Z,2030-11-05T21:00:00Z
2030-11-06,2030-11-06T14:30:00Z,2030-11-06T21:00:00Z
2030-11-07,2030-11-07T14:30:00Z,2030-11-07T21:00:00Z
2030-11-08,2030-11-08T14:30:00Z,2030-11-08T21:00:00Z
2030-11-11,2030-11-11T14:30:00Z,2030-11-11T21:00:00Z
2030-11-12,2030-11-12T14:30:00Z,2030-11-12T21:00:00Z
2030-11-13,2030-11-13T14:30:00Z,2030-11-13T21:00:00Z
2030-11-14,2030-11-14T14:30:00Z,2030-11-14T21:00:00Z
2030-11-15,2030-11-15T14:30:00Z,2030-11-15T21:00:00Z
2030-11-18,2030-11-18T14:30:00Z,2030-11-18T21:00:00Z
2030-11-19,2030-11-19T14:30:00Z,2030-11-19T21:00:00Z
2030-11-20,2030-11-20T14:30:00Z,2030-11-20T21:00:00Z
2030-11-21,2030-11-21T14:30:00Z,2030-11-21T21:00:00Z
2030-11-22,2030-11-22T14:30:00Z,2030-11-22T21:00:00Z
2030-11-25,2030-11-25T14:30:00Z,2030-11-25T21:00:00Z
2030-11-26,2030-11-26T14:30:00Z,2030-11-26T21:00:00Z
2030-11-27,2030-11-27T14:30:00Z,2030-11-27T21:00:00Z
2030-11-29,2030-11-29T14:30:00Z,2030-11-29T18:00:00Z
2030-12-02,2030-12-02T14:30:00Z,2030-12-02T21:00:00Z
2030-12-03,2030-12-03T14:30:00Z,2030-12-03T21:00:00Z
2030-12-04,2030-12-04T14:30:00Z,2030-12-04T21:00:00Z
2030-12-05,2030-12-05T14:30:00Z,2030-12-05T21:00:00Z
2030-12-06,2030-12-06T14:30:00Z,2030-12-06T21:00:00Z
2030-12-09,2030-12-09T14:30:00Z,2030-12-09T21:00:00Z
2030-12-10,2030-12-10T14:30:00Z,2030-12-10T21:00:00Z
2030-12-11,2030-12-11T14:30:00Z,2030-12-11T21:00:00Z
2030-12-12,2030-12-12T14:30:00Z,2030-12-12T21:00:00Z
2030-12-13,2030-12-13T14:30:00Z,2030-12-13T21:00:00Z
2030-12-16,2030-12-16T14:30:00Z,2030-12-16T21:00:00Z
2030-12-17,2030-12-17T14:30:00Z,2030-12-17T21:00:00Z
2030-12-18,2030-12-18T14:30:00Z,2030-12-18T21:00:00Z
2030-12-19,2030-12-19T14:30:00Z,2030-12-19T21:00:00Z
2030-12-20,2030-12-20T14:30:00Z,2030-12-20T21:00:00Z
2030-12-23,2030-12-23T14:30:00Z,2030-12-23T21:00:00Z
2030-12-24,2030-12-24T14:30:00Z,2030-12-24T18:00:00Z
2030-12-26,2030-12-26T14:30:00Z,2030-12-26T21:00:00Z
2030-12-27,2030-12-27T14:30:00Z,2030-12-27T21:00:00Z
2030-12-30,2030-12-30T14:30:00Z,2030-12-30T21:00:00Z
2030-12-31,2030-12-31T14:30:00Z,2030-12-31T21:00:00Z
2031-01-02,2031-01-02T14:30:00Z,2031-01-02T21:00:00Z
2031-01-03,2031-01-03T14:30:00Z,2031-01-03T21:00:00Z
2031-01-06,2031-01-06T14:30:00Z,2031-01-06T21:00:00Z
2031-01-07,2031-01-07T14:30:00Z,2031-01-07T21:00:00Z
2031-01-08,2031-01-08T14:30:00Z,2031-01-08T21:00:00Z
2031-01-09,2031-01-09T14:30:00Z,2031-01-09T21:00:00Z
2031-01-10,2031-01-10T14:30:00Z,2031-01-10T21:00:00Z
2031-01-13,2031-01-13T14:30:00Z,2031-01-13T21:00:00Z
2031-01-14,2031-01-14T14:30:00Z,2031-01-14T21:00:00Z
2031-01-15,2031-01-15T14:30:00Z,2031-01-15T21:00:00Z
2031-01-16,2031-01-16T14:30:00Z,2031-01-16T21:00:00Z
2031-01-17,2031-01-17T14:30:00Z,2031-01-17T21:00:00Z
2031-01-21,2031-01-21T14:30:00Z,2031-01-21T21:00:00Z
2031-01-22,2031-01-22T14:30:00Z,2031-01-22T21:00:00Z
2031-01-23,2031-01-23T14:30:00Z,2031-01-23T21:00:00Z
2031-01-24,2031-01-24T14:30:00Z,2031-01-24T21:00:00Z
2031-01-27,2031-01-27T14:30:00Z,2031-01-27T21:00:00Z
2031-01-28,2031-01-28T14:30:00Z,2031-01-28T21:00:00Z
2031-01-29,2031-01-29T14:30:00Z,2031-01-29T21:00:00Z
2031-01-30,2031-01-30T14:30:00Z,2031-01-30T21:00:00Z
2031-01-31,2031-01-31T14:30:00Z,2031-01-31T21:00:00Z
2031-02-03,2031-02-03T14:30:00Z,2031-02-03T21:00:00Z
2031-02-04,2031-02-04T14:30:00Z,2031-02-04T21:00:00Z
2031-02-05,2031-02-05T14:30:00Z,2031-02-05T21:00:00Z
2031-02-06,2031-02-06T14:30:00Z,2031-02-06T21:00:00Z
2031-02-07,2031-02-07T14:30:00Z,2031-02-07T21:00:00Z
2031-02-10,2031-02-10T14:30:00Z,2031-02-10T21:00:00Z
2031-02-11,2031-02-11T14:30:00Z,2031-02-11T21:00:00Z
2031-02-12,2031-02-12T14:30:00Z,2031-02-12T21:00:00Z
2031-02-13,2031-02-13T14:30:00Z,2031-02-13T21:00:00Z
2031-02-14,2031-02-14T14:30:00Z,2031-02-14T21:00:00Z
2031-02-18,2031-02-18T14:30:00Z,2031-02-18T21:00:00Z
2031-02-19,2031-02-19T14:30:00Z,2031-02-19T21:00:00Z
2031-02-20,2031-02-20T14:30:00Z,2031-02-20T21:00:00Z
2031-02-21,2031-02-21T14:30:00Z,2031-02-21T21:00:00Z
2031-02-24,2031-02-24T14:30:00Z,2031-02-24T21:00:00Z
2031-02-25,2031-02-25T14:30:00Z,2031-02-25T21:00:00Z
2031-02-26,2031-02-26T14:30:00Z,2031-02-26T21:00:00Z
2031-02-27,2031-02-27T14:30:00Z,2031-02-27T21:00:00Z
2031-02-28,2031-02-28T14:30:00Z,2031-02-28T21:00:00Z
2031-03-03,2031-03-03T14:30:00Z,2031-03-03T21:00:00Z
2031-03-04,2031-03-04T14:30:00Z,2031-03-04T21:00:00Z
2031-03-05,2031-03-05T14:30:00Z,2031-03-05T21:00:00Z
2031-03-06,2031-03-06T14:30:00Z,2031-03-06T21:00:00Z
2031-03-07,2031-03-07T14:30:00Z,2031-03-07T21:00:00Z
2031-03-10,2031-03-10T13:30:00Z,2031-03-10T20:00:00Z
2031-03-11,2031-03-11T13:30:00Z,2031-03-11T20:00:00Z
2031-03-12,2031-03-12T13:30:00Z,2031-03-12T20:00:00Z
2031-03-13,2031-03-13T13:30:00Z,2031-03-13T20:00:00Z
2031-03-14,2031-03-14T13:30:00Z,2031-03-14T20:00:00Z
2031-03-17,2031-03-17T13:30:00Z,2031-03-17T20:00:00Z
2031-03-18,2031-03-18T13:30:00Z,2031-03-18T20:00:00Z
2031-03-19,2031-03-19T13:30:00Z,2031-03-19T20:00:00Z
2031-03-20,2031-03-20T13:30:00Z,2031-03-20T20:00:00Z
2031-03-21,2031-03-21T13:30:00Z,2031-03-21T20:00:00Z
2031-03-24,2031-03-24T13:30:00Z,2031-03-24T20:00:00Z
2031-03-25,2031-03-25T13:30:00Z,2031-03-25T20:00:00Z
2031-03-26,2031-03-26T13:30:00Z,2031-03-26T20:00:00Z
2031-03-27,2031-03-27T13:30:00Z,2031-03-27T20:00:00Z
2031-03-28,2031-03-28T13:30:00Z,2031-03-28T20:00:00Z
2031-03-31,2031-03-31T13:30:00Z,2031-03-31T20:00:00Z
2031-04-01,2031-04-01T13:30:00Z,2031-04-01T20:00:00Z
2031-04-02,2031-04-02T13:30:00Z,2031-04-02T20:00:00Z
2031-04-03,2031-04-03T13:30:00Z,2031-04-03T20:00:00Z
2031-04-04,2031-04-04T13:30:00Z,2031-04-04T20:00:00Z
2031-04-07,2031-04-07T13:30:00Z,2031-04-07T20:00:00Z
2031-04-08,2031-04-08T13:30:00Z,2031-04-08T20:00:00Z
2031-04-09,2031-04-09T13:30:00Z,2031-04-09T20:00:00Z
2031-04-10,2031-04-10T13:30:00Z,2031-04-10T20:00:00Z
2031-04-14,2031-04-14T13:30:00Z,2031-04-14T20:00:00Z
2031-04-15,2031-04-15T13:30:00Z,2031-04-15T20:00:00Z
2031-04-16,2031-04-16T13:30:00Z,2031-04-16T20:00:00Z
2031-04-17,2031-04-17T13:30:00Z,2031-04-17T20:00:00Z
2031-04-18,2031-04-18T13:30:00Z,2031-04-18T20:00:00Z
2031-04-21,2031-04-21T13:30:00Z,2031-04-21T20:00:00Z
2031-04-22,2031-04-22T13:30:00Z,2031-04-22T20:00:00Z
2031-04-23,2031-04-23T13:30:00Z,2031-04-23T20:00:00Z
2031-04-24,2031-04-24T13:30:00Z,2031-04-24T20:00:00Z
2031-04-25,2031-04-25T13:30:00Z,2031-04-25T20:00:00Z
2031-04-28,2031-04-28T13:30:00Z,2031-04-28T20:00:00Z
2031-04-29,2031-04-29T13:30:00Z,2031-04-29T20:00:00Z
2031-04-30,2031-04-30T13:30:00Z,2031-04-30T20:00:00Z
2031-05-01,2031-05-01T13:30:00Z,2031-05-01T20:00:00Z
2031-05-02,2031-05-02T13:30:00Z,2031-05-02T20:00:00Z
2031-05-05,2031-05-05T13:30:00Z,2031-05-05T20:00:00Z
2031-05-06,2031-05-06T13:30:00Z,2031-05-06T20:00:00Z
2031-05-07,2031-05-07T13:30:00Z,2031-05-07T20:00:00Z
2031-05-08,2031-05-08T13:30:00Z,2031-05-08T20:00:00Z
2031-05-09,2031-05-09T13:30:00Z,2031-05-09T20:00:00Z
2031-05-12,2031-05-12T13:30:00Z,2031-05-12T20:00:00Z
2031-05-13,2031-05-13T13:30:00Z,2031-05-13T20:00:00Z
2031-05-14,2031-05-14T13:30:00Z,2031-05-14T20:00:00Z
2031-05-15,2031-05-15T13:30:00Z,2031-05-15T20:00:00Z
2031-05-16,2031-05-16T13:30:00Z,2031-05-16T20:00:00Z
2031-05-19,2031-05-19T13:30:00Z,2031-05-19T20:00:00Z
2031-05-20,2031-05-20T13:30:00Z,2031-05-20T20:00:00Z
2031-05-21,2031-05-21T13:30:00Z,2031-05-21T20:00:00Z
2031-05-22,2031-05-22T13:30:00Z,2031-05-22T20:00:00Z
2031-05-23,2031-05-23T13:30:00Z,2031-05-23T20:00:00Z
2031-05-27,2031-05-27T13:30:00Z,2031-05-27T20:00:00Z
2031-05-28,2031-05-28T13:30:00Z,2031-05-28T20:00:00Z
2031-05-29,2031-05-29T13:30:00Z,2031-05-29T20:00:00Z
2031-05-30,2031-05-30T13:30:00Z,2031-05-30T20:00:00Z
2031-06-02,2031-06-02T13:30:00Z,2031-06-02T20:00:00Z
2031-06-03,2031-06-03T13:30:00Z,2031-06-03T20:00:00Z
2031-06-04,2031-06-04T13:30:00Z,2031-06-04T20:00:00Z
2031-06-05,2031-06-05T13:30:00Z,2031-06-05T20:00:00Z
2031-06-06,2031-06-06T13:30:00Z,2031-06-06T20:00:00Z
2031-06-09,2031-06-09T13:30:00Z,2031-06-09T20:00:00Z
2031-06-10,2031-06-10T13:30:00Z,2031-06-10T20:00:00Z
2031-06-11,2031-06-11T13:30:00Z,2031-06-11T20:00:00Z
2031-06-12,2031-06-12T13:30:00Z,2031-06-12T20:00:00Z
2031-06-13,2031-06-13T13:30:00Z,2031-06-13T20:00:00Z
2031-06-16,2031-06-16T13:30:00Z,2031-06-16T20:00:00Z
2031-06-17,2031-06-17T13:30:00Z,2031-06-17T20:00:00Z
2031-06-18,2031-06-18T13:30:00Z,2031-06-18T20:00:00Z
2031-06-20,2031-06-20T13:30:00Z,2031-06-20T20:00:00Z
2031-06-23,2031-06-23T13:30:00Z,2031-06-23T20:00:00Z
2031-06-24,2031-06-24T13:30:00Z,2031-06-24T20:00:00Z
2031-06-25,2031-06-25T13:30:00Z,2031-06-25T20:00:00Z
2031-06-26,2031-06-26T13:30:00Z,2031-06-26T20:00:00Z
2031-06-27,2031-06-27T13:30:00Z,2031-06-27T20:00:00Z
2031-06-30,2031-06-30T13:30:00Z,2031-06-30T20:00:00Z
2031-07-01,2031-07-01T13:30:00Z,2031-07-01T20:00:00Z
2031-07-02,2031-07-02T13:30:00Z,2031-07-02T20:00:00Z
2031-07-03,2031-07-03T13:30:00Z,2031-07-03T17:00:00Z
2031-07-07,2031-07-07T13:30:00Z,2031-07-07T20:00:00Z
2031-07-08,2031-07-08T13:30:00Z,2031-07-08T20:00:00Z
2031-07-09,2031-07-09T13:30:00Z,2031-07-09T20:00:00Z
2031-07-10,2031-07-10T13:30:00Z,2031-07-10T20:00:00Z
2031-07-11,2031-07-11T13:30:00Z,2031-07-11T20:00:00Z
2031-07-14,2031-07-14T13:30:00Z,2031-07-14T20:00:00Z
2031-07-15,2031-07-15T13:30:00Z,2031-07-15T20:00:00Z
2031-07-16,2031-07-16T13:30:00Z,2031-07-16T20:00:00Z
2031-07-17,2031-07-17T13:30:00Z,2031-07-17T20:00:00Z
2031-07-18,2031-07-18T13:30:00Z,2031-07-18T20:00:00Z
2031-07-21,2031-07-21T13:30:00Z,2031-07-21T20:00:00Z
2031-07-22,2031-07-22T13:30:00Z,2031-07-22T20:00:00Z
2031-07-23,2031-07-23T13:30:00Z,2031-07-23T20:00:00Z
2031-07-24,2031-07-24T13:30:00Z,2031-07-24T20:00:00Z
2031-07-25,2031-07-25T13:30:00Z,2031-07-25T20:00:00Z
2031-07-28,2031-07-28T13:30:00Z,2031-07-28T20:00:00Z
2031-07-29,2031-07-29T13:30:00Z,2031-07-29T20:00:00Z
2031-07-30,2031-07-30T13:30:00Z,2031-07-30T20:00:00Z
2031-07-31,2031-07-31T13:30:00Z,2031-07-31T20:00:00Z
2031-08-01,2031-08-01T13:30:00Z,2031-08-01T20:00:00Z
2031-08-04,2031-08-04T13:30:00Z,2031-08-04T20:00:00Z
2031-08-05,2031-08-05T13:30:00Z,2031-08-05T20:00:00Z
2031-08-06,2031-08-06T13:30:00Z,2031-08-06T20:00:00Z
2031-08-07,2031-08-07T13:30:00Z,2031-08-07T20:00:00Z
2031-08-08,2031-08-08T13:30:00Z,2031-08-08T20:00:00Z
2031-08-11,2031-08-11T13:30:00Z,2031-08-11T20:00:00Z
2031-08-12,2031-08-12T13:30:00Z,2031-08-12T20:00:00Z
2031-08-13,2031-08-13T13:30:00Z,2031-08-13T20:00:00Z
2031-08-14,2031-08-14T13:30:00Z,2031-08-14T20:00:00Z
2031-08-15,2031-08-15T13:30:00Z,2031-08-15T20:00:00Z
2031-08-18,2031-08-18T13:30:00Z,2031-08-18T20:00:00Z
2031-08-19,2031-08-19T13:30:00Z,2031-08-19T20:00:00Z
2031-08-20,2031-08-20T13:30:00Z,2031-08-20T20:00:00Z
2031-08-21,2031-08-21T13:30:00Z,2031-08-21T20:00:00Z
2031-08-22,2031-08-22T13:30:00Z,2031-08-22T20:00:00Z
2031-08-25,2031-08-25T13:30:00Z,2031-08-25T20:00:00Z
2031-08-26,2031-08-26T13:30:00Z,2031-08-26T20:00:00Z
2031-08-27,2031-08-27T13:30:00Z,2031-08-27T20:00:00Z
2031-08-28,2031-08-28T13:30:00Z,2031-08-28T20:00:00Z
2031-08-29,2031-08-29T13:30:00Z,2031-08-29T20:00:00Z
2031-09-02,2031-09-02T13:30:00Z,2031-09-02T20:00:00Z
2031-09-03,2031-09-03T13:30:00Z,2031-09-03T20:00:00Z
2031-09-04,2031-09-04T13:30:00Z,2031-09-04T20:00:00Z
2031-09-05,2031-09-05T13:30:00Z,2031-09-05T20:00:00Z
2031-09-08,2031-09-08T13:30:00Z,2031-09-08T20:00:00Z
2031-09-09,2031-09-09T13:30:00Z,2031-09-09T20:00:00Z
2031-09-10,2031-09-10T13:30:00Z,2031-09-10T20:00:00Z
2031-09-11,2031-09-11T13:30:00Z,2031-09-11T20:00:00Z
2031-09-12,2031-09-12T13:30:00Z,2031-09-12T20:00:00Z
2031-09-15,2031-09-15T13:30:00Z,2031-09-15T20:00:00Z
2031-09-16,2031-09-16T13:30:00Z,2031-09-16T20:00:00Z
2031-09-17,2031-09-17T13:30:00Z,2031-09-17T20:00:00Z
2031-09-18,2031-09-18T13:30:00Z,2031-09-18T20:00:00Z
2031-09-19,2031-09-19T13:30:00Z,2031-09-19T20:00:00Z
2031-09-22,2031-09-22T13:30:00Z,2031-09-22T20:00:00Z
2031-09-23,2031-09-23T13:30:00Z,2031-09-23T20:00:00Z
2031-09-24,2031-09-24T13:30:00Z,2031-09-24T20:00:00Z
2031-09-25,2031-09-25T13:30:00Z,2031-09-25T20:00:00Z
2031-09-26,2031-09-26T13:30:00Z,2031-09-26T20:00:00Z
2031-09-29,2031-09-29T13:30:00Z,2031-09-29T20:00:00Z
2031-09-30,2031-09-30T13:30:00Z,2031-09-30T20:00:00Z
2031-10-01,2031-10-01T13:30:00Z,2031-10-01T20:00:00Z
2031-10-02,2031-10-02T13:30:00Z,2031-10-02T20:00:00Z
2031-10-03,2031-10-03T13:30:00Z,2031-10-03T20:00:00Z
2031-10-06,2031-10-06T13:30:00Z,2031-10-06T20:00:00Z
2031-10-07,2031-10-07T13:30:00Z,2031-10-07T20:00:00Z
2031-10-08,2031-10-08T13:30:00Z,2031-10-08T20:00:00Z
2031-10-09,2031-10-09T13:30:00Z,2031-10-09T20:00:00Z
2031-10-10,2031-10-10T13:30:00Z,2031-10-10T20:00:00Z
2031-10-13,2031-10-13T13:30:00Z,2031-10-13T20:00:00Z
2031-10-14,2031-10-14T13:30:00Z,2031-10-14T20:00:00Z
2031-10-15,2031-10-15T13:30:00Z,2031-10-15T20:00:00Z
2031-10-16,2031-10-16T13:30:00Z,2031-10-16T20:00:00Z
2031-10-17,2031-10-17T13:30:00Z,2031-10-17T20:00:00Z
2031-10-20,2031-10-20T13:30:00Z,2031-10-20T20:00:00Z
2031-10-21,2031-10-21T13:30:00Z,2031-10-21T20:00:00Z
2031-10-22,2031-10-22T13:30:00Z,2031-10-22T20:00:00Z
2031-10-23,2031-10-23T13:30:00Z,2031-10-23T20:00:00Z
2031-10-24,2031-10-24T13:30:00Z,2031-10-24T20:00:00Z
2031-10-27,2031-10-27T13:30:00Z,2031-10-27T20:00:00Z
2031-10-28,2031-10-28T13:30:00Z,2031-10-28T20:00:00Z
2031-10-29,2031-10-29T13:30:00Z,2031-10-29T20:00:00Z
2031-10-30,2031-10-30T13:30:00Z,2031-10-30T20:00:00Z
2031-10-31,2031-10-31T13:30:00Z,2031-10-31T20:00:00Z
2031-11-03,2031-11-03T14:30:00Z,2031-11-03T21:00:00Z
2031-11-04,2031-11-04T14:30:00Z,2031-11-04T21:00:00Z
2031-11-05,2031-11-05T14:30:00Z,2031-11-05T21:00:00Z
2031-11-06,2031-11-06T14:30:00Z,2031-11-06T21:00:00Z
2031-11-07,2031-11-07T14:30:00Z,2031-11-07T21:00:00Z
2031-11-10,2031-11-10T14:30:00Z,2031-11-10T21:00:00Z
2031-11-11,2031-11-11T14:30:00Z,2031-11-11T21:00:00Z
2031-11-12,2031-11-12T14:30:00Z,2031-11-12T21:00:00Z
2031-11-13,2031-11-13T14:30:00Z,2031-11-13T21:00:00Z
2031-11-14,2031-11-14T14:30:00Z,2031-11-14T21:00:00Z
2031-11-17,2031-11-17T14:30:00Z,2031-11-17T21:00:00Z
2031-11-18,2031-11-18T14:30:00Z,2031-11-18T21:00:00Z
2031-11-19,2031-11-19T14:30:00Z,2031-11-19T21:00:00Z
2031-11-20,2031-11-20T14:30:00Z,2031-11-20T21:00:00Z
2031-11-21,2031-11-21T14:30:00Z,2031-11-21T21:00:00Z
2031-11-24,2031-11-24T14:30:00Z,2031-11-24T21:00:00Z
2031-11-25,2031-11-25T14:30:00Z,2031-11-25T21:00:00Z
2031-11-26,2031-11-26T14:30:00Z,2031-11-26T21:00:00Z
2031-11-28,2031-11-28T14:30:00Z,2031-11-28T18:00:00Z
2031-12-01,2031-12-01T14:30:00Z,2031-12-01T21:00:00Z
2031-12-02,2031-12-02T14:30:00Z,2031-12-02T21:00:00Z
2031-12-03,2031-12-03T14:30:00Z,2031-12-03T21:00:00Z
2031-12-04,2031-12-04T14:30:00Z,2031-12-04T21:00:00Z
2031-12-05,2031-12-05T14:30:00Z,2031-12-05T21:00:00Z
2031-12-08,2031-12-08T14:30:00Z,2031-12-08T21:00:00Z
2031-12-09,2031-12-09T14:30:00Z,2031-12-09T21:00:00Z
2031-12-10,2031-12-10T14:30:00Z,2031-12-10T21:00:00Z
2031-12-11,2031-12-11T14:30:00Z,2031-12-11T21:00:00Z
2031-12-12,2031-12-12T14:30:00Z,2031-12-12T21:00:00Z
2031-12-15,2031-12-15T14:30:00Z,2031-12-15T21:00:00Z
2031-12-16,2031-12-16T14:30:00Z,2031-12-16T21:00:00Z
2031-12-17,2031-12-17T14:30:00Z,2031-12-17T21:00:00Z
2031-12-18,2031-12-18T14:30:00Z,2031-12-18T21:00:00Z
2031-12-19,2031-12-19T14:30:00Z,2031-12-19T21:00:00Z
2031-12-22,2031-12-22T14:30:00Z,2031-12-22T21:00:00Z
2031-12-23,2031-12-23T14:30:00Z,2031-12-23T21:00:00Z
2031-12-24,2031-12-24T14:30:00Z,2031-12-24T18:00:00Z
2031-12-26,2031-12-26T14:30:00Z,2031-12-26T21:00:00Z
2031-12-29,2031-12-29T14:30:00Z,2031-12-29T21:00:00Z
2031-12-30,2031-12-30T14:30:00Z,2031-12-30T21:00:00Z
2031-12-31,2031-12-31T14:30:00Z,2031-12-31T21:00:00Z
2032-01-02,2032-01-02T14:30:00Z,2032-01-02T21:00:00Z
2032-01-05,2032-01-05T14:30:00Z,2032-01-05T21:00:00Z
2032-01-06,2032-01-06T14:30:00Z,2032-01-06T21:00:00Z
2032-01-07,2032-01-07T14:30:00Z,2032-01-07T21:00:00Z
2032-01-08,2032-01-08T14:30:00Z,2032-01-08T21:00:00Z
2032-01-09,2032-01-09T14:30:00Z,2032-01-09T21:00:00Z
2032-01-12,2032-01-12T14:30:00Z,2032-01-12T21:00:00Z
2032-01-13,2032-01-13T14:30:00Z,2032-01-13T21:00:00Z
2032-01-14,2032-01-14T14:30:00Z,2032-01-14T21:00:00Z
2032-01-15,2032-01-15T14:30:00Z,2032-01-15T21:00:00Z
2032-01-16,2032-01-16T14:30:00Z,2032-01-16T21:00:00Z
2032-01-20,2032-01-20T14:30:00Z,2032-01-20T21:00:00Z
2032-01-21,2032-01-21T14:30:00Z,2032-01-21T21:00:00Z
2032-01-22,2032-01-22T14:30:00Z,2032-01-22T21:00:00Z
2032-01-23,2032-01-23T14:30:00Z,2032-01-23T21:00:00Z
2032-01-26,2032-01-26T14:30:00Z,2032-01-26T21:00:00Z
2032-01-27,2032-01-27T14:30:00Z,2032-01-27T21:00:00Z
2032-01-28,2032-01-28T14:30:00Z,2032-01-28T21:00:00Z
2032-01-29,2032-01-29T14:30:00Z,2032-01-29T21:00:00Z
2032-01-30,2032-01-30T14:30:00Z,2032-01-30T21:00:00Z
2032-02-02,2032-02-02T14:30:00Z,2032-02-02T21:00:00Z
2032-02-03,2032-02-03T14:30:00Z,2032-02-03T21:00:00Z
2032-02-04,2032-02-04T14:30:00Z,2032-02-04T21:00:00Z
2032-02-05,2032-02-05T14:30:00Z,2032-02-05T21:00:00Z
2032-02-06,2032-02-06T14:30:00Z,2032-02-06T21:00:00Z
2032-02-09,2032-02-09T14:30:00Z,2032-02-09T21:00:00Z
2032-02-10,2032-02-10T14:30:00Z,2032-02-10T21:00:00Z
2032-02-11,2032-02-11T14:30:00Z,2032-02-11T21:00:00Z
2032-02-12,2032-02-12T14:30:00Z,2032-02-12T21:00:00Z
2032-02-13,2032-02-13T14:30:00Z,2032-02-13T21:00:00Z
2032-02-17,2032-02-17T14:30:00Z,2032-02-17T21:00:00Z
2032-02-18,2032-02-18T14:30:00Z,2032-02-18T21:00:00Z
2032-02-19,2032-02-19T14:30:00Z,2032-02-19T21:00:00Z
2032-02-20,2032-02-20T14:30:00Z,2032-02-20T21:00:00Z
2032-02-23,2032-02-23T14:30:00Z,2032-02-23T21:00:00Z
2032-02-24,2032-02-24T14:30:00Z,2032-02-24T21:00:00Z
2032-02-25,2032-02-25T14:30:00Z,2032-02-25T21:00:00Z
2032-02-26,2032-02-26T14:30:00Z,2032-02-26T21:00:00Z
2032-02-27,2032-02-27T14:30:00Z,2032-02-27T21:00:00Z
2032-03-01,2032-03-01T14:30:00Z,2032-03-01T21:00:00Z
2032-03-02,2032-03-02T14:30:00Z,2032-03-02T21:00:00Z
2032-03-03,2032-03-03T14:30:00Z,2032-03-03T21:00:00Z
2032-03-04,2032-03-04T14:30:00Z,2032-03-04T21:00:00Z
2032-03-05,2032-03-05T14:30:00Z,2032-03-05T21:00:00Z
2032-03-08,2032-03-08T14:30:00Z,2032-03-08T21:00:00Z
2032-03-09,2032-03-09T14:30:00Z,2032-03-09T21:00:00Z
2032-03-10,2032-03-10T14:30:00Z,2032-03-10T21:00:00Z
2032-03-11,2032-03-11T14:30:00Z,2032-03-11T21:00:00Z
2032-03-12,2032-03-12T14:30:00Z,2032-03-12T21:00:00Z
2032-03-15,2032-03-15T13:30:00Z,2032-03-15T20:00:00Z
2032-03-16,2032-03-16T13:30:00Z,2032-03-16T20:00:00Z
2032-03-17,2032-03-17T13:30:00Z,2032-03-17T20:00:00Z
2032-03-18,2032-03-18T13:30:00Z,2032-03-18T20:00:00Z
2032-03-19,2032-03-19T13:30:00Z,2032-03-19T20:00:00Z
2032-03-22,2032-03-22T13:30:00Z,2032-03-22T20:00:00Z
2032-03-23,2032-03-23T13:30:00Z,2032-03-23T20:00:00Z
2032-03-24,2032-03-24T13:30:00Z,2032-03-24T20:00:00Z
2032-03-25,2032-03-25T13:30:00Z,2032-03-25T20:00:00Z
2032-03-29,2032-03-29T13:30:00Z,2032-03-29T20:00:00Z
2032-03-30,2032-03-30T13:30:00Z,2032-03-30T20:00:00Z
2032-03-31,2032-03-31T13:30:00Z,2032-03-31T20:00:00Z
2032-04-01,2032-04-01T13:30:00Z,2032-04-01T20:00:00Z
2032-04-02,2032-04-02T13:30:00Z,2032-04-02T20:00:00Z
2032-04-05,2032-04-05T13:30:00Z,2032-04-05T20:00:00Z
2032-04-06,2032-04-06T13:30:00Z,2032-04-06T20:00:00Z
2032-04-07,2032-04-07T13:30:00Z,2032-04-07T20:00:00Z
2032-04-08,2032-04-08T13:30:00Z,2032-04-08T20:00:00Z
2032-04-09,2032-04-09T13:30:00Z,2032-04-09T20:00:00Z
2032-04-12,2032-04-12T13:30:00Z,2032-04-12T20:00:00Z
2032-04-13,2032-04-13T13:30:00Z,2032-04-13T20:00:00Z
2032-04-14,2032-04-14T13:30:00Z,2032-04-14T20:00:00Z
2032-04-15,2032-04-15T13:30:00Z,2032-04-15T20:00:00Z
2032-04-16,2032-04-16T13:30:00Z,2032-04-16T20:00:00Z
2032-04-19,2032-04-19T13:30:00Z,2032-04-19T20:00:00Z
2032-04-20,2032-04-20T13:30:00Z,2032-04-20T20:00:00Z
2032-04-21,2032-04-21T13:30:00Z,2032-04-21T20:00:00Z
2032-04-22,2032-04-22T13:30:00Z,2032-04-22T20:00:00Z
2032-04-23,2032-04-23T13:30:00Z,2032-04-23T20:00:00Z
2032-04-26,2032-04-26T13:30:00Z,2032-04-26T20:00:00Z
2032-04-27,2032-04-27T13:30:00Z,2032-04-27T20:00:00Z
2032-04-28,2032-04-28T13:30:00Z,2032-04-28T20:00:00Z
2032-04-29,2032-04-29T13:30:00Z,2032-04-29T20:00:00Z
2032-04-30,2032-04-30T13:30:00Z,2032-04-30T20:00:00Z
2032-05-03,2032-05-03T13:30:00Z,2032-05-03T20:00:00Z
2032-05-04,2032-05-04T13:30:00Z,2032-05-04T20:00:00Z
2032-05-05,2032-05-05T13:30:00Z,2032-05-05T20:00:00Z
2032-05-06,2032-05-06T13:30:00Z,2032-05-06T20:00:00Z
2032-05-07,2032-05-07T13:30:00Z,2032-05-07T20:00:00Z
2032-05-10,2032-05-10T13:30:00Z,2032-05-10T20:00:00Z
2032-05-11,2032-05-11T13:30:00Z,2032-05-11T20:00:00Z
2032-05-12,2032-05-12T13:30:00Z,2032-05-12T20:00:00Z
2032-05-13,2032-05-13T13:30:00Z,2032-05-13T20:00:00Z
2032-05-14,2032-05-14T13:30:00Z,2032-05-14T20:00:00Z
2032-05-17,2032-05-17T13:30:00Z,2032-05-17T20:00:00Z
2032-05-18,2032-05-18T13:30:00Z,2032-05-18T20:00:00Z
2032-05-19,2032-05-19T13:30:00Z,2032-05-19T20:00:00Z
2032-05-20,2032-05-20T13:30:00Z,2032-05-20T20:00:00Z
2032-05-21,2032-05-21T13:30:00Z,2032-05-21T20:00:00Z
2032-05-24,2032-05-24T13:30:00Z,2032-05-24T20:00:00Z
2032-05-25,2032-05-25T13:30:00Z,2032-05-25T20:00:00Z
2032-05-26,2032-05-26T13:30:00Z,2032-05-26T20:00:00Z
2032-05-27,2032-05-27T13:30:00Z,2032-05-27T20:00:00Z
2032-05-28,2032-05-28T13:30:00Z,2032-05-28T20:00:00Z
2032-06-01,2032-06-01T13:30:00Z,2032-06-01T20:00:00Z
2032-06-02,2032-06-02T13:30:00Z,2032-06-02T20:00:00Z
2032-06-03,2032-06-03T13:30:00Z,2032-06-03T20:00:00Z
2032-06-04,2032-06-04T13:30:00Z,2032-06-04T20:00:00Z
2032-06-07,2032-06-07T13:30:00Z,2032-06-07T20:00:00Z
2032-06-08,2032-06-08T13:30:00Z,2032-06-08T20:00:00Z
2032-06-09,2032-06-09T13:30:00Z,2032-06-09T20:00:00Z
2032-06-10,2032-06-10T13:30:00Z,2032-06-10T20:00:00Z
2032-06-11,2032-06-11T13:30:00Z,2032-06-11T20:00:00Z
2032-06-14,2032-06-14T13:30:00Z,2032-06-14T20:00:00Z
2032-06-15,2032-06-15T13:30:00Z,2032-06-15T20:00:00Z
2032-06-16,2032-06-16T13:30:00Z,2032-06-16T20:00:00Z
2032-06-17,2032-06-17T13:30:00Z,2032-06-17T20:00:00Z
2032-06-21,2032-06-21T13:30:00Z,2032-06-21T20:00:00Z
2032-06-22,2032-06-22T13:30:00Z,2032-06-22T20:00:00Z
2032-06-23,2032-06-23T13:30:00Z,2032-06-23T20:00:00Z
2032-06-24,2032-06-24T13:30:00Z,2032-06-24T20:00:00Z
2032-06-25,2032-06-25T13:30:00Z,2032-06-25T20:00:00Z
2032-06-28,2032-06-28T13:30:00Z,2032-06-28T20:00:00Z
2032-06-29,2032-06-29T13:30:00Z,2032-06-29T20:00:00Z
2032-06-30,2032-06-30T13:30:00Z,2032-06-30T20:00:00Z
2032-07-01,2032-07-01T13:30:00Z,2032-07-01T20:00:00Z
2032-07-02,2032-07-02T13:30:00Z,2032-07-02T20:00:00Z
2032-07-06,2032-07-06T13:30:00Z,2032-07-06T20:00:00Z
2032-07-07,2032-07-07T13:30:00Z,2032-07-07T20:00:00Z
2032-07-08,2032-07-08T13:30:00Z,2032-07-08T20:00:00Z
2032-07-09,2032-07-09T13:30:00Z,2032-07-09T20:00:00Z
2032-07-12,2032-07-12T13:30:00Z,2032-07-12T20:00:00Z
2032-07-13,2032-07-13T13:30:00Z,2032-07-13T20:00:00Z
2032-07-14,2032-07-14T13:30:00Z,2032-07-14T20:00:00Z
2032-07-15,2032-07-15T13:30:00Z,2032-07-15T20:00:00Z
2032-07-16,2032-07-16T13:30:00Z,2032-07-16T20:00:00Z
2032-07-19,2032-07-19T13:30:00Z,2032-07-19T20:00:00Z
2032-07-20,2032-07-20T13:30:00Z,2032-07-20T20:00:00Z
2032-07-21,2032-07-21T13:30:00Z,2032-07-21T20:00:00Z
2032-07-22,2032-07-22T13:30:00Z,2032-07-22T20:00:00Z
2032-07-23,2032-07-23T13:30:00Z,2032-07-23T20:00:00Z
2032-07-26,2032-07-26T13:30:00Z,2032-07-26T20:00:00Z
2032-07-27,2032-07-27T13:30:00Z,2032-07-27T20:00:00Z
2032-07-28,2032-07-28T13:30:00Z,2032-07-28T20:00:00Z
2032-07-29,2032-07-29T13:30:00Z,2032-07-29T20:00:00Z
2032-07-30,2032-07-30T13:30:00Z,2032-07-30T20:00:00Z
2032-08-02,2032-08-02T13:30:00Z,2032-08-02T20:00:00Z
2032-08-03,2032-08-03T13:30:00Z,2032-08-03T20:00:00Z
2032-08-04,2032-08-04T13:30:00Z,2032-08-04T20:00:00Z
2032-08-05,2032-08-05T13:30:00Z,2032-08-05T20:00:00Z
2032-08-06,2032-08-06T13:30:00Z,2032-08-06T20:00:00Z
2032-08-09,2032-08-09T13:30:00Z,2032-08-09T20:00:00Z
2032-08-10,2032-08-10T13:30:00Z,2032-08-10T20:00:00Z
2032-08-11,2032-08-11T13:30:00Z,2032-08-11T20:00:00Z
2032-08-12,2032-08-12T13:30:00Z,2032-08-12T20:00:00Z
2032-08-13,2032-08-13T13:30:00Z,2032-08-13T20:00:00Z
2032-08-16,2032-08-16T13:30:00Z,2032-08-16T20:00:00Z
2032-08-17,2032-08-17T13:30:00Z,2032-08-17T20:00:00Z
2032-08-18,2032-08-18T13:30:00Z,2032-08-18T20:00:00Z
2032-08-19,2032-08-19T13:30:00Z,2032-08-19T20:00:00Z
2032-08-20,2032-08-20T13:30:00Z,2032-08-20T20:00:00Z
2032-08-23,2032-08-23T13:30:00Z,2032-08-23T20:00:00Z
2032-08-24,2032-08-24T13:30:00Z,2032-08-24T20:00:00Z
2032-08-25,2032-08-25T13:30:00Z,2032-08-25T20:00:00Z
2032-08-26,2032-08-26T13:30:00Z,2032-08-26T20:00:00Z
2032-08-27,2032-08-27T13:30:00Z,2032-08-27T20:00:00Z
2032-08-30,2032-08-30T13:30:00Z,2032-08-30T20:00:00Z
2032-08-31,2032-08-31T13:30:00Z,2032-08-31T20:00:00Z
2032-09-01,2032-09-01T13:30:00Z,2032-09-01T20:00:00Z
2032-09-02,2032-09-02T13:30:00Z,2032-09-02T20:00:00Z
2032-09-03,2032-09-03T13:30:00Z,2032-09-03T20:00:00Z
2032-09-07,2032-09-07T13:30:00Z,2032-09-07T20:00:00Z
2032-09-08,2032-09-08T13:30:00Z,2032-09-08T20:00:00Z
2032-09-09,2032-09-09T13:30:00Z,2032-09-09T20:00:00Z
2032-09-10,2032-09-10T13:30:00Z,2032-09-10T20:00:00Z
2032-09-13,2032-09-13T13:30:00Z,2032-09-13T20:00:00Z
2032-09-14,2032-09-14T13:30:00Z,2032-09-14T20:00:00Z
2032-09-15,2032-09-15T13:30:00Z,2032-09-15T20:00:00Z
2032-09-16,2032-09-16T13:30:00Z,2032-09-16T20:00:00Z
2032-09-17,2032-09-17T13:30:00Z,2032-09-17T20:00:00Z
2032-09-20,2032-09-20T13:30:00Z,2032-09-20T20:00:00Z
2032-09-21,2032-09-21T13:30:00Z,2032-09-21T20:00:00Z
2032-09-22,2032-09-22T13:30:00Z,2032-09-22T20:00:00Z
2032-09-23,2032-09-23T13:30:00Z,2032-09-23T20:00:00Z
2032-09-24,2032-09-24T13:30:00Z,2032-09-24T20:00:00Z
2032-09-27,2032-09-27T13:30:00Z,2032-09-27T20:00:00Z
2032-09-28,2032-09-28T13:30:00Z,2032-09-28T20:00:00Z
2032-09-29,2032-09-29T13:30:00Z,2032-09-29T20:00:00Z
2032-09-30,2032-09-30T13:30:00Z,2032-09-30T20:00:00Z
2032-10-01,2032-10-01T13:30:00Z,2032-10-01T20:00:00Z
2032-10-04,2032-10-04T13:30:00Z,2032-10-04T20:00:00Z
2032-10-05,2032-10-05T13:30:00Z,2032-10-05T20:00:00Z
2032-10-06,2032-10-06T13:30:00Z,2032-10-06T20:00:00Z
2032-10-07,2032-10-07T13:30:00Z,2032-10-07T20:00:00Z
2032-10-08,2032-10-08T13:30:00Z,2032-10-08T20:00:00Z
2032-10-11,2032-10-11T13:30:00Z,2032-10-11T20:00:00Z
2032-10-12,2032-10-12T13:30:00Z,2032-10-12T20:00:00Z
2032-10-13,2032-10-13T13:30:00Z,2032-10-13T20:00:00Z
2032-10-14,2032-10-14T13:30:00Z,2032-10-14T20:00:00Z
2032-10-15,2032-10-15T13:30:00Z,2032-10-15T20:00:00Z
2032-10-18,2032-10-18T13:30:00Z,2032-10-18T20:00:00Z
2032-10-19,2032-10-19T13:30:00Z,2032-10-19T20:00:00Z
2032-10-20,2032-10-20T13:30:00Z,2032-10-20T20:00:00Z
2032-10-21,2032-10-21T13:30:00Z,2032-10-21T20:00:00Z
2032-10-22,2032-10-22T13:30:00Z,2032-10-22T20:00:00Z
2032-10-25,2032-10-25T13:30:00Z,2032-10-25T20:00:00Z
2032-10-26,2032-10-26T13:30:00Z,2032-10-26T20:00:00Z
2032-10-27,2032-10-27T13:30:00Z,2032-10-27T20:00:00Z
2032-10-28,2032-10-28T13:30:00Z,2032-10-28T20:00:00Z
2032-10-29,2032-10-29T13:30:00Z,2032-10-29T20:00:00Z
2032-11-01,2032-11-01T13:30:00Z,2032-11-01T20:00:00Z
2032-11-02,2032-11-02T13:30:00Z,2032-11-02T20:00:00Z
2032-11-03,2032-11-03T13:30:00Z,2032-11-03T20:00:00Z
2032-11-04,2032-11-04T13:30:00Z,2032-11-04T20:00:00Z
2032-11-05,2032-11-05T13:30:00Z,2032-11-05T20:00:00Z
2032-11-08,2032-11-08T14:30:00Z,2032-11-08T21:00:00Z
2032-11-09,2032-11-09T14:30:00Z,2032-11-09T21:00:00Z
2032-11-10,2032-11-10T14:30:00Z,2032-11-10T21:00:00Z
2032-11-11,2032-11-11T14:30:00Z,2032-11-11T21:00:00Z
2032-11-12,2032-11-12T14:30:00Z,2032-11-12T21:00:00Z
2032-11-15,2032-11-15T14:30:00Z,2032-11-15T21:00:00Z
2032-11-16,2032-11-16T14:30:00Z,2032-11-16T21:00:00Z
2032-11-17,2032-11-17T14:30:00Z,2032-11-17T21:00:00Z
2032-11-18,2032-11-18T14:30:00Z,2032-11-18T21:00:00Z
2032-11-19,2032-11-19T14:30:00Z,2032-11-19T21:00:00Z
2032-11-22,2032-11-22T14:30:00Z,2032-11-22T21:00:00Z
2032-11-23,2032-11-23T14:30:00Z,2032-11-23T21:00:00Z
2032-11-24,2032-11-24T14:30:00Z,2032-11-24T21:00:00Z
2032-11-26,2032-11-26T14:30:00Z,2032-11-26T18:00:00Z
2032-11-29,2032-11-29T14:30:00Z,2032-11-29T21:00:00Z
2032-11-30,2032-11-30T14:30:00Z,2032-11-30T21:00:00Z
2032-12-01,2032-12-01T14:30:00Z,2032-12-01T21:00:00Z
2032-12-02,2032-12-02T14:30:00Z,2032-12-02T21:00:00Z
2032-12-03,2032-12-03T14:30:00Z,2032-12-03T21:00:00Z
2032-12-06,2032-12-06T14:30:00Z,2032-12-06T21:00:00Z
2032-12-07,2032-12-07T14:30:00Z,2032-12-07T21:00:00Z
2032-12-08,2032-12-08T14:30:00Z,2032-12-08T21:00:00Z
2032-12-09,2032-12-09T14:30:00Z,2032-12-09T21:00:00Z
2032-12-10,2032-12-10T14:30:00Z,2032-12-10T21:00:00Z
2032-12-13,2032-12-13T14:30:00Z,2032-12-13T21:00:00Z
2032-12-14,2032-12-14T14:30:00Z,2032-12-14T21:00:00Z
2032-12-15,2032-12-15T14:30:00Z,2032-12-15T21:00:00Z
2032-12-16,2032-12-16T14:30:00Z,2032-12-16T21:00:00Z
2032-12-17,2032-12-17T14:30:00Z,2032-12-17T21:00:00Z
2032-12-20,2032-12-20T14:30:00Z,2032-12-20T21:00:00Z
2032-12-21,2032-12-21T14:30:00Z,2032-12-21T21:00:00Z
2032-12-22,2032-12-22T14:30:00Z,2032-12-22T21:00:00Z
2032-12-23,2032-12-23T14:30:00Z,2032-12-23T21:00:00Z
2032-12-27,2032-12-27T14:30:00Z,2032-12-27T21:00:00Z
2032-12-28,2032-12-28T14:30:00Z,2032-12-28T21:00:00Z
2032-12-29,2032-12-29T14:30:00Z,2032-12-29T21:00:00Z
2032-12-30,2032-12-30T14:30:00Z,2032-12-30T21:00:00Z
2032-12-31,2032-12-31T14:30:00Z,2032-12-31T21:00:00Z
2033-01-03,2033-01-03T14:30:00Z,2033-01-03T21:00:00Z
2033-01-04,2033-01-04T14:30:00Z,2033-01-04T21:00:00Z
2033-01-05,2033-01-05T14:30:00Z,2033-01-05T21:00:00Z
2033-01-06,2033-01-06T14:30:00Z,2033-01-06T21:00:00Z
2033-01-07,2033-01-07T14:30:00Z,2033-01-07T21:00:00Z
2033-01-10,2033-01-10T14:30:00Z,2033-01-10T21:00:00Z
2033-01-11,2033-01-11T14:30:00Z,2033-01-11T21:00:00Z
2033-01-12,2033-01-12T14:30:00Z,2033-01-12T21:00:00Z
2033-01-13,2033-01-13T14:30:00Z,2033-01-13T21:00:00Z
2033-01-14,2033-01-14T14:30:00Z,2033-01-14T21:00:00Z
2033-01-18,2033-01-18T14:30:00Z,2033-01-18T21:00:00Z
2033-01-19,2033-01-19T14:30:00Z,2033-01-19T21:00:00Z
2033-01-20,2033-01-20T14:30:00Z,2033-01-20T21:00:00Z
2033-01-21,2033-01-21T14:30:00Z,2033-01-21T21:00:00Z
2033-01-24,2033-01-24T14:30:00Z,2033-01-24T21:00:00Z
2033-01-25,2033-01-25T14:30:00Z,2033-01-25T21:00:00Z
2033-01-26,2033-01-26T14:30:00Z,2033-01-26T21:00:00Z
2033-01-27,2033-01-27T14:30:00Z,2033-01-27T21:00:00Z
2033-01-28,2033-01-28T14:30:00Z,2033-01-28T21:00:00Z
2033-01-31,2033-01-31T14:30:00Z,2033-01-31T21:00:00Z
2033-02-01,2033-02-01T14:30:00Z,2033-02-01T21:00:00Z
2033-02-02,2033-02-02T14:30:00Z,2033-02-02T21:00:00Z
2033-02-03,2033-02-03T14:30:00Z,2033-02-03T21:00:00Z
2033-02-04,2033-02-04T14:30:00Z,2033-02-04T21:00:00Z
2033-02-07,2033-02-07T14:30:00Z,2033-02-07T21:00:00Z
2033-02-08,2033-02-08T14:30:00Z,2033-02-08T21:00:00Z
2033-02-09,2033-02-09T14:30:00Z,2033-02-09T21:00:00Z
2033-02-10,2033-02-10T14:30:00Z,2033-02-10T21:00:00Z
2033-02-11,2033-02-11T14:30:00Z,2033-02-11T21:00:00Z
2033-02-14,2033-02-14T14:30:00Z,2033-02-14T21:00:00Z
2033-02-15,2033-02-15T14:30:00Z,2033-02-15T21:00:00Z
2033-02-16,2033-02-16T14:30:00Z,2033-02-16T21:00:00Z
2033-02-17,2033-02-17T14:30:00Z,2033-02-17T21:00:00Z
2033-02-18,2033-02-18T14:30:00Z,2033-02-18T21:00:00Z
2033-02-22,2033-02-22T14:30:00Z,2033-02-22T21:00:00Z
2033-02-23,2033-02-23T14:30:00Z,2033-02-23T21:00:00Z
2033-02-24,2033-02-24T14:30:00Z,2033-02-24T21:00:00Z
2033-02-25,2033-02-25T14:30:00Z,2033-02-25T21:00:00Z
2033-02-28,2033-02-28T14:30:00Z,2033-02-28T21:00:00Z
2033-03-01,2033-03-01T14:30:00Z,2033-03-01T21:00:00Z
2033-03-02,2033-03-02T14:30:00Z,2033-03-02T21:00:00Z
2033-03-03,2033-03-03T14:30:00Z,2033-03-03T21:00:00Z
2033-03-04,2033-03-04T14:30:00Z,2033-03-04T21:00:00Z
2033-03-07,2033-03-07T14:30:00Z,2033-03-07T21:00:00Z
2033-03-08,2033-03-08T14:30:00Z,2033-03-08T21:00:00Z
2033-03-09,2033-03-09T14:30:00Z,2033-03-09T21:00:00Z
2033-03-10,2033-03-10T14:30:00Z,2033-03-10T21:00:00Z
2033-03-11,2033-03-11T14:30:00Z,2033-03-11T21:00:00Z
2033-03-14,2033-03-14T13:30:00Z,2033-03-14T20:00:00Z
2033-03-15,2033-03-15T13:30:00Z,2033-03-15T20:00:00Z
2033-03-16,2033-03-16T13:30:00Z,2033-03-16T20:00:00Z
2033-03-17,2033-03-17T13:30:00Z,2033-03-17T20:00:00Z
2033-03-18,2033-03-18T13:30:00Z,2033-03-18T20:00:00Z
2033-03-21,2033-03-21T13:30:00Z,2033-03-21T20:00:00Z
2033-03-22,2033-03-22T13:30:00Z,2033-03-22T20:00:00Z
2033-03-23,2033-03-23T13:30:00Z,2033-03-23T20:00:00Z
2033-03-24,2033-03-24T13:30:00Z,2033-03-24T20:00:00Z
2033-03-25,2033-03-25T13:30:00Z,2033-03-25T20:00:00Z
2033-03-28,2033-03-28T13:30:00Z,2033-03-28T20:00:00Z
2033-03-29,2033-03-29T13:30:00Z,2033-03-29T20:00:00Z
2033-03-30,2033-03-30T13:30:00Z,2033-03-30T20:00:00Z
2033-03-31,2033-03-31T13:30:00Z,2033-03-31T20:00:00Z
2033-04-01,2033-04-01T13:30:00Z,2033-04-01T20:00:00Z
2033-04-04,2033-04-04T13:30:00Z,2033-04-04T20:00:00Z
2033-04-05,2033-04-05T13:30:00Z,2033-04-05T20:00:00Z
2033-04-06,2033-04-06T13:30:00Z,2033-04-06T20:00:00Z
2033-04-07,2033-04-07T13:30:00Z,2033-04-07T20:00:00Z
2033-04-08,2033-04-08T13:30:00Z,2033-04-08T20:00:00Z
2033-04-11,2033-04-11T13:30:00Z,2033-04-11T20:00:00Z
2033-04-12,2033-04-12T13:30:00Z,2033-04-12T20:00:00Z
2033-04-13,2033-04-13T13:30:00Z,2033-04-13T20:00:00Z
2033-04-14,2033-04-14T13:30:00Z,2033-04-14T20:00:00Z
2033-04-18,2033-04-18T13:30:00Z,2033-04-18T20:00:00Z
2033-04-19,2033-04-19T13:30:00Z,2033-04-19T20:00:00Z
2033-04-20,2033-04-20T13:30:00Z,2033-04-20T20:00:00Z
2033-04-21,2033-04-21T13:30:00Z,2033-04-21T20:00:00Z
2033-04-22,2033-04-22T13:30:00Z,2033-04-22T20:00:00Z
2033-04-25,2033-04-25T13:30:00Z,2033-04-25T20:00:00Z
2033-04-26,2033-04-26T13:30:00Z,2033-04-26T20:00:00Z
2033-04-27,2033-04-27T13:30:00Z,2033-04-27T20:00:00Z
2033-04-28,2033-04-28T13:30:00Z,2033-04-28T20:00:00Z
2033-04-29,2033-04-29T13:30:00Z,2033-04-29T20:00:00Z
2033-05-02,2033-05-02T13:30:00Z,2033-05-02T20:00:00Z
2033-05-03,2033-05-03T13:30:00Z,2033-05-03T20:00:00Z
2033-05-04,2033-05-04T13:30:00Z,2033-05-04T20:00:00Z
2033-05-05,2033-05-05T13:30:00Z,2033-05-05T20:00:00Z
2033-05-06,2033-05-06T13:30:00Z,2033-05-06T20:00:00Z
2033-05-09,2033-05-09T13:30:00Z,2033-05-09T20:00:00Z
2033-05-10,2033-05-10T13:30:00Z,2033-05-10T20:00:00Z
2033-05-11,2033-05-11T13:30:00Z,2033-05-11T20:00:00Z
2033-05-12,2033-05-12T13:30:00Z,2033-05-12T20:00:00Z
2033-05-13,2033-05-13T13:30:00Z,2033-05-13T20:00:00Z
2033-05-16,2033-05-16T13:30:00Z,2033-05-16T20:00:00Z
2033-05-17,2033-05-17T13:30:00Z,2033-05-17T20:00:00Z
2033-05-18,2033-05-18T13:30:00Z,2033-05-18T20:00:00Z
2033-05-19,2033-05-19T13:30:00Z,2033-05-19T20:00:00Z
2033-05-20,2033-05-20T13:30:00Z,2033-05-20T20:00:00Z
2033-05-23,2033-05-23T13:30:00Z,2033-05-23T20:00:00Z
2033-05-24,2033-05-24T13:30:00Z,2033-05-24T20:00:00Z
2033-05-25,2033-05-25T13:30:00Z,2033-05-25T20:00:00Z
2033-05-26,2033-05-26T13:30:00Z,2033-05-26T20:00:00Z
2033-05-27,2033-05-27T13:30:00Z,2033-05-27T20:00:00Z
2033-05-31,2033-05-31T13:30:00Z,2033-05-31T20:00:00Z
2033-06-01,2033-06-01T13:30:00Z,2033-06-01T20:00:00Z
2033-06-02,2033-06-02T13:30:00Z,2033-06-02T20:00:00Z
2033-06-03,2033-06-03T13:30:00Z,2033-06-03T20:00:00Z
2033-06-06,2033-06-06T13:30:00Z,2033-06-06T20:00:00Z
2033-06-07,2033-06-07T13:30:00Z,2033-06-07T20:00:00Z
2033-06-08,2033-06-08T13:30:00Z,2033-06-08T20:00:00Z
2033-06-09,2033-06-09T13:30:00Z,2033-06-09T20:00:00Z
2033-06-10,2033-06-10T13:30:00Z,2033-06-10T20:00:00Z
2033-06-13,2033-06-13T13:30:00Z,2033-06-13T20:00:00Z
2033-06-14,2033-06-14T13:30:00Z,2033-06-14T20:00:00Z
2033-06-15,2033-06-15T13:30:00Z,2033-06-15T20:00:00Z
2033-06-16,2033-06-16T13:30:00Z,2033-06-16T20:00:00Z
2033-06-17,2033-06-17T13:30:00Z,2033-06-17T20:00:00Z
2033-06-21,2033-06-21T13:30:00Z,2033-06-21T20:00:00Z
2033-06-22,2033-06-22T13:30:00Z,2033-06-22T20:00:00Z
2033-06-23,2033-06-23T13:30:00Z,2033-06-23T20:00:00Z
2033-06-24,2033-06-24T13:30:00Z,2033-06-24T20:00:00Z
2033-06-27,2033-06-27T13:30:00Z,2033-06-27T20:00:00Z
2033-06-28,2033-06-28T13:30:00Z,2033-06-28T20:00:00Z
2033-06-29,2033-06-29T13:30:00Z,2033-06-29T20:00:00Z
2033-06-30,2033-06-30T13:30:00Z,2033-06-30T20:00:00Z
2033-07-01,2033-07-01T13:30:00Z,2033-07-01T20:00:00Z
2033-07-05,2033-07-05T13:30:00Z,2033-07-05T20:00:00Z
2033-07-06,2033-07-06T13:30:00Z,2033-07-06T20:00:00Z
2033-07-07,2033-07-07T13:30:00Z,2033-07-07T20:00:00Z
2033-07-08,2033-07-08T13:30:00Z,2033-07-08T20:00:00Z
2033-07-11,2033-07-11T13:30:00Z,2033-07-11T20:00:00Z
2033-07-12,2033-07-12T13:30:00Z,2033-07-12T20:00:00Z
2033-07-13,2033-07-13T13:30:00Z,2033-07-13T20:00:00Z
2033-07-14,2033-07-14T13:30:00Z,2033-07-14T20:00:00Z
2033-07-15,2033-07-15T13:30:00Z,2033-07-15T20:00:00Z
2033-07-18,2033-07-18T13:30:00Z,2033-07-18T20:00:00Z
2033-07-19,2033-07-19T13:30:00Z,2033-07-19T20:00:00Z
2033-07-20,2033-07-20T13:30:00Z,2033-07-20T20:00:00Z
2033-07-21,2033-07-21T13:30:00Z,2033-07-21T20:00:00Z
2033-07-22,2033-07-22T13:30:00Z,2033-07-22T20:00:00Z
2033-07-25,2033-07-25T13:30:00Z,2033-07-25T20:00:00Z
2033-07-26,2033-07-26T13:30:00Z,2033-07-26T20:00:00Z
2033-07-27,2033-07-27T13:30:00Z,2033-07-27T20:00:00Z
2033-07-28,2033-07-28T13:30:00Z,2033-07-28T20:00:00Z
2033-07-29,2033-07-29T13:30:00Z,2033-07-29T20:00:00Z
2033-08-01,2033-08-01T13:30:00Z,2033-08-01T20:00:00Z
2033-08-02,2033-08-02T13:30:00Z,2033-08-02T20:00:00Z
2033-08-03,2033-08-03T13:30:00Z,2033-08-03T20:00:00Z
2033-08-04,2033-08-04T13:30:00Z,2033-08-04T20:00:00Z
2033-08-05,2033-08-05T13:30:00Z,2033-08-05T20:00:00Z
2033-08-08,2033-08-08T13:30:00Z,2033-08-08T20:00:00Z
2033-08-09,2033-08-09T13:30:00Z,2033-08-09T20:00:00Z
2033-08-10,2033-08-10T13:30:00Z,2033-08-10T20:00:00Z
2033-08-11,2033-08-11T13:30:00Z,2033-08-11T20:00:00Z
2033-08-12,2033-08-12T13:30:00Z,2033-08-12T20:00:00Z
2033-08-15,2033-08-15T13:30:00Z,2033-08-15T20:00:00Z
2033-08-16,2033-08-16T13:30:00Z,2033-08-16T20:00:00Z
2033-08-17,2033-08-17T13:30:00Z,2033-08-17T20:00:00Z
2033-08-18,2033-08-18T13:30:00Z,2033-08-18T20:00:00Z
2033-08-19,2033-08-19T13:30:00Z,2033-08-19T20:00:00Z
2033-08-22,2033-08-22T13:30:00Z,2033-08-22T20:00:00Z
2033-08-23,2033-08-23T13:30:00Z,2033-08-23T20:00:00Z
2033-08-24,2033-08-24T13:30:00Z,2033-08-24T20:00:00Z
2033-08-25,2033-08-25T13:30:00Z,2033-08-25T20:00:00Z
2033-08-26,2033-08-26T13:30:00Z,2033-08-26T20:00:00Z
2033-08-29,2033-08-29T13:30:00Z,2033-08-29T20:00:00Z
2033-08-30,2033-08-30T13:30:00Z,2033-08-30T20:00:00Z
2033-08-31,2033-08-31T13:30:00Z,2033-08-31T20:00:00Z
2033-09-01,2033-09-01T13:30:00Z,2033-09-01T20:00:00Z
2033-09-02,2033-09-02T13:30:00Z,2033-09-02T20:00:00Z
2033-09-06,2033-09-06T13:30:00Z,2033-09-06T20:00:00Z
2033-09-07,2033-09-07T13:30:00Z,2033-09-07T20:00:00Z
2033-09-08,2033-09-08T13:30:00Z,2033-09-08T20:00:00Z
2033-09-09,2033-09-09T13:30:00Z,2033-09-09T20:00:00Z
2033-09-12,2033-09-12T13:30:00Z,2033-09-12T20:00:00Z
2033-09-13,2033-09-13T13:30:00Z,2033-09-13T20:00:00Z
2033-09-14,2033-09-14T13:30:00Z,2033-09-14T20:00:00Z
2033-09-15,2033-09-15T13:30:00Z,2033-09-15T20:00:00Z
2033-09-16,2033-09-16T13:30:00Z,2033-09-16T20:00:00Z
2033-09-19,2033-09-19T13:30:00Z,2033-09-19T20:00:00Z
2033-09-20,2033-09-20T13:30:00Z,2033-09-20T20:00:00Z
2033-09-21,2033-09-21T13:30:00Z,2033-09-21T20:00:00Z
2033-09-22,2033-09-22T13:30:00Z,2033-09-22T20:00:00Z
2033-09-23,2033-09-23T13:30:00Z,2033-09-23T20:00:00Z
2033-09-26,2033-09-26T13:30:00Z,2033-09-26T20:00:00Z
2033-09-27,2033-09-27T13:30:00Z,2033-09-27T20:00:00Z
2033-09-28,2033-09-28T13:30:00Z,2033-09-28T20:00:00Z
2033-09-29,2033-09-29T13:30:00Z,2033-09-29T20:00:00Z
2033-09-30,2033-09-30T13:30:00Z,2033-09-30T20:00:00Z
2033-10-03,2033-10-03T13:30:00Z,2033-10-03T20:00:00Z
2033-10-04,2033-10-04T13:30:00Z,2033-10-04T20:00:00Z
2033-10-05,2033-10-05T13:30:00Z,2033-10-05T20:00:00Z
2033-10-06,2033-10-06T13:30:00Z,2033-10-06T20:00:00Z
2033-10-07,2033-10-07T13:30:00Z,2033-10-07T20:00:00Z
2033-10-10,2033-10-10T13:30:00Z,2033-10-10T20:00:00Z
2033-10-11,2033-10-11T13:30:00Z,2033-10-11T20:00:00Z
2033-10-12,2033-10-12T13:30:00Z,2033-10-12T20:00:00Z
2033-10-13,2033-10-13T13:30:00Z,2033-10-13T20:00:00Z
2033-10-14,2033-10-14T13:30:00Z,2033-10-14T20:00:00Z
2033-10-17,2033-10-17T13:30:00Z,2033-10-17T20:00:00Z
2033-10-18,2033-10-18T13:30:00Z,2033-10-18T20:00:00Z
2033-10-19,2033-10-19T13:30:00Z,2033-10-19T20:00:00Z
2033-10-20,2033-10-20T13:30:00Z,2033-10-20T20:00:00Z
2033-10-21,2033-10-21T13:30:00Z,2033-10-21T20:00:00Z
2033-10-24,2033-10-24T13:30:00Z,2033-10-24T20:00:00Z
2033-10-25,2033-10-25T13:30:00Z,2033-10-25T20:00:00Z
2033-10-26,2033-10-26T13:30:00Z,2033-10-26T20:00:00Z
2033-10-27,2033-10-27T13:30:00Z,2033-10-27T20:00:00Z
2033-10-28,2033-10-28T13:30:00Z,2033-10-28T20:00:00Z
2033-10-31,2033-10-31T13:30:00Z,2033-10-31T20:00:00Z
2033-11-01,2033-11-01T13:30:00Z,2033-11-01T20:00:00Z
2033-11-02,2033-11-02T13:30:00Z,2033-11-02T20:00:00Z
2033-11-03,2033-11-03T13:30:00Z,2033-11-03T20:00:00Z
2033-11-04,2033-11-04T13:30:00Z,2033-11-04T20:00:00Z
2033-11-07,2033-11-07T14:30:00Z,2033-11-07T21:00:00Z
2033-11-08,2033-11-08T14:30:00Z,2033-11-08T21:00:00Z
2033-11-09,2033-11-09T14:30:00Z,2033-11-09T21:00:00Z
2033-11-10,2033-11-10T14:30:00Z,2033-11-10T21:00:00Z
2033-11-11,2033-11-11T14:30:00Z,2033-11-11T21:00:00Z
2033-11-14,2033-11-14T14:30:00Z,2033-11-14T21:00:00Z
2033-11-15,2033-11-15T14:30:00Z,2033-11-15T21:00:00Z
2033-11-16,2033-11-16T14:30:00Z,2033-11-16T21:00:00Z
2033-11-17,2033-11-17T14:30:00Z,2033-11-17T21:00:00Z
2033-11-18,2033-11-18T14:30:00Z,2033-11-18T21:00:00Z
2033-11-21,2033-11-21T14:30:00Z,2033-11-21T21:00:00Z
2033-11-22,2033-11-22T14:30:00Z,2033-11-22T21:00:00Z
2033-11-23,2033-11-23T14:30:00Z,2033-11-23T21:00:00Z
2033-11-25,2033-11-25T14:30:00Z,2033-11-25T18:00:00Z
2033-11-28,2033-11-28T14:30:00Z,2033-11-28T21:00:00Z
2033-11-29,2033-11-29T14:30:00Z,2033-11-29T21:00:00Z
2033-11-30,2033-11-30T14:30:00Z,2033-11-30T21:00:00Z
2033-12-01,2033-12-01T14:30:00Z,2033-12-01T21:00:00Z
2033-12-02,2033-12-02T14:30:00Z,2033-12-02T21:00:00Z
2033-12-05,2033-12-05T14:30:00Z,2033-12-05T21:00:00Z
2033-12-06,2033-12-06T14:30:00Z,2033-12-06T21:00:00Z
2033-12-07,2033-12-07T14:30:00Z,2033-12-07T21:00:00Z
2033-12-08,2033-12-08T14:30:00Z,2033-12-08T21:00:00Z
2033-12-09,2033-12-09T14:30:00Z,2033-12-09T21:00:00Z
2033-12-12,2033-12-12T14:30:00Z,2033-12-12T21:00:00Z
2033-12-13,2033-12-13T14:30:00Z,2033-12-13T21:00:00Z
2033-12-14,2033-12-14T14:30:00Z,2033-12-14T21:00:00Z
2033-12-15,2033-12-15T14:30:00Z,2033-12-15T21:00:00Z
2033-12-16,2033-12-16T14:30:00Z,2033-12-16T21:00:00Z
2033-12-19,2033-12-19T14:30:00Z,2033-12-19T21:00:00Z
2033-12-20,2033-12-20T14:30:00Z,2033-12-20T21:00:00Z
2033-12-21,2033-12-21T14:30:00Z,2033-12-21T21:00:00Z
2033-12-22,2033-12-22T14:30:00Z,2033-12-22T21:00:00Z
2033-12-23,2033-12-23T14:30:00Z,2033-12-23T21:00:00Z
2033-12-27,2033-12-27T14:30:00Z,2033-12-27T21:00:00Z
2033-12-28,2033-12-28T14:30:00Z,2033-12-28T21:00:00Z
2033-12-29,2033-12-29T14:30:00Z,2033-12-29T21:00:00Z
2033-12-30,2033-12-30T14:30:00Z,2033-12-30T21:00:00Z
2034-01-03,2034-01-03T14:30:00Z,2034-01-03T21:00:00Z
2034-01-04,2034-01-04T14:30:00Z,2034-01-04T21:00:00Z
2034-01-05,2034-01-05T14:30:00Z,2034-01-05T21:00:00Z
2034-01-06,2034-01-06T14:30:00Z,2034-01-06T21:00:00Z
2034-01-09,2034-01-09T14:30:00Z,2034-01-09T21:00:00Z
2034-01-10,2034-01-10T14:30:00Z,2034-01-10T21:00:00Z
2034-01-11,2034-01-11T14:30:00Z,2034-01-11T21:00:00Z
2034-01-12,2034-01-12T14:30:00Z,2034-01-12T21:00:00Z
2034-01-13,2034-01-13T14:30:00Z,2034-01-13T21:00:00Z
2034-01-17,2034-01-17T14:30:00Z,2034-01-17T21:00:00Z
2034-01-18,2034-01-18T14:30:00Z,2034-01-18T21:00:00Z
2034-01-19,2034-01-19T14:30:00Z,2034-01-19T21:00:00Z
2034-01-20,2034-01-20T14:30:00Z,2034-01-20T21:00:00Z
2034-01-23,2034-01-23T14:30:00Z,2034-01-23T21:00:00Z
2034-01-24,2034-01-24T14:30:00Z,2034-01-24T21:00:00Z
2034-01-25,2034-01-25T14:30:00Z,2034-01-25T21:00:00Z
2034-01-26,2034-01-26T14:30:00Z,2034-01-26T21:00:00Z
2034-01-27,2034-01-27T14:30:00Z,2034-01-27T21:00:00Z
2034-01-30,2034-01-30T14:30:00Z,2034-01-30T21:00:00Z
2034-01-31,2034-01-31T14:30:00Z,2034-01-31T21:00:00Z
2034-02-01,2034-02-01T14:30:00Z,2034-02-01T21:00:00Z
2034-02-02,2034-02-02T14:30:00Z,2034-02-02T21:00:00Z
2034-02-03,2034-02-03T14:30:00Z,2034-02-03T21:00:00Z
2034-02-06,2034-02-06T14:30:00Z,2034-02-06T21:00:00Z
2034-02-07,2034-02-07T14:30:00Z,2034-02-07T21:00:00Z
2034-02-08,2034-02-08T14:30:00Z,2034-02-08T21:00:00Z
2034-02-09,2034-02-09T14:30:00Z,2034-02-09T21:00:00Z
2034-02-10,2034-02-10T14:30:00Z,2034-02-10T21:00:00Z
2034-02-13,2034-02-13T14:30:00Z,2034-02-13T21:00:00Z
2034-02-14,2034-02-14T14:30:00Z,2034-02-14T21:00:00Z
2034-02-15,2034-02-15T14:30:00Z,2034-02-15T21:00:00Z
2034-02-16,2034-02-16T14:30:00Z,2034-02-16T21:00:00Z
2034-02-17,2034-02-17T14:30:00Z,2034-02-17T21:00:00Z
2034-02-21,2034-02-21T14:30:00Z,2034-02-21T21:00:00Z
2034-02-22,2034-02-22T14:30:00Z,2034-02-22T21:00:00Z
2034-02-23,2034-02-23T14:30:00Z,2034-02-23T21:00:00Z
2034-02-24,2034-02-24T14:30:00Z,2034-02-24T21:00:00Z
2034-02-27,2034-02-27T14:30:00Z,2034-02-27T21:00:00Z
2034-02-28,2034-02-28T14:30:00Z,2034-02-28T21:00:00Z
2034-03-01,2034-03-01T14:30:00Z,2034-03-01T21:00:00Z
2034-03-02,2034-03-02T14:30:00Z,2034-03-02T21:00:00Z
2034-03-03,2034-03-03T14:30:00Z,2034-03-03T21:00:00Z
2034-03-06,2034-03-06T14:30:00Z,2034-03-06T21:00:00Z
2034-03-07,2034-03-07T14:30:00Z,2034-03-07T21:00:00Z
2034-03-08,2034-03-08T14:30:00Z,2034-03-08T21:00:00Z
2034-03-09,2034-03-09T14:30:00Z,2034-03-09T21:00:00Z
2034-03-10,2034-03-10T14:30:00Z,2034-03-10T21:00:00Z
2034-03-13,2034-03-13T13:30:00Z,2034-03-13T20:00:00Z
2034-03-14,2034-03-14T13:30:00Z,2034-03-14T20:00:00Z
2034-03-15,2034-03-15T13:30:00Z,2034-03-15T20:00:00Z
2034-03-16,2034-03-16T13:30:00Z,2034-03-16T20:00:00Z
2034-03-17,2034-03-17T13:30:00Z,2034-03-17T20:00:00Z
2034-03-20,2034-03-20T13:30:00Z,2034-03-20T20:00:00Z
2034-03-21,2034-03-21T13:30:00Z,2034-03-21T20:00:00Z
2034-03-22,2034-03-22T13:30:00Z,2034-03-22T20:00:00Z
2034-03-23,2034-03-23T13:30:00Z,2034-03-23T20:00:00Z
2034-03-24,2034-03-24T13:30:00Z,2034-03-24T20:00:00Z
2034-03-27,2034-03-27T13:30:00Z,2034-03-27T20:00:00Z
2034-03-28,2034-03-28T13:30:00Z,2034-03-28T20:00:00Z
2034-03-29,2034-03-29T13:30:00Z,2034-03-29T20:00:00Z
2034-03-30,2034-03-30T13:30:00Z,2034-03-30T20:00:00Z
2034-03-31,2034-03-31T13:30:00Z,2034-03-31T20:00:00Z
2034-04-03,2034-04-03T13:30:00Z,2034-04-03T20:00:00Z
2034-04-04,2034-04-04T13:30:00Z,2034-04-04T20:00:00Z
2034-04-05,2034-04-05T13:30:00Z,2034-04-05T20:00:00Z
2034-04-06,2034-04-06T13:30:00Z,2034-04-06T20:00:00Z
2034-04-10,2034-04-10T13:30:00Z,2034-04-10T20:00:00Z
2034-04-11,2034-04-11T13:30:00Z,2034-04-11T20:00:00Z
2034-04-12,2034-04-12T13:30:00Z,2034-04-12T20:00:00Z
2034-04-13,2034-04-13T13:30:00Z,2034-04-13T20:00:00Z
2034-04-14,2034-04-14T13:30:00Z,2034-04-14T20:00:00Z
2034-04-17,2034-04-17T13:30:00Z,2034-04-17T20:00:00Z
2034-04-18,2034-04-18T13:30:00Z,2034-04-18T20:00:00Z
2034-04-19,2034-04-19T13:30:00Z,2034-04-19T20:00:00Z
2034-04-20,2034-04-20T13:30:00Z,2034-04-20T20:00:00Z
2034-04-21,2034-04-21T13:30:00Z,2034-04-21T20:00:00Z
2034-04-24,2034-04-24T13:30:00Z,2034-04-24T20:00:00Z
2034-04-25,2034-04-25T13:30:00Z,2034-04-25T20:00:00Z
2034-04-26,2034-04-26T13:30:00Z,2034-04-26T20:00:00Z
2034-04-27,2034-04-27T13:30:00Z,2034-04-27T20:00:00Z
2034-04-28,2034-04-28T13:30:00Z,2034-04-28T20:00:00Z
2034-05-01,2034-05-01T13:30:00Z,2034-05-01T20:00:00Z
2034-05-02,2034-05-02T13:30:00Z,2034-05-02T20:00:00Z
2034-05-03,2034-05-03T13:30:00Z,2034-05-03T20:00:00Z
2034-05-04,2034-05-04T13:30:00Z,2034-05-04T20:00:00Z
2034-05-05,2034-05-05T13:30:00Z,2034-05-05T20:00:00Z
2034-05-08,2034-05-08T13:30:00Z,2034-05-08T20:00:00Z
2034-05-09,2034-05-09T13:30:00Z,2034-05-09T20:00:00Z
2034-05-10,2034-05-10T13:30:00Z,2034-05-10T20:00:00Z
2034-05-11,2034-05-11T13:30:00Z,2034-05-11T20:00:00Z
2034-05-12,2034-05-12T13:30:00Z,2034-05-12T20:00:00Z
2034-05-15,2034-05-15T13:30:00Z,2034-05-15T20:00:00Z
2034-05-16,2034-05-16T13:30:00Z,2034-05-16T20:00:00Z
2034-05-17,2034-05-17T13:30:00Z,2034-05-17T20:00:00Z
2034-05-18,2034-05-18T13:30:00Z,2034-05-18T20:00:00Z
2034-05-19,2034-05-19T13:30:00Z,2034-05-19T20:00:00Z
2034-05-22,2034-05-22T13:30:00Z,2034-05-22T20:00:00Z
2034-05-23,2034-05-23T13:30:00Z,2034-05-23T20:00:00Z
2034-05-24,2034-05-24T13:30:00Z,2034-05-24T20:00:00Z
2034-05-25,2034-05-25T13:30:00Z,2034-05-25T20:00:00Z
2034-05-26,2034-05-26T13:30:00Z,2034-05-26T20:00:00Z
2034-05-30,2034-05-30T13:30:00Z,2034-05-30T20:00:00Z
2034-05-31,2034-05-31T13:30:00Z,2034-05-31T20:00:00Z
2034-06-01,2034-06-01T13:30:00Z,2034-06-01T20:00:00Z
2034-06-02,2034-06-02T13:30:00Z,2034-06-02T20:00:00Z
2034-06-05,2034-06-05T13:30:00Z,2034-06-05T20:00:00Z
2034-06-06,2034-06-06T13:30:00Z,2034-06-06T20:00:00Z
2034-06-07,2034-06-07T13:30:00Z,2034-06-07T20:00:00Z
2034-06-08,2034-06-08T13:30:00Z,2034-06-08T20:00:00Z
2034-06-09,2034-06-09T13:30:00Z,2034-06-09T20:00:00Z
2034-06-12,2034-06-12T13:30:00Z,2034-06-12T20:00:00Z
2034-06-13,2034-06-13T13:30:00Z,2034-06-13T20:00:00Z
2034-06-14,2034-06-14T13:30:00Z,2034-06-14T20:00:00Z
2034-06-15,2034-06-15T13:30:00Z,2034-06-15T20:00:00Z
2034-06-16,2034-06-16T13:30:00Z,2034-06-16T20:00:00Z
2034-06-20,2034-06-20T13:30:00Z,2034-06-20T20:00:00Z
2034-06-21,2034-06-21T13:30:00Z,2034-06-21T20:00:00Z
2034-06-22,2034-06-22T13:30:00Z,2034-06-22T20:00:00Z
2034-06-23,2034-06-23T13:30:00Z,2034-06-23T20:00:00Z
2034-06-26,2034-06-26T13:30:00Z,2034-06-26T20:00:00Z
2034-06-27,2034-06-27T13:30:00Z,2034-06-27T20:00:00Z
2034-06-28,2034-06-28T13:30:00Z,2034-06-28T20:00:00Z
2034-06-29,2034-06-29T13:30:00Z,2034-06-29T20:00:00Z
2034-06-30,2034-06-30T13:30:00Z,2034-06-30T20:00:00Z
2034-07-03,2034-07-03T13:30:00Z,2034-07-03T17:00:00Z
2034-07-05,2034-07-05T13:30:00Z,2034-07-05T20:00:00Z
2034-07-06,2034-07-06T13:30:00Z,2034-07-06T20:00:00Z
2034-07-07,2034-07-07T13:30:00Z,2034-07-07T20:00:00Z
2034-07-10,2034-07-10T13:30:00Z,2034-07-10T20:00:00Z
2034-07-11,2034-07-11T13:30:00Z,2034-07-11T20:00:00Z
2034-07-12,2034-07-12T13:30:00Z,2034-07-12T20:00:00Z
2034-07-13,2034-07-13T13:30:00Z,2034-07-13T20:00:00Z
2034-07-14,2034-07-14T13:30:00Z,2034-07-14T20:00:00Z
2034-07-17,2034-07-17T13:30:00Z,2034-07-17T20:00:00Z
2034-07-18,2034-07-18T13:30:00Z,2034-07-18T20:00:00Z
2034-07-19,2034-07-19T13:30:00Z,2034-07-19T20:00:00Z
2034-07-20,2034-07-20T13:30:00Z,2034-07-20T20:00:00Z
2034-07-21,2034-07-21T13:30:00Z,2034-07-21T20:00:00Z
2034-07-24,2034-07-24T13:30:00Z,2034-07-24T20:00:00Z
2034-07-25,2034-07-25T13:30:00Z,2034-07-25T20:00:00Z
2034-07-26,2034-07-26T13:30:00Z,2034-07-26T20:00:00Z
2034-07-27,2034-07-27T13:30:00Z,2034-07-27T20:00:00Z
2034-07-28,2034-07-28T13:30:00Z,2034-07-28T20:00:00Z
2034-07-31,2034-07-31T13:30:00Z,2034-07-31T20:00:00Z
2034-08-01,2034-08-01T13:30:00Z,2034-08-01T20:00:00Z
2034-08-02,2034-08-02T13:30:00Z,2034-08-02T20:00:00Z
2034-08-03,2034-08-03T13:30:00Z,2034-08-03T20:00:00Z
2034-08-04,2034-08-04T13:30:00Z,2034-08-04T20:00:00Z
2034-08-07,2034-08-07T13:30:00Z,2034-08-07T20:00:00Z
2034-08-08,2034-08-08T13:30:00Z,2034-08-08T20:00:00Z
2034-08-09,2034-08-09T13:30:00Z,2034-08-09T20:00:00Z
2034-08-10,2034-08-10T13:30:00Z,2034-08-10T20:00:00Z
2034-08-11,2034-08-11T13:30:00Z,2034-08-11T20:00:00Z
2034-08-14,2034-08-14T13:30:00Z,2034-08-14T20:00:00Z
2034-08-15,2034-08-15T13:30:00Z,2034-08-15T20:00:00Z
2034-08-16,2034-08-16T13:30:00Z,2034-08-16T20:00:00Z
2034-08-17,2034-08-17T13:30:00Z,2034-08-17T20:00:00Z
2034-08-18,2034-08-18T13:30:00Z,2034-08-18T20:00:00Z
2034-08-21,2034-08-21T13:30:00Z,2034-08-21T20:00:00Z
2034-08-22,2034-08-22T13:30:00Z,2034-08-22T20:00:00Z
2034-08-23,2034-08-23T13:30:00Z,2034-08-23T20:00:00Z
2034-08-24,2034-08-24T13:30:00Z,2034-08-24T20:00:00Z
2034-08-25,2034-08-25T13:30:00Z,2034-08-25T20:00:00Z
2034-08-28,2034-08-28T13:30:00Z,2034-08-28T20:00:00Z
2034-08-29,2034-08-29T13:30:00Z,2034-08-29T20:00:00Z
2034-08-30,2034-08-30T13:30:00Z,2034-08-30T20:00:00Z
2034-08-31,2034-08-31T13:30:00Z,2034-08-31T20:00:00Z
2034-09-01,2034-09-01T13:30:00Z,2034-09-01T20:00:00Z
2034-09-05,2034-09-05T13:30:00Z,2034-09-05T20:00:00Z
2034-09-06,2034-09-06T13:30:00Z,2034-09-06T20:00:00Z
2034-09-07,2034-09-07T13:30:00Z,2034-09-07T20:00:00Z
2034-09-08,2034-09-08T13:30:00Z,2034-09-08T20:00:00Z
2034-09-11,2034-09-11T13:30:00Z,2034-09-11T20:00:00Z
2034-09-12,2034-09-12T13:30:00Z,2034-09-12T20:00:00Z
2034-09-13,2034-09-13T13:30:00Z,2034-09-13T20:00:00Z
2034-09-14,2034-09-14T13:30:00Z,2034-09-14T20:00:00Z
2034-09-15,2034-09-15T13:30:00Z,2034-09-15T20:00:00Z
2034-09-18,2034-09-18T13:30:00Z,2034-09-18T20:00:00Z
2034-09-19,2034-09-19T13:30:00Z,2034-09-19T20:00:00Z
2034-09-20,2034-09-20T13:30:00Z,2034-09-20T20:00:00Z
2034-09-21,2034-09-21T13:30:00Z,2034-09-21T20:00:00Z
2034-09-22,2034-09-22T13:30:00Z,2034-09-22T20:00:00Z
2034-09-25,2034-09-25T13:30:00Z,2034-09-25T20:00:00Z
2034-09-26,2034-09-26T13:30:00Z,2034-09-26T20:00:00Z
2034-09-27,2034-09-27T13:30:00Z,2034-09-27T20:00:00Z
2034-09-28,2034-09-28T13:30:00Z,2034-09-28T20:00:00Z
2034-09-29,2034-09-29T13:30:00Z,2034-09-29T20:00:00Z
2034-10-02,2034-10-02T13:30:00Z,2034-10-02T20:00:00Z
2034-10-03,2034-10-03T13:30:00Z,2034-10-03T20:00:00Z
2034-10-04,2034-10-04T13:30:00Z,2034-10-04T20:00:00Z
2034-10-05,2034-10-05T13:30:00Z,2034-10-05T20:00:00Z
2034-10-06,2034-10-06T13:30:00Z,2034-10-06T20:00:00Z
2034-10-09,2034-10-09T13:30:00Z,2034-10-09T20:00:00Z
2034-10-10,2034-10-10T13:30:00Z,2034-10-10T20:00:00Z
2034-10-11,2034-10-11T13:30:00Z,2034-10-11T20:00:00Z
2034-10-12,2034-10-12T13:30:00Z,2034-10-12T20:00:00Z
2034-10-13,2034-10-13T13:30:00Z,2034-10-13T20:00:00Z
2034-10-16,2034-10-16T13:30:00Z,2034-10-16T20:00:00Z
2034-10-17,2034-10-17T13:30:00Z,2034-10-17T20:00:00Z
2034-10-18,2034-10-18T13:30:00Z,2034-10-18T20:00:00Z
2034-10-19,2034-10-19T13:30:00Z,2034-10-19T20:00:00Z
2034-10-20,2034-10-20T13:30:00Z,2034-10-20T20:00:00Z
2034-10-23,2034-10-23T13:30:00Z,2034-10-23T20:00:00Z
2034-10-24,2034-10-24T13:30:00Z,2034-10-24T20:00:00Z
2034-10-25,2034-10-25T13:30:00Z,2034-10-25T20:00:00Z
2034-10-26,2034-10-26T13:30:00Z,2034-10-26T20:00:00Z
2034-10-27,2034-10-27T13:30:00Z,2034-10-27T20:00:00Z
2034-10-30,2034-10-30T13:30:00Z,2034-10-30T20:00:00Z
2034-10-31,2034-10-31T13:30:00Z,2034-10-31T20:00:00Z
2034-11-01,2034-11-01T13:30:00Z,2034-11-01T20:00:00Z
2034-11-02,2034-11-02T13:30:00Z,2034-11-02T20:00:00Z
2034-11-03,2034-11-03T13:30:00Z,2034-11-03T20:00:00Z
2034-11-06,2034-11-06T14:30:00Z,2034-11-06T21:00:00Z
2034-11-07,2034-11-07T14:30:00Z,2034-11-07T21:00:00Z
2034-11-08,2034-11-08T14:30:00Z,2034-11-08T21:00:00Z
2034-11-09,2034-11-09T14:30:00Z,2034-11-09T21:00:00Z
2034-11-10,2034-11-10T14:30:00Z,2034-11-10T21:00:00Z
2034-11-13,2034-11-13T14:30:00Z,2034-11-13T21:00:00Z
2034-11-14,2034-11-14T14:30:00Z,2034-11-14T21:00:00Z
2034-11-15,2034-11-15T14:30:00Z,2034-11-15T21:00:00Z
2034-11-16,2034-11-16T14:30:00Z,2034-11-16T21:00:00Z
2034-11-17,2034-11-17T14:30:00Z,2034-11-17T21:00:00Z
2034-11-20,2034-11-20T14:30:00Z,2034-11-20T21:00:00Z
2034-11-21,2034-11-21T14:30:00Z,2034-11-21T21:00:00Z
2034-11-22,2034-11-22T14:30:00Z,2034-11-22T21:00:00Z
2034-11-24,2034-11-24T14:30:00Z,2034-11-24T18:00:00Z
2034-11-27,2034-11-27T14:30:00Z,2034-11-27T21:00:00Z
2034-11-28,2034-11-28T14:30:00Z,2034-11-28T21:00:00Z
2034-11-29,2034-11-29T14:30:00Z,2034-11-29T21:00:00Z
2034-11-30,2034-11-30T14:30:00Z,2034-11-30T21:00:00Z
2034-12-01,2034-12-01T14:30:00Z,2034-12-01T21:00:00Z
2034-12-04,2034-12-04T14:30:00Z,2034-12-04T21:00:00Z
2034-12-05,2034-12-05T14:30:00Z,2034-12-05T21:00:00Z
2034-12-06,2034-12-06T14:30:00Z,2034-12-06T21:00:00Z
2034-12-07,2034-12-07T14:30:00Z,2034-12-07T21:00:00Z
2034-12-08,2034-12-08T14:30:00Z,2034-12-08T21:00:00Z
2034-12-11,2034-12-11T14:30:00Z,2034-12-11T21:00:00Z
2034-12-12,2034-12-12T14:30:00Z,2034-12-12T21:00:00Z
2034-12-13,2034-12-13T14:30:00Z,2034-12-13T21:00:00Z
2034-12-14,2034-12-14T14:30:00Z,2034-12-14T21:00:00Z
2034-12-15,2034-12-15T14:30:00Z,2034-12-15T21:00:00Z
2034-12-18,2034-12-18T14:30:00Z,2034-12-18T21:00:00Z
2034-12-19,2034-12-19T14:30:00Z,2034-12-19T21:00:00Z
2034-12-20,2034-12-20T14:30:00Z,2034-12-20T21:00:00Z
2034-12-21,2034-12-21T14:30:00Z,2034-12-21T21:00:00Z
2034-12-22,2034-12-22T14:30:00Z,2034-12-22T21:00:00Z
2034-12-26,2034-12-26T14:30:00Z,2034-12-26T21:00:00Z
2034-12-27,2034-12-27T14:30:00Z,2034-12-27T21:00:00Z
2034-12-28,2034-12-28T14:30:00Z,2034-12-28T21:00:00Z
2034-12-29,2034-12-29T14:30:00Z,2034-12-29T21:00:00Z
2035-01-02,2035-01-02T14:30:00Z,2035-01-02T21:00:00Z
2035-01-03,2035-01-03T14:30:00Z,2035-01-03T21:00:00Z
2035-01-04,2035-01-04T14:30:00Z,2035-01-04T21:00:00Z
2035-01-05,2035-01-05T14:30:00Z,2035-01-05T21:00:00Z
2035-01-08,2035-01-08T14:30:00Z,2035-01-08T21:00:00Z
2035-01-09,2035-01-09T14:30:00Z,2035-01-09T21:00:00Z
2035-01-10,2035-01-10T14:30:00Z,2035-01-10T21:00:00Z
2035-01-11,2035-01-11T14:30:00Z,2035-01-11T21:00:00Z
2035-01-12,2035-01-12T14:30:00Z,2035-01-12T21:00:00Z
2035-01-16,2035-01-16T14:30:00Z,2035-01-16T21:00:00Z
2035-01-17,2035-01-17T14:30:00Z,2035-01-17T21:00:00Z
2035-01-18,2035-01-18T14:30:00Z,2035-01-18T21:00:00Z
2035-01-19,2035-01-19T14:30:00Z,2035-01-19T21:00:00Z
2035-01-22,2035-01-22T14:30:00Z,2035-01-22T21:00:00Z
2035-01-23,2035-01-23T14:30:00Z,2035-01-23T21:00:00Z
2035-01-24,2035-01-24T14:30:00Z,2035-01-24T21:00:00Z
2035-01-25,2035-01-25T14:30:00Z,2035-01-25T21:00:00Z
2035-01-26,2035-01-26T14:30:00Z,2035-01-26T21:00:00Z
2035-01-29,2035-01-29T14:30:00Z,2035-01-29T21:00:00Z
2035-01-30,2035-01-30T14:30:00Z,2035-01-30T21:00:00Z
2035-01-31,2035-01-31T14:30:00Z,2035-01-31T21:00:00Z
2035-02-01,2035-02-01T14:30:00Z,2035-02-01T21:00:00Z
2035-02-02,2035-02-02T14:30:00Z,2035-02-02T21:00:00Z
2035-02-05,2035-02-05T14:30:00Z,2035-02-05T21:00:00Z
2035-02-06,2035-02-06T14:30:00Z,2035-02-06T21:00:00Z
2035-02-07,2035-02-07T14:30:00Z,2035-02-07T21:00:00Z
2035-02-08,2035-02-08T14:30:00Z,2035-02-08T21:00:00Z
2035-02-09,2035-02-09T14:30:00Z,2035-02-09T21:00:00Z
2035-02-12,2035-02-12T14:30:00Z,2035-02-12T21:00:00Z
2035-02-13,2035-02-13T14:30:00Z,2035-02-13T21:00:00Z
2035-02-14,2035-02-14T14:30:00Z,2035-02-14T21:00:00Z
2035-02-15,2035-02-15T14:30:00Z,2035-02-15T21:00:00Z
2035-02-16,2035-02-16T14:30:00Z,2035-02-16T21:00:00Z
2035-02-20,2035-02-20T14:30:00Z,2035-02-20T21:00:00Z
2035-02-21,2035-02-21T14:30:00Z,2035-02-21T21:00:00Z
2035-02-22,2035-02-22T14:30:00Z,2035-02-22T21:00:00Z
2035-02-23,2035-02-23T14:30:00Z,2035-02-23T21:00:00Z
2035-02-26,2035-02-26T14:30:00Z,2035-02-26T21:00:00Z
2035-02-27,2035-02-27T14:30:00Z,2035-02-27T21:00:00Z
2035-02-28,2035-02-28T14:30:00Z,2035-02-28T21:00:00Z
2035-03-01,2035-03-01T14:30:00Z,2035-03-01T21:00:00Z
2035-03-02,2035-03-02T14:30:00Z,2035-03-02T21:00:00Z
2035-03-05,2035-03-05T14:30:00Z,2035-03-05T21:00:00Z
2035-03-06,2035-03-06T14:30:00Z,2035-03-06T21:00:00Z
2035-03-07,2035-03-07T14:30:00Z,2035-03-07T21:00:00Z
2035-03-08,2035-03-08T14:30:00Z,2035-03-08T21:00:00Z
2035-03-09,2035-03-09T14:30:00Z,2035-03-09T21:00:00Z
2035-03-12,2035-03-12T13:30:00Z,2035-03-12T20:00:00Z
2035-03-13,2035-03-13T13:30:00Z,2035-03-13T20:00:00Z
2035-03-14,2035-03-14T13:30:00Z,2035-03-14T20:00:00Z
2035-03-15,2035-03-15T13:30:00Z,2035-03-15T20:00:00Z
2035-03-16,2035-03-16T13:30:00Z,2035-03-16T20:00:00Z
2035-03-19,2035-03-19T13:30:00Z,2035-03-19T20:00:00Z
2035-03-20,2035-03-20T13:30:00Z,2035-03-20T20:00:00Z
2035-03-21,2035-03-21T13:30:00Z,2035-03-21T20:00:00Z
2035-03-22,2035-03-22T13:30:00Z,2035-03-22T20:00:00Z
2035-03-26,2035-03-26T13:30:00Z,2035-03-26T20:00:00Z
2035-03-27,2035-03-27T13:30:00Z,2035-03-27T20:00:00Z
2035-03-28,2035-03-28T13:30:00Z,2035-03-28T20:00:00Z
2035-03-29,2035-03-29T13:30:00Z,2035-03-29T20:00:00Z
2035-03-30,2035-03-30T13:30:00Z,2035-03-30T20:00:00Z
2035-04-02,2035-04-02T13:30:00Z,2035-04-02T20:00:00Z
2035-04-03,2035-04-03T13:30:00Z,2035-04-03T20:00:00Z
2035-04-04,2035-04-04T13:30:00Z,2035-04-04T20:00:00Z
2035-04-05,2035-04-05T13:30:00Z,2035-04-05T20:00:00Z
2035-04-06,2035-04-06T13:30:00Z,2035-04-06T20:00:00Z
2035-04-09,2035-04-09T13:30:00Z,2035-04-09T20:00:00Z
2035-04-10,2035-04-10T13:30:00Z,2035-04-10T20:00:00Z
2035-04-11,2035-04-11T13:30:00Z,2035-04-11T20:00:00Z
2035-04-12,2035-04-12T13:30:00Z,2035-04-12T20:00:00Z
2035-04-13,2035-04-13T13:30:00Z,2035-04-13T20:00:00Z
2035-04-16,2035-04-16T13:30:00Z,2035-04-16T20:00:00Z
2035-04-17,2035-04-17T13:30:00Z,2035-04-17T20:00:00Z
2035-04-18,2035-04-18T13:30:00Z,2035-04-18T20:00:00Z
2035-04-19,2035-04-19T13:30:00Z,2035-04-19T20:00:00Z
2035-04-20,2035-04-20T13:30:00Z,2035-04-20T20:00:00Z
2035-04-23,2035-04-23T13:30:00Z,2035-04-23T20:00:00Z
2035-04-24,2035-04-24T13:30:00Z,2035-04-24T20:00:00Z
2035-04-25,2035-04-25T13:30:00Z,2035-04-25T20:00:00Z
2035-04-26,2035-04-26T13:30:00Z,2035-04-26T20:00:00Z
2035-04-27,2035-04-27T13:30:00Z,2035-04-27T20:00:00Z
2035-04-30,2035-04-30T13:30:00Z,2035-04-30T20:00:00Z
2035-05-01,2035-05-01T13:30:00Z,2035-05-01T20:00:00Z
2035-05-02,2035-05-02T13:30:00Z,2035-05-02T20:00:00Z
2035-05-03,2035-05-03T13:30:00Z,2035-05-03T20:00:00Z
2035-05-04,2035-05-04T13:30:00Z,2035-05-04T20:00:00Z
2035-05-07,2035-05-07T13:30:00Z,2035-05-07T20:00:00Z
2035-05-08,2035-05-08T13:30:00Z,2035-05-08T20:00:00Z
2035-05-09,2035-05-09T13:30:00Z,2035-05-09T20:00:00Z
2035-05-10,2035-05-10T13:30:00Z,2035-05-10T20:00:00Z
2035-05-11,2035-05-11T13:30:00Z,2035-05-11T20:00:00Z
2035-05-14,2035-05-14T13:30:00Z,2035-05-14T20:00:00Z
2035-05-15,2035-05-15T13:30:00Z,2035-05-15T20:00:00Z
2035-05-16,2035-05-16T13:30:00Z,2035-05-16T20:00:00Z
2035-05-17,2035-05-17T13:30:00Z,2035-05-17T20:00:00Z
2035-05-18,2035-05-18T13:30:00Z,2035-05-18T20:00:00Z
2035-05-21,2035-05-21T13:30:00Z,2035-05-21T20:00:00Z
2035-05-22,2035-05-22T13:30:00Z,2035-05-22T20:00:00Z
2035-05-23,2035-05-23T13:30:00Z,2035-05-23T20:00:00Z
2035-05-24,2035-05-24T13:30:00Z,2035-05-24T20:00:00Z
2035-05-25,2035-05-25T13:30:00Z,2035-05-25T20:00:00Z
2035-05-29,2035-05-29T13:30:00Z,2035-05-29T20:00:00Z
2035-05-30,2035-05-30T13:30:00Z,2035-05-30T20:00:00Z
2035-05-31,2035-05-31T13:30:00Z,2035-05-31T20:00:00Z
2035-06-01,2035-06-01T13:30:00Z,2035-06-01T20:00:00Z
2035-06-04,2035-06-04T13:30:00Z,2035-06-04T20:00:00Z
2035-06-05,2035-06-05T13:30:00Z,2035-06-05T20:00:00Z
2035-06-06,2035-06-06T13:30:00Z,2035-06-06T20:00:00Z
2035-06-07,2035-06-07T13:30:00Z,2035-06-07T20:00:00Z
2035-06-08,2035-06-08T13:30:00Z,2035-06-08T20:00:00Z
2035-06-11,2035-06-11T13:30:00Z,2035-06-11T20:00:00Z
2035-06-12,2035-06-12T13:30:00Z,2035-06-12T20:00:00Z
2035-06-13,2035-06-13T13:30:00Z,2035-06-13T20:00:00Z
2035-06-14,2035-06-14T13:30:00Z,2035-06-14T20:00:00Z
2035-06-15,2035-06-15T13:30:00Z,2035-06-15T20:00:00Z
2035-06-18,2035-06-18T13:30:00Z,2035-06-18T20:00:00Z
2035-06-20,2035-06-20T13:30:00Z,2035-06-20T20:00:00Z
2035-06-21,2035-06-21T13:30:00Z,2035-06-21T20:00:00Z
2035-06-22,2035-06-22T13:30:00Z,2035-06-22T20:00:00Z
2035-06-25,2035-06-25T13:30:00Z,2035-06-25T20:00:00Z
2035-06-26,2035-06-26T13:30:00Z,2035-06-26T20:00:00Z
2035-06-27,2035-06-27T13:30:00Z,2035-06-27T20:00:00Z
2035-06-28,2035-06-28T13:30:00Z,2035-06-28T20:00:00Z
2035-06-29,2035-06-29T13:30:00Z,2035-06-29T20:00:00Z
2035-07-02,2035-07-02T13:30:00Z,2035-07-02T20:00:00Z
2035-07-03,2035-07-03T13:30:00Z,2035-07-03T17:00:00Z
2035-07-05,2035-07-05T13:30:00Z,2035-07-05T20:00:00Z
2035-07-06,2035-07-06T13:30:00Z,2035-07-06T20:00:00Z
2035-07-09,2035-07-09T13:30:00Z,2035-07-09T20:00:00Z
2035-07-10,2035-07-10T13:30:00Z,2035-07-10T20:00:00Z
2035-07-11,2035-07-11T13:30:00Z,2035-07-11T20:00:00Z
2035-07-12,2035-07-12T13:30:00Z,2035-07-12T20:00:00Z
2035-07-13,2035-07-13T13:30:00Z,2035-07-13T20:00:00Z
2035-07-16,2035-07-16T13:30:00Z,2035-07-16T20:00:00Z
2035-07-17,2035-07-17T13:30:00Z,2035-07-17T20:00:00Z
2035-07-18,2035-07-18T13:30:00Z,2035-07-18T20:00:00Z
2035-07-19,2035-07-19T13:30:00Z,2035-07-19T20:00:00Z
2035-07-20,2035-07-20T13:30:00Z,2035-07-20T20:00:00Z
2035-07-23,2035-07-23T13:30:00Z,2035-07-23T20:00:00Z
2035-07-24,2035-07-24T13:30:00Z,2035-07-24T20:00:00Z
2035-07-25,2035-07-25T13:30:00Z,2035-07-25T20:00:00Z
2035-07-26,2035-07-26T13:30:00Z,2035-07-26T20:00:00Z
2035-07-27,2035-07-27T13:30:00Z,2035-07-27T20:00:00Z
2035-07-30,2035-07-30T13:30:00Z,2035-07-30T20:00:00Z
2035-07-31,2035-07-31T13:30:00Z,2035-07-31T20:00:00Z
2035-08-01,2035-08-01T13:30:00Z,2035-08-01T20:00:00Z
2035-08-02,2035-08-02T13:30:00Z,2035-08-02T20:00:00Z
2035-08-03,2035-08-03T13:30:00Z,2035-08-03T20:00:00Z
2035-08-06,2035-08-06T13:30:00Z,2035-08-06T20:00:00Z
2035-08-07,2035-08-07T13:30:00Z,2035-08-07T20:00:00Z
2035-08-08,2035-08-08T13:30:00Z,2035-08-08T20:00:00Z
2035-08-09,2035-08-09T13:30:00Z,2035-08-09T20:00:00Z
2035-08-10,2035-08-10T13:30:00Z,2035-08-10T20:00:00Z
2035-08-13,2035-08-13T13:30:00Z,2035-08-13T20:00:00Z
2035-08-14,2035-08-14T13:30:00Z,2035-08-14T20:00:00Z
2035-08-15,2035-08-15T13:30:00Z,2035-08-15T20:00:00Z
2035-08-16,2035-08-16T13:30:00Z,2035-08-16T20:00:00Z
2035-08-17,2035-08-17T13:30:00Z,2035-08-17T20:00:00Z
2035-08-20,2035-08-20T13:30:00Z,2035-08-20T20:00:00Z
2035-08-21,2035-08-21T13:30:00Z,2035-08-21T20:00:00Z
2035-08-22,2035-08-22T13:30:00Z,2035-08-22T20:00:00Z
2035-08-23,2035-08-23T13:30:00Z,2035-08-23T20:00:00Z
2035-08-24,2035-08-24T13:30:00Z,2035-08-24T20:00:00Z
2035-08-27,2035-08-27T13:30:00Z,2035-08-27T20:00:00Z
2035-08-28,2035-08-28T13:30:00Z,2035-08-28T20:00:00Z
2035-08-29,2035-08-29T13:30:00Z,2035-08-29T20:00:00Z
2035-08-30,2035-08-30T13:30:00Z,2035-08-30T20:00:00Z
2035-08-31,2035-08-31T13:30:00Z,2035-08-31T20:00:00Z
2035-09-04,2035-09-04T13:30:00Z,2035-09-04T20:00:00Z
2035-09-05,2035-09-05T13:30:00Z,2035-09-05T20:00:00Z
2035-09-06,2035-09-06T13:30:00Z,2035-09-06T20:00:00Z
2035-09-07,2035-09-07T13:30:00Z,2035-09-07T20:00:00Z
2035-09-10,2035-09-10T13:30:00Z,2035-09-10T20:00:00Z
2035-09-11,2035-09-11T13:30:00Z,2035-09-11T20:00:00Z
2035-09-12,2035-09-12T13:30:00Z,2035-09-12T20:00:00Z
2035-09-13,2035-09-13T13:30:00Z,2035-09-13T20:00:00Z
2035-09-14,2035-09-14T13:30:00Z,2035-09-14T20:00:00Z
2035-09-17,2035-09-17T13:30:00Z,2035-09-17T20:00:00Z
2035-09-18,2035-09-18T13:30:00Z,2035-09-18T20:00:00Z
2035-09-19,2035-09-19T13:30:00Z,2035-09-19T20:00:00Z
2035-09-20,2035-09-20T13:30:00Z,2035-09-20T20:00:00Z
2035-09-21,2035-09-21T13:30:00Z,2035-09-21T20:00:00Z
2035-09-24,2035-09-24T13:30:00Z,2035-09-24T20:00:00Z
2035-09-25,2035-09-25T13:30:00Z,2035-09-25T20:00:00Z
2035-09-26,2035-09-26T13:30:00Z,2035-09-26T20:00:00Z
2035-09-27,2035-09-27T13:30:00Z,2035-09-27T20:00:00Z
2035-09-28,2035-09-28T13:30:00Z,2035-09-28T20:00:00Z
2035-10-01,2035-10-01T13:30:00Z,2035-10-01T20:00:00Z
2035-10-02,2035-10-02T13:30:00Z,2035-10-02T20:00:00Z
2035-10-03,2035-10-03T13:30:00Z,2035-10-03T20:00:00Z
2035-10-04,2035-10-04T13:30:00Z,2035-10-04T20:00:00Z
2035-10-05,2035-10-05T13:30:00Z,2035-10-05T20:00:00Z
2035-10-08,2035-10-08T13:30:00Z,2035-10-08T20:00:00Z
2035-10-09,2035-10-09T13:30:00Z,2035-10-09T20:00:00Z
2035-10-10,2035-10-10T13:30:00Z,2035-10-10T20:00:00Z
2035-10-11,2035-10-11T13:30:00Z,2035-10-11T20:00:00Z
2035-10-12,2035-10-12T13:30:00Z,2035-10-12T20:00:00Z
2035-10-15,2035-10-15T13:30:00Z,2035-10-15T20:00:00Z
2035-10-16,2035-10-16T13:30:00Z,2035-10-16T20:00:00Z
2035-10-17,2035-10-17T13:30:00Z,2035-10-17T20:00:00Z
2035-10-18,2035-10-18T13:30:00Z,2035-10-18T20:00:00Z
2035-10-19,2035-10-19T13:30:00Z,2035-10-19T20:00:00Z
2035-10-22,2035-10-22T13:30:00Z,2035-10-22T20:00:00Z
2035-10-23,2035-10-23T13:30:00Z,2035-10-23T20:00:00Z
2035-10-24,2035-10-24T13:30:00Z,2035-10-24T20:00:00Z
2035-10-25,2035-10-25T13:30:00Z,2035-10-25T20:00:00Z
2035-10-26,2035-10-26T13:30:00Z,2035-10-26T20:00:00Z
2035-10-29,2035-10-29T13:30:00Z,2035-10-29T20:00:00Z
2035-10-30,2035-10-30T13:30:00Z,2035-10-30T20:00:00Z
2035-10-31,2035-10-31T13:30:00Z,2035-10-31T20:00:00Z
2035-11-01,2035-11-01T13:30:00Z,2035-11-01T20:00:00Z
2035-11-02,2035-11-02T13:30:00Z,2035-11-02T20:00:00Z
2035-11-05,2035-11-05T14:30:00Z,2035-11-05T21:00:00Z
2035-11-06,2035-11-06T14:30:00Z,2035-11-06T21:00:00Z
2035-11-07,2035-11-07T14:30:00Z,2035-11-07T21:00:00Z
2035-11-08,2035-11-08T14:30:00Z,2035-11-08T21:00:00Z
2035-11-09,2035-11-09T14:30:00Z,2035-11-09T21:00:00Z
2035-11-12,2035-11-12T14:30:00Z,2035-11-12T21:00:00Z
2035-11-13,2035-11-13T14:30:00Z,2035-11-13T21:00:00Z
2035-11-14,2035-11-14T14:30:00Z,2035-11-14T21:00:00Z
2035-11-15,2035-11-15T14:30:00Z,2035-11-15T21:00:00Z
2035-11-16,2035-11-16T14:30:00Z,2035-11-16T21:00:00Z
2035-11-19,2035-11-19T14:30:00Z,2035-11-19T21:00:00Z
2035-11-20,2035-11-20T14:30:00Z,2035-11-20T21:00:00Z
2035-11-21,2035-11-21T14:30:00Z,2035-11-21T21:00:00Z
2035-11-23,2035-11-23T14:30:00Z,2035-11-23T18:00:00Z
2035-11-26,2035-11-26T14:30:00Z,2035-11-26T21:00:00Z
2035-11-27,2035-11-27T14:30:00Z,2035-11-27T21:00:00Z
2035-11-28,2035-11-28T14:30:00Z,2035-11-28T21:00:00Z
2035-11-29,2035-11-29T14:30:00Z,2035-11-29T21:00:00Z
2035-11-30,2035-11-30T14:30:00Z,2035-11-30T21:00:00Z
2035-12-03,2035-12-03T14:30:00Z,2035-12-03T21:00:00Z
2035-12-04,2035-12-04T14:30:00Z,2035-12-04T21:00:00Z
2035-12-05,2035-12-05T14:30:00Z,2035-12-05T21:00:00Z
2035-12-06,2035-12-06T14:30:00Z,2035-12-06T21:00:00Z
2035-12-07,2035-12-07T14:30:00Z,2035-12-07T21:00:00Z
2035-12-10,2035-12-10T14:30:00Z,2035-12-10T21:00:00Z
2035-12-11,2035-12-11T14:30:00Z,2035-12-11T21:00:00Z
2035-12-12,2035-12-12T14:30:00Z,2035-12-12T21:00:00Z
2035-12-13,2035-12-13T14:30:00Z,2035-12-13T21:00:00Z
2035-12-14,2035-12-14T14:30:00Z,2035-12-14T21:00:00Z
2035-12-17,2035-12-17T14:30:00Z,2035-12-17T21:00:00Z
2035-12-18,2035-12-18T14:30:00Z,2035-12-18T21:00:00Z
2035-12-19,2035-12-19T14:30:00Z,2035-12-19T21:00:00Z
2035-12-20,2035-12-20T14:30:00Z,2035-12-20T21:00:00Z
2035-12-21,2035-12-21T14:30:00Z,2035-12-21T21:00:00Z
2035-12-24,2035-12-24T14:30:00Z,2035-12-24T18:00:00Z
2035-12-26,2035-12-26T14:30:00Z,2035-12-26T21:00:00Z
2035-12-27,2035-12-27T14:30:00Z,2035-12-27T21:00:00Z
2035-12-28,2035-12-28T14:30:00Z,2035-12-28T21:00:00Z
2035-12-31,2035-12-31T14:30:00Z,2035-12-31T21:00:00Z
2036-01-02,2036-01-02T14:30:00Z,2036-01-02T21:00:00Z
2036-01-03,2036-01-03T14:30:00Z,2036-01-03T21:00:00Z
2036-01-04,2036-01-04T14:30:00Z,2036-01-04T21:00:00Z
2036-01-07,2036-01-07T14:30:00Z,2036-01-07T21:00:00Z
2036-01-08,2036-01-08T14:30:00Z,2036-01-08T21:00:00Z
2036-01-09,2036-01-09T14:30:00Z,2036-01-09T21:00:00Z
2036-01-10,2036-01-10T14:30:00Z,2036-01-10T21:00:00Z
2036-01-11,2036-01-11T14:30:00Z,2036-01-11T21:00:00Z
2036-01-14,2036-01-14T14:30:00Z,2036-01-14T21:00:00Z
2036-01-15,2036-01-15T14:30:00Z,2036-01-15T21:00:00Z
2036-01-16,2036-01-16T14:30:00Z,2036-01-16T21:00:00Z
2036-01-17,2036-01-17T14:30:00Z,2036-01-17T21:00:00Z
2036-01-18,2036-01-18T14:30:00Z,2036-01-18T21:00:00Z
2036-01-22,2036-01-22T14:30:00Z,2036-01-22T21:00:00Z
2036-01-23,2036-01-23T14:30:00Z,2036-01-23T21:00:00Z
2036-01-24,2036-01-24T14:30:00Z,2036-01-24T21:00:00Z
2036-01-25,2036-01-25T14:30:00Z,2036-01-25T21:00:00Z
2036-01-28,2036-01-28T14:30:00Z,2036-01-28T21:00:00Z
2036-01-29,2036-01-29T14:30:00Z,2036-01-29T21:00:00Z
2036-01-30,2036-01-30T14:30:00Z,2036-01-30T21:00:00Z
2036-01-31,2036-01-31T14:30:00Z,2036-01-31T21:00:00Z
2036-02-01,2036-02-01T14:30:00Z,2036-02-01T21:00:00Z
2036-02-04,2036-02-04T14:30:00Z,2036-02-04T21:00:00Z
2036-02-05,2036-02-05T14:30:00Z,2036-02-05T21:00:00Z
2036-02-06,2036-02-06T14:30:00Z,2036-02-06T21:00:00Z
2036-02-07,2036-02-07T14:30:00Z,2036-02-07T21:00:00Z
2036-02-08,2036-02-08T14:30:00Z,2036-02-08T21:00:00Z
2036-02-11,2036-02-11T14:30:00Z,2036-02-11T21:00:00Z
2036-02-12,2036-02-12T14:30:00Z,2036-02-12T21:00:00Z
2036-02-13,2036-02-13T14:30:00Z,2036-02-13T21:00:00Z
2036-02-14,2036-02-14T14:30:00Z,2036-02-14T21:00:00Z
2036-02-15,2036-02-15T14:30:00Z,2036-02-15T21:00:00Z
2036-02-19,2036-02-19T14:30:00Z,2036-02-19T21:00:00Z
2036-02-20,2036-02-20T14:30:00Z,2036-02-20T21:00:00Z
2036-02-21,2036-02-21T14:30:00Z,2036-02-21T21:00:00Z
2036-02-22,2036-02-22T14:30:00Z,2036-02-22T21:00:00Z
2036-02-25,2036-02-25T14:30:00Z,2036-02-25T21:00:00Z
2036-02-26,2036-02-26T14:30:00Z,2036-02-26T21:00:00Z
2036-02-27,2036-02-27T14:30:00Z,2036-02-27T21:00:00Z
2036-02-28,2036-02-28T14:30:00Z,2036-02-28T21:00:00Z
2036-02-29,2036-02-29T14:30:00Z,2036-02-29T21:00:00Z
2036-03-03,2036-03-03T14:30:00Z,2036-03-03T21:00:00Z
2036-03-04,2036-03-04T14:30:00Z,2036-03-04T21:00:00Z
2036-03-05,2036-03-05T14:30:00Z,2036-03-05T21:00:00Z
2036-03-06,2036-03-06T14:30:00Z,2036-03-06T21:00:00Z
2036-03-07,2036-03-07T14:30:00Z,2036-03-07T21:00:00Z
2036-03-10,2036-03-10T13:30:00Z,2036-03-10T20:00:00Z
2036-03-11,2036-03-11T13:30:00Z,2036-03-11T20:00:00Z
2036-03-12,2036-03-12T13:30:00Z,2036-03-12T20:00:00Z
2036-03-13,2036-03-13T13:30:00Z,2036-03-13T20:00:00Z
2036-03-14,2036-03-14T13:30:00Z,2036-03-14T20:00:00Z
2036-03-17,2036-03-17T13:30:00Z,2036-03-17T20:00:00Z
2036-03-18,2036-03-18T13:30:00Z,2036-03-18T20:00:00Z
2036-03-19,2036-03-19T13:30:00Z,2036-03-19T20:00:00Z
2036-03-20,2036-03-20T13:30:00Z,2036-03-20T20:00:00Z
2036-03-21,2036-03-21T13:30:00Z,2036-03-21T20:00:00Z
2036-03-24,2036-03-24T13:30:00Z,2036-03-24T20:00:00Z
2036-03-25,2036-03-25T13:30:00Z,2036-03-25T20:00:00Z
2036-03-26,2036-03-26T13:30:00Z,2036-03-26T20:00:00Z
2036-03-27,2036-03-27T13:30:00Z,2036-03-27T20:00:00Z
2036-03-28,2036-03-28T13:30:00Z,2036-03-28T20:00:00Z
2036-03-31,2036-03-31T13:30:00Z,2036-03-31T20:00:00Z
2036-04-01,2036-04-01T13:30:00Z,2036-04-01T20:00:00Z
2036-04-02,2036-04-02T13:30:00Z,2036-04-02T20:00:00Z
2036-04-03,2036-04-03T13:30:00Z,2036-04-03T20:00:00Z
2036-04-04,2036-04-04T13:30:00Z,2036-04-04T20:00:00Z
2036-04-07,2036-04-07T13:30:00Z,2036-04-07T20:00:00Z
2036-04-08,2036-04-08T13:30:00Z,2036-04-08T20:00:00Z
2036-04-09,2036-04-09T13:30:00Z,2036-04-09T20:00:00Z
2036-04-10,2036-04-10T13:30:00Z,2036-04-10T20:00:00Z
2036-04-14,2036-04-14T13:30:00Z,2036-04-14T20:00:00Z
2036-04-15,2036-04-15T13:30:00Z,2036-04-15T20:00:00Z
2036-04-16,2036-04-16T13:30:00Z,2036-04-16T20:00:00Z
2036-04-17,2036-04-17T13:30:00Z,2036-04-17T20:00:00Z
2036-04-18,2036-04-18T13:30:00Z,2036-04-18T20:00:00Z
2036-04-21,2036-04-21T13:30:00Z,2036-04-21T20:00:00Z
2036-04-22,2036-04-22T13:30:00Z,2036-04-22T20:00:00Z
2036-04-23,2036-04-23T13:30:00Z,2036-04-23T20:00:00Z
2036-04-24,2036-04-24T13:30:00Z,2036-04-24T20:00:00Z
2036-04-25,2036-04-25T13:30:00Z,2036-04-25T20:00:00Z
2036-04-28,2036-04-28T13:30:00Z,2036-04-28T20:00:00Z
2036-04-29,2036-04-29T13:30:00Z,2036-04-29T20:00:00Z
2036-04-30,2036-04-30T13:30:00Z,2036-04-30T20:00:00Z
2036-05-01,2036-05-01T13:30:00Z,2036-05-01T20:00:00Z
2036-05-02,2036-05-02T13:30:00Z,2036-05-02T20:00:00Z
2036-05-05,2036-05-05T13:30:00Z,2036-05-05T20:00:00Z
2036-05-06,2036-05-06T13:30:00Z,2036-05-06T20:00:00Z
2036-05-07,2036-05-07T13:30:00Z,2036-05-07T20:00:00Z
2036-05-08,2036-05-08T13:30:00Z,2036-05-08T20:00:00Z
2036-05-09,2036-05-09T13:30:00Z,2036-05-09T20:00:00Z
2036-05-12,2036-05-12T13:30:00Z,2036-05-12T20:00:00Z
2036-05-13,2036-05-13T13:30:00Z,2036-05-13T20:00:00Z
2036-05-14,2036-05-14T13:30:00Z,2036-05-14T20:00:00Z
2036-05-15,2036-05-15T13:30:00Z,2036-05-15T20:00:00Z
2036-05-16,2036-05-16T13:30:00Z,2036-05-16T20:00:00Z
2036-05-19,2036-05-19T13:30:00Z,2036-05-19T20:00:00Z
2036-05-20,2036-05-20T13:30:00Z,2036-05-20T20:00:00Z
2036-05-21,2036-05-21T13:30:00Z,2036-05-21T20:00:00Z
2036-05-22,2036-05-22T13:30:00Z,2036-05-22T20:00:00Z
2036-05-23,2036-05-23T13:30:00Z,2036-05-23T20:00:00Z
2036-05-27,2036-05-27T13:30:00Z,2036-05-27T20:00:00Z
2036-05-28,2036-05-28T13:30:00Z,2036-05-28T20:00:00Z
2036-05-29,2036-05-29T13:30:00Z,2036-05-29T20:00:00Z
2036-05-30,2036-05-30T13:30:00Z,2036-05-30T20:00:00Z
2036-06-02,2036-06-02T13:30:00Z,2036-06-02T20:00:00Z
2036-06-03,2036-06-03T13:30:00Z,2036-06-03T20:00:00Z
2036-06-04,2036-06-04T13:30:00Z,2036-06-04T20:00:00Z
2036-06-05,2036-06-05T13:30:00Z,2036-06-05T20:00:00Z
2036-06-06,2036-06-06T13:30:00Z,2036-06-06T20:00:00Z
2036-06-09,2036-06-09T13:30:00Z,2036-06-09T20:00:00Z
2036-06-10,2036-06-10T13:30:00Z,2036-06-10T20:00:00Z
2036-06-11,2036-06-11T13:30:00Z,2036-06-11T20:00:00Z
2036-06-12,2036-06-12T13:30:00Z,2036-06-12T20:00:00Z
2036-06-13,2036-06-13T13:30:00Z,2036-06-13T20:00:00Z
2036-06-16,2036-06-16T13:30:00Z,2036-06-16T20:00:00Z
2036-06-17,2036-06-17T13:30:00Z,2036-06-17T20:00:00Z
2036-06-18,2036-06-18T13:30:00Z,2036-06-18T20:00:00Z
2036-06-20,2036-06-20T13:30:00Z,2036-06-20T20:00:00Z
2036-06-23,2036-06-23T13:30:00Z,2036-06-23T20:00:00Z
2036-06-24,2036-06-24T13:30:00Z,2036-06-24T20:00:00Z
2036-06-25,2036-06-25T13:30:00Z,2036-06-25T20:00:00Z
2036-06-26,2036-06-26T13:30:00Z,2036-06-26T20:00:00Z
2036-06-27,2036-06-27T13:30:00Z,2036-06-27T20:00:00Z
2036-06-30,2036-06-30T13:30:00Z,2036-06-30T20:00:00Z
2036-07-01,2036-07-01T13:30:00Z,2036-07-01T20:00:00Z
2036-07-02,2036-07-02T13:30:00Z,2036-07-02T20:00:00Z
2036-07-03,2036-07-03T13:30:00Z,2036-07-03T17:00:00Z
2036-07-07,2036-07-07T13:30:00Z,2036-07-07T20:00:00Z
2036-07-08,2036-07-08T13:30:00Z,2036-07-08T20:00:00Z
2036-07-09,2036-07-09T13:30:00Z,2036-07-09T20:00:00Z
2036-07-10,2036-07-10T13:30:00Z,2036-07-10T20:00:00Z
2036-07-11,2036-07-11T13:30:00Z,2036-07-11T20:00:00Z
2036-07-14,2036-07-14T13:30:00Z,2036-07-14T20:00:00Z
2036-07-15,2036-07-15T13:30:00Z,2036-07-15T20:00:00Z
2036-07-16,2036-07-16T13:30:00Z,2036-07-16T20:00:00Z
2036-07-17,2036-07-17T13:30:00Z,2036-07-17T20:00:00Z
2036-07-18,2036-07-18T13:30:00Z,2036-07-18T20:00:00Z
2036-07-21,2036-07-21T13:30:00Z,2036-07-21T20:00:00Z
2036-07-22,2036-07-22T13:30:00Z,2036-07-22T20:00:00Z
2036-07-23,2036-07-23T13:30:00Z,2036-07-23T20:00:00Z
2036-07-24,2036-07-24T13:30:00Z,2036-07-24T20:00:00Z
2036-07-25,2036-07-25T13:30:00Z,2036-07-25T20:00:00Z
2036-07-28,2036-07-28T13:30:00Z,2036-07-28T20:00:00Z
2036-07-29,2036-07-29T13:30:00Z,2036-07-29T20:00:00Z
2036-07-30,2036-07-30T13:30:00Z,2036-07-30T20:00:00Z
2036-07-31,2036-07-31T13:30:00Z,2036-07-31T20:00:00Z
2036-08-01,2036-08-01T13:30:00Z,2036-08-01T20:00:00Z
2036-08-04,2036-08-04T13:30:00Z,2036-08-04T20:00:00Z
2036-08-05,2036-08-05T13:30:00Z,2036-08-05T20:00:00Z
2036-08-06,2036-08-06T13:30:00Z,2036-08-06T20:00:00Z
2036-08-07,2036-08-07T13:30:00Z,2036-08-07T20:00:00Z
2036-08-08,2036-08-08T13:30:00Z,2036-08-08T20:00:00Z
2036-08-11,2036-08-11T13:30:00Z,2036-08-11T20:00:00Z
2036-08-12,2036-08-12T13:30:00Z,2036-08-12T20:00:00Z
2036-08-13,2036-08-13T13:30:00Z,2036-08-13T20:00:00Z
2036-08-14,2036-08-14T13:30:00Z,2036-08-14T20:00:00Z
2036-08-15,2036-08-15T13:30:00Z,2036-08-15T20:00:00Z
2036-08-18,2036-08-18T13:30:00Z,2036-08-18T20:00:00Z
2036-08-19,2036-08-19T13:30:00Z,2036-08-19T20:00:00Z
2036-08-20,2036-08-20T13:30:00Z,2036-08-20T20:00:00Z
2036-08-21,2036-08-21T13:30:00Z,2036-08-21T20:00:00Z
2036-08-22,2036-08-22T13:30:00Z,2036-08-22T20:00:00Z
2036-08-25,2036-08-25T13:30:00Z,2036-08-25T20:00:00Z
2036-08-26,2036-08-26T13:30:00Z,2036-08-26T20:00:00Z
2036-08-27,2036-08-27T13:30:00Z,2036-08-27T20:00:00Z
2036-08-28,2036-08-28T13:30:00Z,2036-08-28T20:00:00Z
2036-08-29,2036-08-29T13:30:00Z,2036-08-29T20:00:00Z
2036-09-02,2036-09-02T13:30:00Z,2036-09-02T20:00:00Z
2036-09-03,2036-09-03T13:30:00Z,2036-09-03T20:00:00Z
2036-09-04,2036-09-04T13:30:00Z,2036-09-04T20:00:00Z
2036-09-05,2036-09-05T13:30:00Z,2036-09-05T20:00:00Z
2036-09-08,2036-09-08T13:30:00Z,2036-09-08T20:00:00Z
2036-09-09,2036-09-09T13:30:00Z,2036-09-09T20:00:00Z
2036-09-10,2036-09-10T13:30:00Z,2036-09-10T20:00:00Z
2036-09-11,2036-09-11T13:30:00Z,2036-09-11T20:00:00Z
2036-09-12,2036-09-12T13:30:00Z,2036-09-12T20:00:00Z
2036-09-15,2036-09-15T13:30:00Z,2036-09-15T20:00:00Z
2036-09-16,2036-09-16T13:30:00Z,2036-09-16T20:00:00Z
2036-09-17,2036-09-17T13:30:00Z,2036-09-17T20:00:00Z
2036-09-18,2036-09-18T13:30:00Z,2036-09-18T20:00:00Z
2036-09-19,2036-09-19T13:30:00Z,2036-09-19T20:00:00Z
2036-09-22,2036-09-22T13:30:00Z,2036-09-22T20:00:00Z
2036-09-23,2036-09-23T13:30:00Z,2036-09-23T20:00:00Z
2036-09-24,2036-09-24T13:30:00Z,2036-09-24T20:00:00Z
2036-09-25,2036-09-25T13:30:00Z,2036-09-25T20:00:00Z
2036-09-26,2036-09-26T13:30:00Z,2036-09-26T20:00:00Z
2036-09-29,2036-09-29T13:30:00Z,2036-09-29T20:00:00Z
2036-09-30,2036-09-30T13:30:00Z,2036-09-30T20:00:00Z
2036-10-01,2036-10-01T13:30:00Z,2036-10-01T20:00:00Z
2036-10-02,2036-10-02T13:30:00Z,2036-10-02T20:00:00Z
2036-10-03,2036-10-03T13:30:00Z,2036-10-03T20:00:00Z
2036-10-06,2036-10-06T13:30:00Z,2036-10-06T20:00:00Z
2036-10-07,2036-10-07T13:30:00Z,2036-10-07T20:00:00Z
2036-10-08,2036-10-08T13:30:00Z,2036-10-08T20:00:00Z
2036-10-09,2036-10-09T13:30:00Z,2036-10-09T20:00:00Z
2036-10-10,2036-10-10T13:30:00Z,2036-10-10T20:00:00Z
2036-10-13,2036-10-13T13:30:00Z,2036-10-13T20:00:00Z
2036-10-14,2036-10-14T13:30:00Z,2036-10-14T20:00:00Z
2036-10-15,2036-10-15T13:30:00Z,2036-10-15T20:00:00Z
2036-10-16,2036-10-16T13:30:00Z,2036-10-16T20:00:00Z
2036-10-17,2036-10-17T13:30:00Z,2036-10-17T20:00:00Z
2036-10-20,2036-10-20T13:30:00Z,2036-10-20T20:00:00Z
2036-10-21,2036-10-21T13:30:00Z,2036-10-21T20:00:00Z
2036-10-22,2036-10-22T13:30:00Z,2036-10-22T20:00:00Z
2036-10-23,2036-10-23T13:30:00Z,2036-10-23T20:00:00Z
2036-10-24,2036-10-24T13:30:00Z,2036-10-24T20:00:00Z
2036-10-27,2036-10-27T13:30:00Z,2036-10-27T20:00:00Z
2036-10-28,2036-10-28T13:30:00Z,2036-10-28T20:00:00Z
2036-10-29,2036-10-29T13:30:00Z,2036-10-29T20:00:00Z
2036-10-30,2036-10-30T13:30:00Z,2036-10-30T20:00:00Z
2036-10-31,2036-10-31T13:30:00Z,2036-10-31T20:00:00Z
2036-11-03,2036-11-03T14:30:00Z,2036-11-03T21:00:00Z
2036-11-04,2036-11-04T14:30:00Z,2036-11-04T21:00:00Z
2036-11-05,2036-11-05T14:30:00Z,2036-11-05T21:00:00Z
2036-11-06,2036-11-06T14:30:00Z,2036-11-06T21:00:00Z
2036-11-07,2036-11-07T14:30:00Z,2036-11-07T21:00:00Z
2036-11-10,2036-11-10T14:30:00Z,2036-11-10T21:00:00Z
2036-11-11,2036-11-11T14:30:00Z,2036-11-11T21:00:00Z
2036-11-12,2036-11-12T14:30:00Z,2036-11-12T21:00:00Z
2036-11-13,2036-11-13T14:30:00Z,2036-11-13T21:00:00Z
2036-11-14,2036-11-14T14:30:00Z,2036-11-14T21:00:00Z
2036-11-17,2036-11-17T14:30:00Z,2036-11-17T21:00:00Z
2036-11-18,2036-11-18T14:30:00Z,2036-11-18T21:00:00Z
2036-11-19,2036-11-19T14:30:00Z,2036-11-19T21:00:00Z
2036-11-20,2036-11-20T14:30:00Z,2036-11-20T21:00:00Z
2036-11-21,2036-11-21T14:30:00Z,2036-11-21T21:00:00Z
2036-11-24,2036-11-24T14:30:00Z,2036-11-24T21:00:00Z
2036-11-25,2036-11-25T14:30:00Z,2036-11-25T21:00:00Z
2036-11-26,2036-11-26T14:30:00Z,2036-11-26T21:00:00Z
2036-11-28,2036-11-28T14:30:00Z,2036-11-28T18:00:00Z
2036-12-01,2036-12-01T14:30:00Z,2036-12-01T21:00:00Z
2036-12-02,2036-12-02T14:30:00Z,2036-12-02T21:00:00Z
2036-12-03,2036-12-03T14:30:00Z,2036-12-03T21:00:00Z
2036-12-04,2036-12-04T14:30:00Z,2036-12-04T21:00:00Z
2036-12-05,2036-12-05T14:30:00Z,2036-12-05T21:00:00Z
2036-12-08,2036-12-08T14:30:00Z,2036-12-08T21:00:00Z
2036-12-09,2036-12-09T14:30:00Z,2036-12-09T21:00:00Z
2036-12-10,2036-12-10T14:30:00Z,2036-12-10T21:00:00Z
2036-12-11,2036-12-11T14:30:00Z,2036-12-11T21:00:00Z
2036-12-12,2036-12-12T14:30:00Z,2036-12-12T21:00:00Z
2036-12-15,2036-12-15T14:30:00Z,2036-12-15T21:00:00Z
2036-12-16,2036-12-16T14:30:00Z,2036-12-16T21:00:00Z
2036-12-17,2036-12-17T14:30:00Z,2036-12-17T21:00:00Z
2036-12-18,2036-12-18T14:30:00Z,2036-12-18T21:00:00Z
2036-12-19,2036-12-19T14:30:00Z,2036-12-19T21:00:00Z
2036-12-22,2036-12-22T14:30:00Z,2036-12-22T21:00:00Z
2036-12-23,2036-12-23T14:30:00Z,2036-12-23T21:00:00Z
2036-12-24,2036-12-24T14:30:00Z,2036-12-24T18:00:00Z
2036-12-26,2036-12-26T14:30:00Z,2036-12-26T21:00:00Z
2036-12-29,2036-12-29T14:30:00Z,2036-12-29T21:00:00Z
2036-12-30,2036-12-30T14:30:00Z,2036-12-30T21:00:00Z
2036-12-31,2036-12-31T14:30:00Z,2036-12-31T21:00:00Z
2037-01-02,2037-01-02T14:30:00Z,2037-01-02T21:00:00Z
2037-01-05,2037-01-05T14:30:00Z,2037-01-05T21:00:00Z
2037-01-06,2037-01-06T14:30:00Z,2037-01-06T21:00:00Z
2037-01-07,2037-01-07T14:30:00Z,2037-01-07T21:00:00Z
2037-01-08,2037-01-08T14:30:00Z,2037-01-08T21:00:00Z
2037-01-09,2037-01-09T14:30:00Z,2037-01-09T21:00:00Z
2037-01-12,2037-01-12T14:30:00Z,2037-01-12T21:00:00Z
2037-01-13,2037-01-13T14:30:00Z,2037-01-13T21:00:00Z
2037-01-14,2037-01-14T14:30:00Z,2037-01-14T21:00:00Z
2037-01-15,2037-01-15T14:30:00Z,2037-01-15T21:00:00Z
2037-01-16,2037-01-16T14:30:00Z,2037-01-16T21:00:00Z
2037-01-20,2037-01-20T14:30:00Z,2037-01-20T21:00:00Z
2037-01-21,2037-01-21T14:30:00Z,2037-01-21T21:00:00Z
2037-01-22,2037-01-22T14:30:00Z,2037-01-22T21:00:00Z
2037-01-23,2037-01-23T14:30:00Z,2037-01-23T21:00:00Z
2037-01-26,2037-01-26T14:30:00Z,2037-01-26T21:00:00Z
2037-01-27,2037-01-27T14:30:00Z,2037-01-27T21:00:00Z
2037-01-28,2037-01-28T14:30:00Z,2037-01-28T21:00:00Z
2037-01-29,2037-01-29T14:30:00Z,2037-01-29T21:00:00Z
2037-01-30,2037-01-30T14:30:00Z,2037-01-30T21:00:00Z
2037-02-02,2037-02-02T14:30:00Z,2037-02-02T21:00:00Z
2037-02-03,2037-02-03T14:30:00Z,2037-02-03T21:00:00Z
2037-02-04,2037-02-04T14:30:00Z,2037-02-04T21:00:00Z
2037-02-05,2037-02-05T14:30:00Z,2037-02-05T21:00:00Z
2037-02-06,2037-02-06T14:30:00Z,2037-02-06T21:00:00Z
2037-02-09,2037-02-09T14:30:00Z,2037-02-09T21:00:00Z
2037-02-10,2037-02-10T14:30:00Z,2037-02-10T21:00:00Z
2037-02-11,2037-02-11T14:30:00Z,2037-02-11T21:00:00Z
2037-02-12,2037-02-12T14:30:00Z,2037-02-12T21:00:00Z
2037-02-13,2037-02-13T14:30:00Z,2037-02-13T21:00:00Z
2037-02-17,2037-02-17T14:30:00Z,2037-02-17T21:00:00Z
2037-02-18,2037-02-18T14:30:00Z,2037-02-18T21:00:00Z
2037-02-19,2037-02-19T14:30:00Z,2037-02-19T21:00:00Z
2037-02-20,2037-02-20T14:30:00Z,2037-02-20T21:00:00Z
2037-02-23,2037-02-23T14:30:00Z,2037-02-23T21:00:00Z
2037-02-24,2037-02-24T14:30:00Z,2037-02-24T21:00:00Z
2037-02-25,2037-02-25T14:30:00Z,2037-02-25T21:00:00Z
2037-02-26,2037-02-26T14:30:00Z,2037-02-26T21:00:00Z
2037-02-27,2037-02-27T14:30:00Z,2037-02-27T21:00:00Z
2037-03-02,2037-03-02T14:30:00Z,2037-03-02T21:00:00Z
2037-03-03,2037-03-03T14:30:00Z,2037-03-03T21:00:00Z
2037-03-04,2037-03-04T14:30:00Z,2037-03-04T21:00:00Z
2037-03-05,2037-03-05T14:30:00Z,2037-03-05T21:00:00Z
2037-03-06,2037-03-06T14:30:00Z,2037-03-06T21:00:00Z
2037-03-09,2037-03-09T13:30:00Z,2037-03-09T20:00:00Z
2037-03-10,2037-03-10T13:30:00Z,2037-03-10T20:00:00Z
2037-03-11,2037-03-11T13:30:00Z,2037-03-11T20:00:00Z
2037-03-12,2037-03-12T13:30:00Z,2037-03-12T20:00:00Z
2037-03-13,2037-03-13T13:30:00Z,2037-03-13T20:00:00Z
2037-03-16,2037-03-16T13:30:00Z,2037-03-16T20:00:00Z
2037-03-17,2037-03-17T13:30:00Z,2037-03-17T20:00:00Z
2037-03-18,2037-03-18T13:30:00Z,2037-03-18T20:00:00Z
2037-03-19,2037-03-19T13:30:00Z,2037-03-19T20:00:00Z
2037-03-20,2037-03-20T13:30:00Z,2037-03-20T20:00:00Z
2037-03-23,2037-03-23T13:30:00Z,2037-03-23T20:00:00Z
2037-03-24,2037-03-24T13:30:00Z,2037-03-24T20:00:00Z
2037-03-25,2037-03-25T13:30:00Z,2037-03-25T20:00:00Z
2037-03-26,2037-03-26T13:30:00Z,2037-03-26T20:00:00Z
2037-03-27,2037-03-27T13:30:00Z,2037-03-27T20:00:00Z
2037-03-30,2037-03-30T13:30:00Z,2037-03-30T20:00:00Z
2037-03-31,2037-03-31T13:30:00Z,2037-03-31T20:00:00Z
2037-04-01,2037-04-01T13:30:00Z,2037-04-01T20:00:00Z
2037-04-02,2037-04-02T13:30:00Z,2037-04-02T20:00:00Z
2037-04-06,2037-04-06T13:30:00Z,2037-04-06T20:00:00Z
2037-04-07,2037-04-07T13:30:00Z,2037-04-07T20:00:00Z
2037-04-08,2037-04-08T13:30:00Z,2037-04-08T20:00:00Z
2037-04-09,2037-04-09T13:30:00Z,2037-04-09T20:00:00Z
2037-04-10,2037-04-10T13:30:00Z,2037-04-10T20:00:00Z
2037-04-13,2037-04-13T13:30:00Z,2037-04-13T20:00:00Z
2037-04-14,2037-04-14T13:30:00Z,2037-04-14T20:00:00Z
2037-04-15,2037-04-15T13:30:00Z,2037-04-15T20:00:00Z
2037-04-16,2037-04-16T13:30:00Z,2037-04-16T20:00:00Z
2037-04-17,2037-04-17T13:30:00Z,2037-04-17T20:00:00Z
2037-04-20,2037-04-20T13:30:00Z,2037-04-20T20:00:00Z
2037-04-21,2037-04-21T13:30:00Z,2037-04-21T20:00:00Z
2037-04-22,2037-04-22T13:30:00Z,2037-04-22T20:00:00Z
2037-04-23,2037-04-23T13:30:00Z,2037-04-23T20:00:00Z
2037-04-24,2037-04-24T13:30:00Z,2037-04-24T20:00:00Z
2037-04-27,2037-04-27T13:30:00Z,2037-04-27T20:00:00Z
2037-04-28,2037-04-28T13:30:00Z,2037-04-28T20:00:00Z
2037-04-29,2037-04-29T13:30:00Z,2037-04-29T20:00:00Z
2037-04-30,2037-04-30T13:30:00Z,2037-04-30T20:00:00Z
2037-05-01,2037-05-01T13:30:00Z,2037-05-01T20:00:00Z
2037-05-04,2037-05-04T13:30:00Z,2037-05-04T20:00:00Z
2037-05-05,2037-05-05T13:30:00Z,2037-05-05T20:00:00Z
2037-05-06,2037-05-06T13:30:00Z,2037-05-06T20:00:00Z
2037-05-07,2037-05-07T13:30:00Z,2037-05-07T20:00:00Z
2037-05-08,2037-05-08T13:30:00Z,2037-05-08T20:00:00Z
2037-05-11,2037-05-11T13:30:00Z,2037-05-11T20:00:00Z
2037-05-12,2037-05-12T13:30:00Z,2037-05-12T20:00:00Z
2037-05-13,2037-05-13T13:30:00Z,2037-05-13T20:00:00Z
2037-05-14,2037-05-14T13:30:00Z,2037-05-14T20:00:00Z
2037-05-15,2037-05-15T13:30:00Z,2037-05-15T20:00:00Z
2037-05-18,2037-05-18T13:30:00Z,2037-05-18T20:00:00Z
2037-05-19,2037-05-19T13:30:00Z,2037-05-19T20:00:00Z
2037-05-20,2037-05-20T13:30:00Z,2037-05-20T20:00:00Z
2037-05-21,2037-05-21T13:30:00Z,2037-05-21T20:00:00Z
2037-05-22,2037-05-22T13:30:00Z,2037-05-22T20:00:00Z
2037-05-26,2037-05-26T13:30:00Z,2037-05-26T20:00:00Z
2037-05-27,2037-05-27T13:30:00Z,2037-05-27T20:00:00Z
2037-05-28,2037-05-28T13:30:00Z,2037-05-28T20:00:00Z
2037-05-29,2037-05-29T13:30:00Z,2037-05-29T20:00:00Z
2037-06-01,2037-06-01T13:30:00Z,2037-06-01T20:00:00Z
2037-06-02,2037-06-02T13:30:00Z,2037-06-02T20:00:00Z
2037-06-03,2037-06-03T13:30:00Z,2037-06-03T20:00:00Z
2037-06-04,2037-06-04T13:30:00Z,2037-06-04T20:00:00Z
2037-06-05,2037-06-05T13:30:00Z,2037-06-05T20:00:00Z
2037-06-08,2037-06-08T13:30:00Z,2037-06-08T20:00:00Z
2037-06-09,2037-06-09T13:30:00Z,2037-06-09T20:00:00Z
2037-06-10,2037-06-10T13:30:00Z,2037-06-10T20:00:00Z
2037-06-11,2037-06-11T13:30:00Z,2037-06-11T20:00:00Z
2037-06-12,2037-06-12T13:30:00Z,2037-06-12T20:00:00Z
2037-06-15,2037-06-15T13:30:00Z,2037-06-15T20:00:00Z
2037-06-16,2037-06-16T13:30:00Z,2037-06-16T20:00:00Z
2037-06-17,2037-06-17T13:30:00Z,2037-06-17T20:00:00Z
2037-06-18,2037-06-18T13:30:00Z,2037-06-18T20:00:00Z
2037-06-22,2037-06-22T13:30:00Z,2037-06-22T20:00:00Z
2037-06-23,2037-06-23T13:30:00Z,2037-06-23T20:00:00Z
2037-06-24,2037-06-24T13:30:00Z,2037-06-24T20:00:00Z
2037-06-25,2037-06-25T13:30:00Z,2037-06-25T20:00:00Z
2037-06-26,2037-06-26T13:30:00Z,2037-06-26T20:00:00Z
2037-06-29,2037-06-29T13:30:00Z,2037-06-29T20:00:00Z
2037-06-30,2037-06-30T13:30:00Z,2037-06-30T20:00:00Z
2037-07-01,2037-07-01T13:30:00Z,2037-07-01T20:00:00Z
2037-07-02,2037-07-02T13:30:00Z,2037-07-02T20:00:00Z
2037-07-06,2037-07-06T13:30:00Z,2037-07-06T20:00:00Z
2037-07-07,2037-07-07T13:30:00Z,2037-07-07T20:00:00Z
2037-07-08,2037-07-08T13:30:00Z,2037-07-08T20:00:00Z
2037-07-09,2037-07-09T13:30:00Z,2037-07-09T20:00:00Z
2037-07-10,2037-07-10T13:30:00Z,2037-07-10T20:00:00Z
2037-07-13,2037-07-13T13:30:00Z,2037-07-13T20:00:00Z
2037-07-14,2037-07-14T13:30:00Z,2037-07-14T20:00:00Z
2037-07-15,2037-07-15T13:30:00Z,2037-07-15T20:00:00Z
2037-07-16,2037-07-16T13:30:00Z,2037-07-16T20:00:00Z
2037-07-17,2037-07-17T13:30:00Z,2037-07-17T20:00:00Z
2037-07-20,2037-07-20T13:30:00Z,2037-07-20T20:00:00Z
2037-07-21,2037-07-21T13:30:00Z,2037-07-21T20:00:00Z
2037-07-22,2037-07-22T13:30:00Z,2037-07-22T20:00:00Z
2037-07-23,2037-07-23T13:30:00Z,2037-07-23T20:00:00Z
2037-07-24,2037-07-24T13:30:00Z,2037-07-24T20:00:00Z
2037-07-27,2037-07-27T13:30:00Z,2037-07-27T20:00:00Z
2037-07-28,2037-07-28T13:30:00Z,2037-07-28T20:00:00Z
2037-07-29,2037-07-29T13:30:00Z,2037-07-29T20:00:00Z
2037-07-30,2037-07-30T13:30:00Z,2037-07-30T20:00:00Z
2037-07-31,2037-07-31T13:30:00Z,2037-07-31T20:00:00Z
2037-08-03,2037-08-03T13:30:00Z,2037-08-03T20:00:00Z
2037-08-04,2037-08-04T13:30:00Z,2037-08-04T20:00:00Z
2037-08-05,2037-08-05T13:30:00Z,2037-08-05T20:00:00Z
2037-08-06,2037-08-06T13:30:00Z,2037-08-06T20:00:00Z
2037-08-07,2037-08-07T13:30:00Z,2037-08-07T20:00:00Z
2037-08-10,2037-08-10T13:30:00Z,2037-08-10T20:00:00Z
2037-08-11,2037-08-11T13:30:00Z,2037-08-11T20:00:00Z
2037-08-12,2037-08-12T13:30:00Z,2037-08-12T20:00:00Z
2037-08-13,2037-08-13T13:30:00Z,2037-08-13T20:00:00Z
2037-08-14,2037-08-14T13:30:00Z,2037-08-14T20:00:00Z
2037-08-17,2037-08-17T13:30:00Z,2037-08-17T20:00:00Z
2037-08-18,2037-08-18T13:30:00Z,2037-08-18T20:00:00Z
2037-08-19,2037-08-19T13:30:00Z,2037-08-19T20:00:00Z
2037-08-20,2037-08-20T13:30:00Z,2037-08-20T20:00:00Z
2037-08-21,2037-08-21T13:30:00Z,2037-08-21T20:00:00Z
2037-08-24,2037-08-24T13:30:00Z,2037-08-24T20:00:00Z
2037-08-25,2037-08-25T13:30:00Z,2037-08-25T20:00:00Z
2037-08-26,2037-08-26T13:30:00Z,2037-08-26T20:00:00Z
2037-08-27,2037-08-27T13:30:00Z,2037-08-27T20:00:00Z
2037-08-28,2037-08-28T13:30:00Z,2037-08-28T20:00:00Z
2037-08-31,2037-08-31T13:30:00Z,2037-08-31T20:00:00Z
2037-09-01,2037-09-01T13:30:00Z,2037-09-01T20:00:00Z
2037-09-02,2037-09-02T13:30:00Z,2037-09-02T20:00:00Z
2037-09-03,2037-09-03T13:30:00Z,2037-09-03T20:00:00Z
2037-09-04,2037-09-04T13:30:00Z,2037-09-04T20:00:00Z
2037-09-08,2037-09-08T13:30:00Z,2037-09-08T20:00:00Z
2037-09-09,2037-09-09T13:30:00Z,2037-09-09T20:00:00Z
2037-09-10,2037-09-10T13:30:00Z,2037-09-10T20:00:00Z
2037-09-11,2037-09-11T13:30:00Z,2037-09-11T20:00:00Z
2037-09-14,2037-09-14T13:30:00Z,2037-09-14T20:00:00Z
2037-09-15,2037-09-15T13:30:00Z,2037-09-15T20:00:00Z
2037-09-16,2037-09-16T13:30:00Z,2037-09-16T20:00:00Z
2037-09-17,2037-09-17T13:30:00Z,2037-09-17T20:00:00Z
2037-09-18,2037-09-18T13:30:00Z,2037-09-18T20:00:00Z
2037-09-21,2037-09-21T13:30:00Z,2037-09-21T20:00:00Z
2037-09-22,2037-09-22T13:30:00Z,2037-09-22T20:00:00Z
2037-09-23,2037-09-23T13:30:00Z,2037-09-23T20:00:00Z
2037-09-24,2037-09-24T13:30:00Z,2037-09-24T20:00:00Z
2037-09-25,2037-09-25T13:30:00Z,2037-09-25T20:00:00Z
2037-09-28,2037-09-28T13:30:00Z,2037-09-28T20:00:00Z
2037-09-29,2037-09-29T13:30:00Z,2037-09-29T20:00:00Z
2037-09-30,2037-09-30T13:30:00Z,2037-09-30T20:00:00Z
2037-10-01,2037-10-01T13:30:00Z,2037-10-01T20:00:00Z
2037-10-02,2037-10-02T13:30:00Z,2037-10-02T20:00:00Z
2037-10-05,2037-10-05T13:30:00Z,2037-10-05T20:00:00Z
2037-10-06,2037-10-06T13:30:00Z,2037-10-06T20:00:00Z
2037-10-07,2037-10-07T13:30:00Z,2037-10-07T20:00:00Z
2037-10-08,2037-10-08T13:30:00Z,2037-10-08T20:00:00Z
2037-10-09,2037-10-09T13:30:00Z,2037-10-09T20:00:00Z
2037-10-12,2037-10-12T13:30:00Z,2037-10-12T20:00:00Z
2037-10-13,2037-10-13T13:30:00Z,2037-10-13T20:00:00Z
2037-10-14,2037-10-14T13:30:00Z,2037-10-14T20:00:00Z
2037-10-15,2037-10-15T13:30:00Z,2037-10-15T20:00:00Z
2037-10-16,2037-10-16T13:30:00Z,2037-10-16T20:00:00Z
2037-10-19,2037-10-19T13:30:00Z,2037-10-19T20:00:00Z
2037-10-20,2037-10-20T13:30:00Z,2037-10-20T20:00:00Z
2037-10-21,2037-10-21T13:30:00Z,2037-10-21T20:00:00Z
2037-10-22,2037-10-22T13:30:00Z,2037-10-22T20:00:00Z
2037-10-23,2037-10-23T13:30:00Z,2037-10-23T20:00:00Z
2037-10-26,2037-10-26T13:30:00Z,2037-10-26T20:00:00Z
2037-10-27,2037-10-27T13:30:00Z,2037-10-27T20:00:00Z
2037-10-28,2037-10-28T13:30:00Z,2037-10-28T20:00:00Z
2037-10-29,2037-10-29T13:30:00Z,2037-10-29T20:00:00Z
2037-10-30,2037-10-30T13:30:00Z,2037-10-30T20:00:00Z
2037-11-02,2037-11-02T14:30:00Z,2037-11-02T21:00:00Z
2037-11-03,2037-11-03T14:30:00Z,2037-11-03T21:00:00Z
2037-11-04,2037-11-04T14:30:00Z,2037-11-04T21:00:00Z
2037-11-05,2037-11-05T14:30:00Z,2037-11-05T21:00:00Z
2037-11-06,2037-11-06T14:30:00Z,2037-11-06T21:00:00Z
2037-11-09,2037-11-09T14:30:00Z,2037-11-09T21:00:00Z
2037-11-10,2037-11-10T14:30:00Z,2037-11-10T21:00:00Z
2037-11-11,2037-11-11T14:30:00Z,2037-11-11T21:00:00Z
2037-11-12,2037-11-12T14:30:00Z,2037-11-12T21:00:00Z
2037-11-13,2037-11-13T14:30:00Z,2037-11-13T21:00:00Z
2037-11-16,2037-11-16T14:30:00Z,2037-11-16T21:00:00Z
2037-11-17,2037-11-17T14:30:00Z,2037-11-17T21:00:00Z
2037-11-18,2037-11-18T14:30:00Z,2037-11-18T21:00:00Z
2037-11-19,2037-11-19T14:30:00Z,2037-11-19T21:00:00Z
2037-11-20,2037-11-20T14:30:00Z,2037-11-20T21:00:00Z
2037-11-23,2037-11-23T14:30:00Z,2037-11-23T21:00:00Z
2037-11-24,2037-11-24T14:30:00Z,2037-11-24T21:00:00Z
2037-11-25,2037-11-25T14:30:00Z,2037-11-25T21:00:00Z
2037-11-27,2037-11-27T14:30:00Z,2037-11-27T18:00:00Z
2037-11-30,2037-11-30T14:30:00Z,2037-11-30T21:00:00Z
2037-12-01,2037-12-01T14:30:00Z,2037-12-01T21:00:00Z
2037-12-02,2037-12-02T14:30:00Z,2037-12-02T21:00:00Z
2037-12-03,2037-12-03T14:30:00Z,2037-12-03T21:00:00Z
2037-12-04,2037-12-04T14:30:00Z,2037-12-04T21:00:00Z
2037-12-07,2037-12-07T14:30:00Z,2037-12-07T21:00:00Z
2037-12-08,2037-12-08T14:30:00Z,2037-12-08T21:00:00Z
2037-12-09,2037-12-09T14:30:00Z,2037-12-09T21:00:00Z
2037-12-10,2037-12-10T14:30:00Z,2037-12-10T21:00:00Z
2037-12-11,2037-12-11T14:30:00Z,2037-12-11T21:00:00Z
2037-12-14,2037-12-14T14:30:00Z,2037-12-14T21:00:00Z
2037-12-15,2037-12-15T14:30:00Z,2037-12-15T21:00:00Z
2037-12-16,2037-12-16T14:30:00Z,2037-12-16T21:00:00Z
2037-12-17,2037-12-17T14:30:00Z,2037-12-17T21:00:00Z
2037-12-18,2037-12-18T14:30:00Z,2037-12-18T21:00:00Z
2037-12-21,2037-12-21T14:30:00Z,2037-12-21T21:00:00Z
2037-12-22,2037-12-22T14:30:00Z,2037-12-22T21:00:00Z
2037-12-23,2037-12-23T14:30:00Z,2037-12-23T21:00:00Z
2037-12-24,2037-12-24T14:30:00Z,2037-12-24T18:00:00Z
2037-12-28,2037-12-28T14:30:00Z,2037-12-28T21:00:00Z
2037-12-29,2037-12-29T14:30:00Z,2037-12-29T21:00:00Z
2037-12-30,2037-12-30T14:30:00Z,2037-12-30T21:00:00Z
2037-12-31,2037-12-31T14:30:00Z,2037-12-31T21:00:00Z
2038-01-04,2038-01-04T14:30:00Z,2038-01-04T21:00:00Z
2038-01-05,2038-01-05T14:30:00Z,2038-01-05T21:00:00Z
2038-01-06,2038-01-06T14:30:00Z,2038-01-06T21:00:00Z
2038-01-07,2038-01-07T14:30:00Z,2038-01-07T21:00:00Z
2038-01-08,2038-01-08T14:30:00Z,2038-01-08T21:00:00Z
2038-01-11,2038-01-11T14:30:00Z,2038-01-11T21:00:00Z
2038-01-12,2038-01-12T14:30:00Z,2038-01-12T21:00:00Z
2038-01-13,2038-01-13T14:30:00Z,2038-01-13T21:00:00Z
2038-01-14,2038-01-14T14:30:00Z,2038-01-14T21:00:00Z
2038-01-15,2038-01-15T14:30:00Z,2038-01-15T21:00:00Z
2038-01-19,2038-01-19T14:30:00Z,2038-01-19T21:00:00Z
2038-01-20,2038-01-20T14:30:00Z,2038-01-20T21:00:00Z
2038-01-21,2038-01-21T14:30:00Z,2038-01-21T21:00:00Z
2038-01-22,2038-01-22T14:30:00Z,2038-01-22T21:00:00Z
2038-01-25,2038-01-25T14:30:00Z,2038-01-25T21:00:00Z
2038-01-26,2038-01-26T14:30:00Z,2038-01-26T21:00:00Z
2038-01-27,2038-01-27T14:30:00Z,2038-01-27T21:00:00Z
2038-01-28,2038-01-28T14:30:00Z,2038-01-28T21:00:00Z
2038-01-29,2038-01-29T14:30:00Z,2038-01-29T21:00:00Z
2038-02-01,2038-02-01T14:30:00Z,2038-02-01T21:00:00Z
2038-02-02,2038-02-02T14:30:00Z,2038-02-02T21:00:00Z
2038-02-03,2038-02-03T14:30:00Z,2038-02-03T21:00:00Z
2038-02-04,2038-02-04T14:30:00Z,2038-02-04T21:00:00Z
2038-02-05,2038-02-05T14:30:00Z,2038-02-05T21:00:00Z
2038-02-08,2038-02-08T14:30:00Z,2038-02-08T21:00:00Z
2038-02-09,2038-02-09T14:30:00Z,2038-02-09T21:00:00Z
2038-02-10,2038-02-10T14:30:00Z,2038-02-10T21:00:00Z
2038-02-11,2038-02-11T14:30:00Z,2038-02-11T21:00:00Z
2038-02-12,2038-02-12T14:30:00Z,2038-02-12T21:00:00Z
2038-02-16,2038-02-16T14:30:00Z,2038-02-16T21:00:00Z
2038-02-17,2038-02-17T14:30:00Z,2038-02-17T21:00:00Z
2038-02-18,2038-02-18T14:30:00Z,2038-02-18T21:00:00Z
2038-02-19,2038-02-19T14:30:00Z,2038-02-19T21:00:00Z
2038-02-22,2038-02-22T14:30:00Z,2038-02-22T21:00:00Z
2038-02-23,2038-02-23T14:30:00Z,2038-02-23T21:00:00Z
2038-02-24,2038-02-24T14:30:00Z,2038-02-24T21:00:00Z
2038-02-25,2038-02-25T14:30:00Z,2038-02-25T21:00:00Z
2038-02-26,2038-02-26T14:30:00Z,2038-02-26T21:00:00Z
2038-03-01,2038-03-01T14:30:00Z,2038-03-01T21:00:00Z
2038-03-02,2038-03-02T14:30:00Z,2038-03-02T21:00:00Z
2038-03-03,2038-03-03T14:30:00Z,2038-03-03T21:00:00Z
2038-03-04,2038-03-04T14:30:00Z,2038-03-04T21:00:00Z
2038-03-05,2038-03-05T14:30:00Z,2038-03-05T21:00:00Z
2038-03-08,2038-03-08T14:30:00Z,2038-03-08T21:00:00Z
2038-03-09,2038-03-09T14:30:00Z,2038-03-09T21:00:00Z
2038-03-10,2038-03-10T14:30:00Z,2038-03-10T21:00:00Z
2038-03-11,2038-03-11T14:30:00Z,2038-03-11T21:00:00Z
2038-03-12,2038-03-12T14:30:00Z,2038-03-12T21:00:00Z
2038-03-15,2038-03-15T13:30:00Z,2038-03-15T20:00:00Z
2038-03-16,2038-03-16T13:30:00Z,2038-03-16T20:00:00Z
2038-03-17,2038-03-17T13:30:00Z,2038-03-17T20:00:00Z
2038-03-18,2038-03-18T13:30:00Z,2038-03-18T20:00:00Z
2038-03-19,2038-03-19T13:30:00Z,2038-03-19T20:00:00Z
2038-03-22,2038-03-22T13:30:00Z,2038-03-22T20:00:00Z
2038-03-23,2038-03-23T13:30:00Z,2038-03-23T20:00:00Z
2038-03-24,2038-03-24T13:30:00Z,2038-03-24T20:00:00Z
2038-03-25,2038-03-25T13:30:00Z,2038-03-25T20:00:00Z
2038-03-26,2038-03-26T13:30:00Z,2038-03-26T20:00:00Z
2038-03-29,2038-03-29T13:30:00Z,2038-03-29T20:00:00Z
2038-03-30,2038-03-30T13:30:00Z,2038-03-30T20:00:00Z
2038-03-31,2038-03-31T13:30:00Z,2038-03-31T20:00:00Z
2038-04-01,2038-04-01T13:30:00Z,2038-04-01T20:00:00Z
2038-04-02,2038-04-02T13:30:00Z,2038-04-02T20:00:00Z
2038-04-05,2038-04-05T13:30:00Z,2038-04-05T20:00:00Z
2038-04-06,2038-04-06T13:30:00Z,2038-04-06T20:00:00Z
2038-04-07,2038-04-07T13:30:00Z,2038-04-07T20:00:00Z
2038-04-08,2038-04-08T13:30:00Z,2038-04-08T20:00:00Z
2038-04-09,2038-04-09T13:30:00Z,2038-04-09T20:00:00Z
2038-04-12,2038-04-12T13:30:00Z,2038-04-12T20:00:00Z
2038-04-13,2038-04-13T13:30:00Z,2038-04-13T20:00:00Z
2038-04-14,2038-04-14T13:30:00Z,2038-04-14T20:00:00Z
2038-04-15,2038-04-15T13:30:00Z,2038-04-15T20:00:00Z
2038-04-16,2038-04-16T13:30:00Z,2038-04-16T20:00:00Z
2038-04-19,2038-04-19T13:30:00Z,2038-04-19T20:00:00Z
2038-04-20,2038-04-20T13:30:00Z,2038-04-20T20:00:00Z
2038-04-21,2038-04-21T13:30:00Z,2038-04-21T20:00:00Z
2038-04-22,2038-04-22T13:30:00Z,2038-04-22T20:00:00Z
2038-04-26,2038-04-26T13:30:00Z,2038-04-26T20:00:00Z
2038-04-27,2038-04-27T13:30:00Z,2038-04-27T20:00:00Z
2038-04-28,2038-04-28T13:30:00Z,2038-04-28T20:00:00Z
2038-04-29,2038-04-29T13:30:00Z,2038-04-29T20:00:00Z
2038-04-30,2038-04-30T13:30:00Z,2038-04-30T20:00:00Z
2038-05-03,2038-05-03T13:30:00Z,2038-05-03T20:00:00Z
2038-05-04,2038-05-04T13:30:00Z,2038-05-04T20:00:00Z
2038-05-05,2038-05-05T13:30:00Z,2038-05-05T20:00:00Z
2038-05-06,2038-05-06T13:30:00Z,2038-05-06T20:00:00Z
2038-05-07,2038-05-07T13:30:00Z,2038-05-07T20:00:00Z
2038-05-10,2038-05-10T13:30:00Z,2038-05-10T20:00:00Z
2038-05-11,2038-05-11T13:30:00Z,2038-05-11T20:00:00Z
2038-05-12,2038-05-12T13:30:00Z,2038-05-12T20:00:00Z
2038-05-13,2038-05-13T13:30:00Z,2038-05-13T20:00:00Z
2038-05-14,2038-05-14T13:30:00Z,2038-05-14T20:00:00Z
2038-05-17,2038-05-17T13:30:00Z,2038-05-17T20:00:00Z
2038-05-18,2038-05-18T13:30:00Z,2038-05-18T20:00:00Z
2038-05-19,2038-05-19T13:30:00Z,2038-05-19T20:00:00Z
2038-05-20,2038-05-20T13:30:00Z,2038-05-20T20:00:00Z
2038-05-21,2038-05-21T13:30:00Z,2038-05-21T20:00:00Z
2038-05-24,2038-05-24T13:30:00Z,2038-05-24T20:00:00Z
2038-05-25,2038-05-25T13:30:00Z,2038-05-25T20:00:00Z
2038-05-26,2038-05-26T13:30:00Z,2038-05-26T20:00:00Z
2038-05-27,2038-05-27T13:30:00Z,2038-05-27T20:00:00Z
2038-05-28,2038-05-28T13:30:00Z,2038-05-28T20:00:00Z
2038-06-01,2038-06-01T13:30:00Z,2038-06-01T20:00:00Z
2038-06-02,2038-06-02T13:30:00Z,2038-06-02T20:00:00Z
2038-06-03,2038-06-03T13:30:00Z,2038-06-03T20:00:00Z
2038-06-04,2038-06-04T13:30:00Z,2038-06-04T20:00:00Z
2038-06-07,2038-06-07T13:30:00Z,2038-06-07T20:00:00Z
2038-06-08,2038-06-08T13:30:00Z,2038-06-08T20:00:00Z
2038-06-09,2038-06-09T13:30:00Z,2038-06-09T20:00:00Z
2038-06-10,2038-06-10T13:30:00Z,2038-06-10T20:00:00Z
2038-06-11,2038-06-11T13:30:00Z,2038-06-11T20:00:00Z
2038-06-14,2038-06-14T13:30:00Z,2038-06-14T20:00:00Z
2038-06-15,2038-06-15T13:30:00Z,2038-06-15T20:00:00Z
2038-06-16,2038-06-16T13:30:00Z,2038-06-16T20:00:00Z
2038-06-17,2038-06-17T13:30:00Z,2038-06-17T20:00:00Z
2038-06-21,2038-06-21T13:30:00Z,2038-06-21T20:00:00Z
2038-06-22,2038-06-22T13:30:00Z,2038-06-22T20:00:00Z
2038-06-23,2038-06-23T13:30:00Z,2038-06-23T20:00:00Z
2038-06-24,2038-06-24T13:30:00Z,2038-06-24T20:00:00Z
2038-06-25,2038-06-25T13:30:00Z,2038-06-25T20:00:00Z
2038-06-28,2038-06-28T13:30:00Z,2038-06-28T20:00:00Z
2038-06-29,2038-06-29T13:30:00Z,2038-06-29T20:00:00Z
2038-06-30,2038-06-30T13:30:00Z,2038-06-30T20:00:00Z
2038-07-01,2038-07-01T13:30:00Z,2038-07-01T20:00:00Z
2038-07-02,2038-07-02T13:30:00Z,2038-07-02T20:00:00Z
2038-07-06,2038-07-06T13:30:00Z,2038-07-06T20:00:00Z
2038-07-07,2038-07-07T13:30:00Z,2038-07-07T20:00:00Z
2038-07-08,2038-07-08T13:30:00Z,2038-07-08T20:00:00Z
2038-07-09,2038-07-09T13:30:00Z,2038-07-09T20:00:00Z
2038-07-12,2038-07-12T13:30:00Z,2038-07-12T20:00:00Z
2038-07-13,2038-07-13T13:30:00Z,2038-07-13T20:00:00Z
2038-07-14,2038-07-14T13:30:00Z,2038-07-14T20:00:00Z
2038-07-15,2038-07-15T13:30:00Z,2038-07-15T20:00:00Z
2038-07-16,2038-07-16T13:30:00Z,2038-07-16T20:00:00Z
2038-07-19,2038-07-19T13:30:00Z,2038-07-19T20:00:00Z
2038-07-20,2038-07-20T13:30:00Z,2038-07-20T20:00:00Z
2038-07-21,2038-07-21T13:30:00Z,2038-07-21T20:00:00Z
2038-07-22,2038-07-22T13:30:00Z,2038-07-22T20:00:00Z
2038-07-23,2038-07-23T13:30:00Z,2038-07-23T20:00:00Z
2038-07-26,2038-07-26T13:30:00Z,2038-07-26T20:00:00Z
2038-07-27,2038-07-27T13:30:00Z,2038-07-27T20:00:00Z
2038-07-28,2038-07-28T13:30:00Z,2038-07-28T20:00:00Z
2038-07-29,2038-07-29T13:30:00Z,2038-07-29T20:00:00Z
2038-07-30,2038-07-30T13:30:00Z,2038-07-30T20:00:00Z
2038-08-02,2038-08-02T13:30:00Z,2038-08-02T20:00:00Z
2038-08-03,2038-08-03T13:30:00Z,2038-08-03T20:00:00Z
2038-08-04,2038-08-04T13:30:00Z,2038-08-04T20:00:00Z
2038-08-05,2038-08-05T13:30:00Z,2038-08-05T20:00:00Z
2038-08-06,2038-08-06T13:30:00Z,2038-08-06T20:00:00Z
2038-08-09,2038-08-09T13:30:00Z,2038-08-09T20:00:00Z
2038-08-10,2038-08-10T13:30:00Z,2038-08-10T20:00:00Z
2038-08-11,2038-08-11T13:30:00Z,2038-08-11T20:00:00Z
2038-08-12,2038-08-12T13:30:00Z,2038-08-12T20:00:00Z
2038-08-13,2038-08-13T13:30:00Z,2038-08-13T20:00:00Z
2038-08-16,2038-08-16T13:30:00Z,2038-08-16T20:00:00Z
2038-08-17,2038-08-17T13:30:00Z,2038-08-17T20:00:00Z
2038-08-18,2038-08-18T13:30:00Z,2038-08-18T20:00:00Z
2038-08-19,2038-08-19T13:30:00Z,2038-08-19T20:00:00Z
2038-08-20,2038-08-20T13:30:00Z,2038-08-20T20:00:00Z
2038-08-23,2038-08-23T13:30:00Z,2038-08-23T20:00:00Z
2038-08-24,2038-08-24T13:30:00Z,2038-08-24T20:00:00Z
2038-08-25,2038-08-25T13:30:00Z,2038-08-25T20:00:00Z
2038-08-26,2038-08-26T13:30:00Z,2038-08-26T20:00:00Z
2038-08-27,2038-08-27T13:30:00Z,2038-08-27T20:00:00Z
2038-08-30,2038-08-30T13:30:00Z,2038-08-30T20:00:00Z
2038-08-31,2038-08-31T13:30:00Z,2038-08-31T20:00:00Z
2038-09-01,2038-09-01T13:30:00Z,2038-09-01T20:00:00Z
2038-09-02,2038-09-02T13:30:00Z,2038-09-02T20:00:00Z
2038-09-03,2038-09-03T13:30:00Z,2038-09-03T20:00:00Z
2038-09-07,2038-09-07T13:30:00Z,2038-09-07T20:00:00Z
2038-09-08,2038-09-08T13:30:00Z,2038-09-08T20:00:00Z
2038-09-09,2038-09-09T13:30:00Z,2038-09-09T20:00:00Z
2038-09-10,2038-09-10T13:30:00Z,2038-09-10T20:00:00Z
2038-09-13,2038-09-13T13:30:00Z,2038-09-13T20:00:00Z
2038-09-14,2038-09-14T13:30:00Z,2038-09-14T20:00:00Z
2038-09-15,2038-09-15T13:30:00Z,2038-09-15T20:00:00Z
2038-09-16,2038-09-16T13:30:00Z,2038-09-16T20:00:00Z
2038-09-17,2038-09-17T13:30:00Z,2038-09-17T20:00:00Z
2038-09-20,2038-09-20T13:30:00Z,2038-09-20T20:00:00Z
2038-09-21,2038-09-21T13:30:00Z,2038-09-21T20:00:00Z
2038-09-22,2038-09-22T13:30:00Z,2038-09-22T20:00:00Z
2038-09-23,2038-09-23T13:30:00Z,2038-09-23T20:00:00Z
2038-09-24,2038-09-24T13:30:00Z,2038-09-24T20:00:00Z
2038-09-27,2038-09-27T13:30:00Z,2038-09-27T20:00:00Z
2038-09-28,2038-09-28T13:30:00Z,2038-09-28T20:00:00Z
2038-09-29,2038-09-29T13:30:00Z,2038-09-29T20:00:00Z
2038-09-30,2038-09-30T13:30:00Z,2038-09-30T20:00:00Z
2038-10-01,2038-10-01T13:30:00Z,2038-10-01T20:00:00Z
2038-10-04,2038-10-04T13:30:00Z,2038-10-04T20:00:00Z
2038-10-05,2038-10-05T13:30:00Z,2038-10-05T20:00:00Z
2038-10-06,2038-10-06T13:30:00Z,2038-10-06T20:00:00Z
2038-10-07,2038-10-07T13:30:00Z,2038-10-07T20:00:00Z
2038-10-08,2038-10-08T13:30:00Z,2038-10-08T20:00:00Z
2038-10-11,2038-10-11T13:30:00Z,2038-10-11T20:00:00Z
2038-10-12,2038-10-12T13:30:00Z,2038-10-12T20:00:00Z
2038-10-13,2038-10-13T13:30:00Z,2038-10-13T20:00:00Z
2038-10-14,2038-10-14T13:30:00Z,2038-10-14T20:00:00Z
2038-10-15,2038-10-15T13:30:00Z,2038-10-15T20:00:00Z
2038-10-18,2038-10-18T13:30:00Z,2038-10-18T20:00:00Z
2038-10-19,2038-10-19T13:30:00Z,2038-10-19T20:00:00Z
2038-10-20,2038-10-20T13:30:00Z,2038-10-20T20:00:00Z
2038-10-21,2038-10-21T13:30:00Z,2038-10-21T20:00:00Z
2038-10-22,2038-10-22T13:30:00Z,2038-10-22T20:00:00Z
2038-10-25,2038-10-25T13:30:00Z,2038-10-25T20:00:00Z
2038-10-26,2038-10-26T13:30:00Z,2038-10-26T20:00:00Z
2038-10-27,2038-10-27T13:30:00Z,2038-10-27T20:00:00Z
2038-10-28,2038-10-28T13:30:00Z,2038-10-28T20:00:00Z
2038-10-29,2038-10-29T13:30:00Z,2038-10-29T20:00:00Z
2038-11-01,2038-11-01T13:30:00Z,2038-11-01T20:00:00Z
2038-11-02,2038-11-02T13:30:00Z,2038-11-02T20:00:00Z
2038-11-03,2038-11-03T13:30:00Z,2038-11-03T20:00:00Z
2038-11-04,2038-11-04T13:30:00Z,2038-11-04T20:00:00Z
2038-11-05,2038-11-05T13:30:00Z,2038-11-05T20:00:00Z
2038-11-08,2038-11-08T14:30:00Z,2038-11-08T21:00:00Z
2038-11-09,2038-11-09T14:30:00Z,2038-11-09T21:00:00Z
2038-11-10,2038-11-10T14:30:00Z,2038-11-10T21:00:00Z
2038-11-11,2038-11-11T14:30:00Z,2038-11-11T21:00:00Z
2038-11-12,2038-11-12T14:30:00Z,2038-11-12T21:00:00Z
2038-11-15,2038-11-15T14:30:00Z,2038-11-15T21:00:00Z
2038-11-16,2038-11-16T14:30:00Z,2038-11-16T21:00:00Z
2038-11-17,2038-11-17T14:30:00Z,2038-11-17T21:00:00Z
2038-11-18,2038-11-18T14:30:00Z,2038-11-18T21:00:00Z
2038-11-19,2038-11-19T14:30:00Z,2038-11-19T21:00:00Z
2038-11-22,2038-11-22T14:30:00Z,2038-11-22T21:00:00Z
2038-11-23,2038-11-23T14:30:00Z,2038-11-23T21:00:00Z
2038-11-24,2038-11-24T14:30:00Z,2038-11-24T21:00:00Z
2038-11-26,2038-11-26T14:30:00Z,2038-11-26T18:00:00Z
2038-11-29,2038-11-29T14:30:00Z,2038-11-29T21:00:00Z
2038-11-30,2038-11-30T14:30:00Z,2038-11-30T21:00:00Z
2038-12-01,2038-12-01T14:30:00Z,2038-12-01T21:00:00Z
2038-12-02,2038-12-02T14:30:00Z,2038-12-02T21:00:00Z
2038-12-03,2038-12-03T14:30:00Z,2038-12-03T21:00:00Z
2038-12-06,2038-12-06T14:30:00Z,2038-12-06T21:00:00Z
2038-12-07,2038-12-07T14:30:00Z,2038-12-07T21:00:00Z
2038-12-08,2038-12-08T14:30:00Z,2038-12-08T21:00:00Z
2038-12-09,2038-12-09T14:30:00Z,2038-12-09T21:00:00Z
2038-12-10,2038-12-10T14:30:00Z,2038-12-10T21:00:00Z
2038-12-13,2038-12-13T14:30:00Z,2038-12-13T21:00:00Z
2038-12-14,2038-12-14T14:30:00Z,2038-12-14T21:00:00Z
2038-12-15,2038-12-15T14:30:00Z,2038-12-15T21:00:00Z
2038-12-16,2038-12-16T14:30:00Z,2038-12-16T21:00:00Z
2038-12-17,2038-12-17T14:30:00Z,2038-12-17T21:00:00Z
2038-12-20,2038-12-20T14:30:00Z,2038-12-20T21:00:00Z
2038-12-21,2038-12-21T14:30:00Z,2038-12-21T21:00:00Z
2038-12-22,2038-12-22T14:30:00Z,2038-12-22T21:00:00Z
2038-12-23,2038-12-23T14:30:00Z,2038-12-23T21:00:00Z
2038-12-27,2038-12-27T14:30:00Z,2038-12-27T21:00:00Z
2038-12-28,2038-12-28T14:30:00Z,2038-12-28T21:00:00Z
2038-12-29,2038-12-29T14:30:00Z,2038-12-29T21:00:00Z
2038-12-30,2038-12-30T14:30:00Z,2038-12-30T21:00:00Z
2038-12-31,2038-12-31T14:30:00Z,2038-12-31T21:00:00Z
2039-01-03,2039-01-03T14:30:00Z,2039-01-03T21:00:00Z
2039-01-04,2039-01-04T14:30:00Z,2039-01-04T21:00:00Z
2039-01-05,2039-01-05T14:30:00Z,2039-01-05T21:00:00Z
2039-01-06,2039-01-06T14:30:00Z,2039-01-06T21:00:00Z
2039-01-07,2039-01-07T14:30:00Z,2039-01-07T21:00:00Z
2039-01-10,2039-01-10T14:30:00Z,2039-01-10T21:00:00Z
2039-01-11,2039-01-11T14:30:00Z,2039-01-11T21:00:00Z
2039-01-12,2039-01-12T14:30:00Z,2039-01-12T21:00:00Z
2039-01-13,2039-01-13T14:30:00Z,2039-01-13T21:00:00Z
2039-01-14,2039-01-14T14:30:00Z,2039-01-14T21:00:00Z
2039-01-18,2039-01-18T14:30:00Z,2039-01-18T21:00:00Z
2039-01-19,2039-01-19T14:30:00Z,2039-01-19T21:00:00Z
2039-01-20,2039-01-20T14:30:00Z,2039-01-20T21:00:00Z
2039-01-21,2039-01-21T14:30:00Z,2039-01-21T21:00:00Z
2039-01-24,2039-01-24T14:30:00Z,2039-01-24T21:00:00Z
2039-01-25,2039-01-25T14:30:00Z,2039-01-25T21:00:00Z
2039-01-26,2039-01-26T14:30:00Z,2039-01-26T21:00:00Z
2039-01-27,2039-01-27T14:30:00Z,2039-01-27T21:00:00Z
2039-01-28,2039-01-28T14:30:00Z,2039-01-28T21:00:00Z
2039-01-31,2039-01-31T14:30:00Z,2039-01-31T21:00:00Z
2039-02-01,2039-02-01T14:30:00Z,2039-02-01T21:00:00Z
2039-02-02,2039-02-02T14:30:00Z,2039-02-02T21:00:00Z
2039-02-03,2039-02-03T14:30:00Z,2039-02-03T21:00:00Z
2039-02-04,2039-02-04T14:30:00Z,2039-02-04T21:00:00Z
2039-02-07,2039-02-07T14:30:00Z,2039-02-07T21:00:00Z
2039-02-08,2039-02-08T14:30:00Z,2039-02-08T21:00:00Z
2039-02-09,2039-02-09T14:30:00Z,2039-02-09T21:00:00Z
2039-02-10,2039-02-10T14:30:00Z,2039-02-10T21:00:00Z
2039-02-11,2039-02-11T14:30:00Z,2039-02-11T21:00:00Z
2039-02-14,2039-02-14T14:30:00Z,2039-02-14T21:00:00Z
2039-02-15,2039-02-15T14:30:00Z,2039-02-15T21:00:00Z
2039-02-16,2039-02-16T14:30:00Z,2039-02-16T21:00:00Z
2039-02-17,2039-02-17T14:30:00Z,2039-02-17T21:00:00Z
2039-02-18,2039-02-18T14:30:00Z,2039-02-18T21:00:00Z
2039-02-22,2039-02-22T14:30:00Z,2039-02-22T21:00:00Z
2039-02-23,2039-02-23T14:30:00Z,2039-02-23T21:00:00Z
2039-02-24,2039-02-24T14:30:00Z,2039-02-24T21:00:00Z
2039-02-25,2039-02-25T14:30:00Z,2039-02-25T21:00:00Z
2039-02-28,2039-02-28T14:30:00Z,2039-02-28T21:00:00Z
2039-03-01,2039-03-01T14:30:00Z,2039-03-01T21:00:00Z
2039-03-02,2039-03-02T14:30:00Z,2039-03-02T21:00:00Z
2039-03-03,2039-03-03T14:30:00Z,2039-03-03T21:00:00Z
2039-03-04,2039-03-04T14:30:00Z,2039-03-04T21:00:00Z
2039-03-07,2039-03-07T14:30:00Z,2039-03-07T21:00:00Z
2039-03-08,2039-03-08T14:30:00Z,2039-03-08T21:00:00Z
2039-03-09,2039-03-09T14:30:00Z,2039-03-09T21:00:00Z
2039-03-10,2039-03-10T14:30:00Z,2039-03-10T21:00:00Z
2039-03-11,2039-03-11T14:30:00Z,2039-03-11T21:00:00Z
2039-03-14,2039-03-14T13:30:00Z,2039-03-14T20:00:00Z
2039-03-15,2039-03-15T13:30:00Z,2039-03-15T20:00:00Z
2039-03-16,2039-03-16T13:30:00Z,2039-03-16T20:00:00Z
2039-03-17,2039-03-17T13:30:00Z,2039-03-17T20:00:00Z
2039-03-18,2039-03-18T13:30:00Z,2039-03-18T20:00:00Z
2039-03-21,2039-03-21T13:30:00Z,2039-03-21T20:00:00Z
2039-03-22,2039-03-22T13:30:00Z,2039-03-22T20:00:00Z
2039-03-23,2039-03-23T13:30:00Z,2039-03-23T20:00:00Z
2039-03-24,2039-03-24T13:30:00Z,2039-03-24T20:00:00Z
2039-03-25,2039-03-25T13:30:00Z,2039-03-25T20:00:00Z
2039-03-28,2039-03-28T13:30:00Z,2039-03-28T20:00:00Z
2039-03-29,2039-03-29T13:30:00Z,2039-03-29T20:00:00Z
2039-03-30,2039-03-30T13:30:00Z,2039-03-30T20:00:00Z
2039-03-31,2039-03-31T13:30:00Z,2039-03-31T20:00:00Z
2039-04-01,2039-04-01T13:30:00Z,2039-04-01T20:00:00Z
2039-04-04,2039-04-04T13:30:00Z,2039-04-04T20:00:00Z
2039-04-05,2039-04-05T13:30:00Z,2039-04-05T20:00:00Z
2039-04-06,2039-04-06T13:30:00Z,2039-04-06T20:00:00Z
2039-04-07,2039-04-07T13:30:00Z,2039-04-07T20:00:00Z
2039-04-11,2039-04-11T13:30:00Z,2039-04-11T20:00:00Z
2039-04-12,2039-04-12T13:30:00Z,2039-04-12T20:00:00Z
2039-04-13,2039-04-13T13:30:00Z,2039-04-13T20:00:00Z
2039-04-14,2039-04-14T13:30:00Z,2039-04-14T20:00:00Z
2039-04-15,2039-04-15T13:30:00Z,2039-04-15T20:00:00Z
2039-04-18,2039-04-18T13:30:00Z,2039-04-18T20:00:00Z
2039-04-19,2039-04-19T13:30:00Z,2039-04-19T20:00:00Z
2039-04-20,2039-04-20T13:30:00Z,2039-04-20T20:00:00Z
2039-04-21,2039-04-21T13:30:00Z,2039-04-21T20:00:00Z
2039-04-22,2039-04-22T13:30:00Z,2039-04-22T20:00:00Z
2039-04-25,2039-04-25T13:30:00Z,2039-04-25T20:00:00Z
2039-04-26,2039-04-26T13:30:00Z,2039-04-26T20:00:00Z
2039-04-27,2039-04-27T13:30:00Z,2039-04-27T20:00:00Z
2039-04-28,2039-04-28T13:30:00Z,2039-04-28T20:00:00Z
2039-04-29,2039-04-29T13:30:00Z,2039-04-29T20:00:00Z
2039-05-02,2039-05-02T13:30:00Z,2039-05-02T20:00:00Z
2039-05-03,2039-05-03T13:30:00Z,2039-05-03T20:00:00Z
2039-05-04,2039-05-04T13:30:00Z,2039-05-04T20:00:00Z
2039-05-05,2039-05-05T13:30:00Z,2039-05-05T20:00:00Z
2039-05-06,2039-05-06T13:30:00Z,2039-05-06T20:00:00Z
2039-05-09,2039-05-09T13:30:00Z,2039-05-09T20:00:00Z
2039-05-10,2039-05-10T13:30:00Z,2039-05-10T20:00:00Z
2039-05-11,2039-05-11T13:30:00Z,2039-05-11T20:00:00Z
2039-05-12,2039-05-12T13:30:00Z,2039-05-12T20:00:00Z
2039-05-13,2039-05-13T13:30:00Z,2039-05-13T20:00:00Z
2039-05-16,2039-05-16T13:30:00Z,2039-05-16T20:00:00Z
2039-05-17,2039-05-17T13:30:00Z,2039-05-17T20:00:00Z
2039-05-18,2039-05-18T13:30:00Z,2039-05-18T20:00:00Z
2039-05-19,2039-05-19T13:30:00Z,2039-05-19T20:00:00Z
2039-05-20,2039-05-20T13:30:00Z,2039-05-20T20:00:00Z
2039-05-23,2039-05-23T13:30:00Z,2039-05-23T20:00:00Z
2039-05-24,2039-05-24T13:30:00Z,2039-05-24T20:00:00Z
2039-05-25,2039-05-25T13:30:00Z,2039-05-25T20:00:00Z
2039-05-26,2039-05-26T13:30:00Z,2039-05-26T20:00:00Z
2039-05-27,2039-05-27T13:30:00Z,2039-05-27T20:00:00Z
2039-05-31,2039-05-31T13:30:00Z,2039-05-31T20:00:00Z
2039-06-01,2039-06-01T13:30:00Z,2039-06-01T20:00:00Z
2039-06-02,2039-06-02T13:30:00Z,2039-06-02T20:00:00Z
2039-06-03,2039-06-03T13:30:00Z,2039-06-03T20:00:00Z
2039-06-06,2039-06-06T13:30:00Z,2039-06-06T20:00:00Z
2039-06-07,2039-06-07T13:30:00Z,2039-06-07T20:00:00Z
2039-06-08,2039-06-08T13:30:00Z,2039-06-08T20:00:00Z
2039-06-09,2039-06-09T13:30:00Z,2039-06-09T20:00:00Z
2039-06-10,2039-06-10T13:30:00Z,2039-06-10T20:00:00Z
2039-06-13,2039-06-13T13:30:00Z,2039-06-13T20:00:00Z
2039-06-14,2039-06-14T13:30:00Z,2039-06-14T20:00:00Z
2039-06-15,2039-06-15T13:30:00Z,2039-06-15T20:00:00Z
2039-06-16,2039-06-16T13:30:00Z,2039-06-16T20:00:00Z
2039-06-17,2039-06-17T13:30:00Z,2039-06-17T20:00:00Z
2039-06-21,2039-06-21T13:30:00Z,2039-06-21T20:00:00Z
2039-06-22,2039-06-22T13:30:00Z,2039-06-22T20:00:00Z
2039-06-23,2039-06-23T13:30:00Z,2039-06-23T20:00:00Z
2039-06-24,2039-06-24T13:30:00Z,2039-06-24T20:00:00Z
2039-06-27,2039-06-27T13:30:00Z,2039-06-27T20:00:00Z
2039-06-28,2039-06-28T13:30:00Z,2039-06-28T20:00:00Z
2039-06-29,2039-06-29T13:30:00Z,2039-06-29T20:00:00Z
2039-06-30,2039-06-30T13:30:00Z,2039-06-30T20:00:00Z
2039-07-01,2039-07-01T13:30:00Z,2039-07-01T20:00:00Z
2039-07-05,2039-07-05T13:30:00Z,2039-07-05T20:00:00Z
2039-07-06,2039-07-06T13:30:00Z,2039-07-06T20:00:00Z
2039-07-07,2039-07-07T13:30:00Z,2039-07-07T20:00:00Z
2039-07-08,2039-07-08T13:30:00Z,2039-07-08T20:00:00Z
2039-07-11,2039-07-11T13:30:00Z,2039-07-11T20:00:00Z
2039-07-12,2039-07-12T13:30:00Z,2039-07-12T20:00:00Z
2039-07-13,2039-07-13T13:30:00Z,2039-07-13T20:00:00Z
2039-07-14,2039-07-14T13:30:00Z,2039-07-14T20:00:00Z
2039-07-15,2039-07-15T13:30:00Z,2039-07-15T20:00:00Z
2039-07-18,2039-07-18T13:30:00Z,2039-07-18T20:00:00Z
2039-07-19,2039-07-19T13:30:00Z,2039-07-19T20:00:00Z
2039-07-20,2039-07-20T13:30:00Z,2039-07-20T20:00:00Z
2039-07-21,2039-07-21T13:30:00Z,2039-07-21T20:00:00Z
2039-07-22,2039-07-22T13:30:00Z,2039-07-22T20:00:00Z
2039-07-25,2039-07-25T13:30:00Z,2039-07-25T20:00:00Z
2039-07-26,2039-07-26T13:30:00Z,2039-07-26T20:00:00Z
2039-07-27,2039-07-27T13:30:00Z,2039-07-27T20:00:00Z
2039-07-28,2039-07-28T13:30:00Z,2039-07-28T20:00:00Z
2039-07-29,2039-07-29T13:30:00Z,2039-07-29T20:00:00Z
2039-08-01,2039-08-01T13:30:00Z,2039-08-01T20:00:00Z
2039-08-02,2039-08-02T13:30:00Z,2039-08-02T20:00:00Z
2039-08-03,2039-08-03T13:30:00Z,2039-08-03T20:00:00Z
2039-08-04,2039-08-04T13:30:00Z,2039-08-04T20:00:00Z
2039-08-05,2039-08-05T13:30:00Z,2039-08-05T20:00:00Z
2039-08-08,2039-08-08T13:30:00Z,2039-08-08T20:00:00Z
2039-08-09,2039-08-09T13:30:00Z,2039-08-09T20:00:00Z
2039-08-10,2039-08-10T13:30:00Z,2039-08-10T20:00:00Z
2039-08-11,2039-08-11T13:30:00Z,2039-08-11T20:00:00Z
2039-08-12,2039-08-12T13:30:00Z,2039-08-12T20:00:00Z
2039-08-15,2039-08-15T13:30:00Z,2039-08-15T20:00:00Z
2039-08-16,2039-08-16T13:30:00Z,2039-08-16T20:00:00Z
2039-08-17,2039-08-17T13:30:00Z,2039-08-17T20:00:00Z
2039-08-18,2039-08-18T13:30:00Z,2039-08-18T20:00:00Z
2039-08-19,2039-08-19T13:30:00Z,2039-08-19T20:00:00Z
2039-08-22,2039-08-22T13:30:00Z,2039-08-22T20:00:00Z
2039-08-23,2039-08-23T13:30:00Z,2039-08-23T20:00:00Z
2039-08-24,2039-08-24T13:30:00Z,2039-08-24T20:00:00Z
2039-08-25,2039-08-25T13:30:00Z,2039-08-25T20:00:00Z
2039-08-26,2039-08-26T13:30:00Z,2039-08-26T20:00:00Z
2039-08-29,2039-08-29T13:30:00Z,2039-08-29T20:00:00Z
2039-08-30,2039-08-30T13:30:00Z,2039-08-30T20:00:00Z
2039-08-31,2039-08-31T13:30:00Z,2039-08-31T20:00:00Z
2039-09-01,2039-09-01T13:30:00Z,2039-09-01T20:00:00Z
2039-09-02,2039-09-02T13:30:00Z,2039-09-02T20:00:00Z
2039-09-06,2039-09-06T13:30:00Z,2039-09-06T20:00:00Z
2039-09-07,2039-09-07T13:30:00Z,2039-09-07T20:00:00Z
2039-09-08,2039-09-08T13:30:00Z,2039-09-08T20:00:00Z
2039-09-09,2039-09-09T13:30:00Z,2039-09-09T20:00:00Z
2039-09-12,2039-09-12T13:30:00Z,2039-09-12T20:00:00Z
2039-09-13,2039-09-13T13:30:00Z,2039-09-13T20:00:00Z
2039-09-14,2039-09-14T13:30:00Z,2039-09-14T20:00:00Z
2039-09-15,2039-09-15T13:30:00Z,2039-09-15T20:00:00Z
2039-09-16,2039-09-16T13:30:00Z,2039-09-16T20:00:00Z
2039-09-19,2039-09-19T13:30:00Z,2039-09-19T20:00:00Z
2039-09-20,2039-09-20T13:30:00Z,2039-09-20T20:00:00Z
2039-09-21,2039-09-21T13:30:00Z,2039-09-21T20:00:00Z
2039-09-22,2039-09-22T13:30:00Z,2039-09-22T20:00:00Z
2039-09-23,2039-09-23T13:30:00Z,2039-09-23T20:00:00Z
2039-09-26,2039-09-26T13:30:00Z,2039-09-26T20:00:00Z
2039-09-27,2039-09-27T13:30:00Z,2039-09-27T20:00:00Z
2039-09-28,2039-09-28T13:30:00Z,2039-09-28T20:00:00Z
2039-09-29,2039-09-29T13:30:00Z,2039-09-29T20:00:00Z
2039-09-30,2039-09-30T13:30:00Z,2039-09-30T20:00:00Z
2039-10-03,2039-10-03T13:30:00Z,2039-10-03T20:00:00Z
2039-10-04,2039-10-04T13:30:00Z,2039-10-04T20:00:00Z
2039-10-05,2039-10-05T13:30:00Z,2039-10-05T20:00:00Z
2039-10-06,2039-10-06T13:30:00Z,2039-10-06T20:00:00Z
2039-10-07,2039-10-07T13:30:00Z,2039-10-07T20:00:00Z
2039-10-10,2039-10-10T13:30:00Z,2039-10-10T20:00:00Z
2039-10-11,2039-10-11T13:30:00Z,2039-10-11T20:00:00Z
2039-10-12,2039-10-12T13:30:00Z,2039-10-12T20:00:00Z
2039-10-13,2039-10-13T13:30:00Z,2039-10-13T20:00:00Z
2039-10-14,2039-10-14T13:30:00Z,2039-10-14T20:00:00Z
2039-10-17,2039-10-17T13:30:00Z,2039-10-17T20:00:00Z
2039-10-18,2039-10-18T13:30:00Z,2039-10-18T20:00:00Z
2039-10-19,2039-10-19T13:30:00Z,2039-10-19T20:00:00Z
2039-10-20,2039-10-20T13:30:00Z,2039-10-20T20:00:00Z
2039-10-21,2039-10-21T13:30:00Z,2039-10-21T20:00:00Z
2039-10-24,2039-10-24T13:30:00Z,2039-10-24T20:00:00Z
2039-10-25,2039-10-25T13:30:00Z,2039-10-25T20:00:00Z
2039-10-26,2039-10-26T13:30:00Z,2039-10-26T20:00:00Z
2039-10-27,2039-10-27T13:30:00Z,2039-10-27T20:00:00Z
2039-10-28,2039-10-28T13:30:00Z,2039-10-28T20:00:00Z
2039-10-31,2039-10-31T13:30:00Z,2039-10-31T20:00:00Z
2039-11-01,2039-11-01T13:30:00Z,2039-11-01T20:00:00Z
2039-11-02,2039-11-02T13:30:00Z,2039-11-02T20:00:00Z
2039-11-03,2039-11-03T13:30:00Z,2039-11-03T20:00:00Z
2039-11-04,2039-11-04T13:30:00Z,2039-11-04T20:00:00Z
2039-11-07,2039-11-07T14:30:00Z,2039-11-07T21:00:00Z
2039-11-08,2039-11-08T14:30:00Z,2039-11-08T21:00:00Z
2039-11-09,2039-11-09T14:30:00Z,2039-11-09T21:00:00Z
2039-11-10,2039-11-10T14:30:00Z,2039-11-10T21:00:00Z
2039-11-11,2039-11-11T14:30:00Z,2039-11-11T21:00:00Z
2039-11-14,2039-11-14T14:30:00Z,2039-11-14T21:00:00Z
2039-11-15,2039-11-15T14:30:00Z,2039-11-15T21:00:00Z
2039-11-16,2039-11-16T14:30:00Z,2039-11-16T21:00:00Z
2039-11-17,2039-11-17T14:30:00Z,2039-11-17T21:00:00Z
2039-11-18,2039-11-18T14:30:00Z,2039-11-18T21:00:00Z
2039-11-21,2039-11-21T14:30:00Z,2039-11-21T21:00:00Z
2039-11-22,2039-11-22T14:30:00Z,2039-11-22T21:00:00Z
2039-11-23,2039-11-23T14:30:00Z,2039-11-23T21:00:00Z
2039-11-25,2039-11-25T14:30:00Z,2039-11-25T18:00:00Z
2039-11-28,2039-11-28T14:30:00Z,2039-11-28T21:00:00Z
2039-11-29,2039-11-29T14:30:00Z,2039-11-29T21:00:00Z
2039-11-30,2039-11-30T14:30:00Z,2039-11-30T21:00:00Z
2039-12-01,2039-12-01T14:30:00Z,2039-12-01T21:00:00Z
2039-12-02,2039-12-02T14:30:00Z,2039-12-02T21:00:00Z
2039-12-05,2039-12-05T14:30:00Z,2039-12-05T21:00:00Z
2039-12-06,2039-12-06T14:30:00Z,2039-12-06T21:00:00Z
2039-12-07,2039-12-07T14:30:00Z,2039-12-07T21:00:00Z
2039-12-08,2039-12-08T14:30:00Z,2039-12-08T21:00:00Z
2039-12-09,2039-12-09T14:30:00Z,2039-12-09T21:00:00Z
2039-12-12,2039-12-12T14:30:00Z,2039-12-12T21:00:00Z
2039-12-13,2039-12-13T14:30:00Z,2039-12-13T21:00:00Z
2039-12-14,2039-12-14T14:30:00Z,2039-12-14T21:00:00Z
2039-12-15,2039-12-15T14:30:00Z,2039-12-15T21:00:00Z
2039-12-16,2039-12-16T14:30:00Z,2039-12-16T21:00:00Z
2039-12-19,2039-12-19T14:30:00Z,2039-12-19T21:00:00Z
2039-12-20,2039-12-20T14:30:00Z,2039-12-20T21:00:00Z
2039-12-21,2039-12-21T14:30:00Z,2039-12-21T21:00:00Z
2039-12-22,2039-12-22T14:30:00Z,2039-12-22T21:00:00Z
2039-12-23,2039-12-23T14:30:00Z,2039-12-23T21:00:00Z
2039-12-27,2039-12-27T14:30:00Z,2039-12-27T21:00:00Z
2039-12-28,2039-12-28T14:30:00Z,2039-12-28T21:00:00Z
2039-12-29,2039-12-29T14:30:00Z,2039-12-29T21:00:00Z
2039-12-30,2039-12-30T14:30:00Z,2039-12-30T21:00:00Z
2040-01-03,2040-01-03T14:30:00Z,2040-01-03T21:00:00Z
2040-01-04,2040-01-04T14:30:00Z,2040-01-04T21:00:00Z
2040-01-05,2040-01-05T14:30:00Z,2040-01-05T21:00:00Z
2040-01-06,2040-01-06T14:30:00Z,2040-01-06T21:00:00Z
2040-01-09,2040-01-09T14:30:00Z,2040-01-09T21:00:00Z
2040-01-10,2040-01-10T14:30:00Z,2040-01-10T21:00:00Z
2040-01-11,2040-01-11T14:30:00Z,2040-01-11T21:00:00Z
2040-01-12,2040-01-12T14:30:00Z,2040-01-12T21:00:00Z
2040-01-13,2040-01-13T14:30:00Z,2040-01-13T21:00:00Z
2040-01-17,2040-01-17T14:30:00Z,2040-01-17T21:00:00Z
2040-01-18,2040-01-18T14:30:00Z,2040-01-18T21:00:00Z
2040-01-19,2040-01-19T14:30:00Z,2040-01-19T21:00:00Z
2040-01-20,2040-01-20T14:30:00Z,2040-01-20T21:00:00Z
2040-01-23,2040-01-23T14:30:00Z,2040-01-23T21:00:00Z
2040-01-24,2040-01-24T14:30:00Z,2040-01-24T21:00:00Z
2040-01-25,2040-01-25T14:30:00Z,2040-01-25T21:00:00Z
2040-01-26,2040-01-26T14:30:00Z,2040-01-26T21:00:00Z
2040-01-27,2040-01-27T14:30:00Z,2040-01-27T21:00:00Z
2040-01-30,2040-01-30T14:30:00Z,2040-01-30T21:00:00Z
2040-01-31,2040-01-31T14:30:00Z,2040-01-31T21:00:00Z
2040-02-01,2040-02-01T14:30:00Z,2040-02-01T21:00:00Z
2040-02-02,2040-02-02T14:30:00Z,2040-02-02T21:00:00Z
2040-02-03,2040-02-03T14:30:00Z,2040-02-03T21:00:00Z
2040-02-06,2040-02-06T14:30:00Z,2040-02-06T21:00:00Z
2040-02-07,2040-02-07T14:30:00Z,2040-02-07T21:00:00Z
2040-02-08,2040-02-08T14:30:00Z,2040-02-08T21:00:00Z
2040-02-09,2040-02-09T14:30:00Z,2040-02-09T21:00:00Z
2040-02-10,2040-02-10T14:30:00Z,2040-02-10T21:00:00Z
2040-02-13,2040-02-13T14:30:00Z,2040-02-13T21:00:00Z
2040-02-14,2040-02-14T14:30:00Z,2040-02-14T21:00:00Z
2040-02-15,2040-02-15T14:30:00Z,2040-02-15T21:00:00Z
2040-02-16,2040-02-16T14:30:00Z,2040-02-16T21:00:00Z
2040-02-17,2040-02-17T14:30:00Z,2040-02-17T21:00:00Z
2040-02-21,2040-02-21T14:30:00Z,2040-02-21T21:00:00Z
2040-02-22,2040-02-22T14:30:00Z,2040-02-22T21:00:00Z
2040-02-23,2040-02-23T14:30:00Z,2040-02-23T21:00:00Z
2040-02-24,2040-02-24T14:30:00Z,2040-02-24T21:00:00Z
2040-02-27,2040-02-27T14:30:00Z,2040-02-27T21:00:00Z
2040-02-28,2040-02-28T14:30:00Z,2040-02-28T21:00:00Z
2040-02-29,2040-02-29T14:30:00Z,2040-02-29T21:00:00Z
2040-03-01,2040-03-01T14:30:00Z,2040-03-01T21:00:00Z
2040-03-02,2040-03-02T14:30:00Z,2040-03-02T21:00:00Z
2040-03-05,2040-03-05T14:30:00Z,2040-03-05T21:00:00Z
2040-03-06,2040-03-06T14:30:00Z,2040-03-06T21:00:00Z
2040-03-07,2040-03-07T14:30:00Z,2040-03-07T21:00:00Z
2040-03-08,2040-03-08T14:30:00Z,2040-03-08T21:00:00Z
2040-03-09,2040-03-09T14:30:00Z,2040-03-09T21:00:00Z
2040-03-12,2040-03-12T13:30:00Z,2040-03-12T20:00:00Z
2040-03-13,2040-03-13T13:30:00Z,2040-03-13T20:00:00Z
2040-03-14,2040-03-14T13:30:00Z,2040-03-14T20:00:00Z
2040-03-15,2040-03-15T13:30:00Z,2040-03-15T20:00:00Z
2040-03-16,2040-03-16T13:30:00Z,2040-03-16T20:00:00Z
2040-03-19,2040-03-19T13:30:00Z,2040-03-19T20:00:00Z
2040-03-20,2040-03-20T13:30:00Z,2040-03-20T20:00:00Z
2040-03-21,2040-03-21T13:30:00Z,2040-03-21T20:00:00Z
2040-03-22,2040-03-22T13:30:00Z,2040-03-22T20:00:00Z
2040-03-23,2040-03-23T13:30:00Z,2040-03-23T20:00:00Z
2040-03-26,2040-03-26T13:30:00Z,2040-03-26T20:00:00Z
2040-03-27,2040-03-27T13:30:00Z,2040-03-27T20:00:00Z
2040-03-28,2040-03-28T13:30:00Z,2040-03-28T20:00:00Z
2040-03-29,2040-03-29T13:30:00Z,2040-03-29T20:00:00Z
2040-04-02,2040-04-02T13:30:00Z,2040-04-02T20:00:00Z
2040-04-03,2040-04-03T13:30:00Z,2040-04-03T20:00:00Z
2040-04-04,2040-04-04T13:30:00Z,2040-04-04T20:00:00Z
2040-04-05,2040-04-05T13:30:00Z,2040-04-05T20:00:00Z
2040-04-06,2040-04-06T13:30:00Z,2040-04-06T20:00:00Z
2040-04-09,2040-04-09T13:30:00Z,2040-04-09T20:00:00Z
2040-04-10,2040-04-10T13:30:00Z,2040-04-10T20:00:00Z
2040-04-11,2040-04-11T13:30:00Z,2040-04-11T20:00:00Z
2040-04-12,2040-04-12T13:30:00Z,2040-04-12T20:00:00Z
2040-04-13,2040-04-13T13:30:00Z,2040-04-13T20:00:00Z
2040-04-16,2040-04-16T13:30:00Z,2040-04-16T20:00:00Z
2040-04-17,2040-04-17T13:30:00Z,2040-04-17T20:00:00Z
2040-04-18,2040-04-18T13:30:00Z,2040-04-18T20:00:00Z
2040-04-19,2040-04-19T13:30:00Z,2040-04-19T20:00:00Z
2040-04-20,2040-04-20T13:30:00Z,2040-04-20T20:00:00Z
2040-04-23,2040-04-23T13:30:00Z,2040-04-23T20:00:00Z
2040-04-24,2040-04-24T13:30:00Z,2040-04-24T20:00:00Z
2040-04-25,2040-04-25T13:30:00Z,2040-04-25T20:00:00Z
2040-04-26,2040-04-26T13:30:00Z,2040-04-26T20:00:00Z
2040-04-27,2040-04-27T13:30:00Z,2040-04-27T20:00:00Z
2040-04-30,2040-04-30T13:30:00Z,2040-04-30T20:00:00Z
2040-05-01,2040-05-01T13:30:00Z,2040-05-01T20:00:00Z
2040-05-02,2040-05-02T13:30:00Z,2040-05-02T20:00:00Z
2040-05-03,2040-05-03T13:30:00Z,2040-05-03T20:00:00Z
2040-05-04,2040-05-04T13:30:00Z,2040-05-04T20:00:00Z
2040-05-07,2040-05-07T13:30:00Z,2040-05-07T20:00:00Z
2040-05-08,2040-05-08T13:30:00Z,2040-05-08T20:00:00Z
2040-05-09,2040-05-09T13:30:00Z,2040-05-09T20:00:00Z
2040-05-10,2040-05-10T13:30:00Z,2040-05-10T20:00:00Z
2040-05-11,2040-05-11T13:30:00Z,2040-05-11T20:00:00Z
2040-05-14,2040-05-14T13:30:00Z,2040-05-14T20:00:00Z
2040-05-15,2040-05-15T13:30:00Z,2040-05-15T20:00:00Z
2040-05-16,2040-05-16T13:30:00Z,2040-05-16T20:00:00Z
2040-05-17,2040-05-17T13:30:00Z,2040-05-17T20:00:00Z
2040-05-18,2040-05-18T13:30:00Z,2040-05-18T20:00:00Z
2040-05-21,2040-05-21T13:30:00Z,2040-05-21T20:00:00Z
2040-05-22,2040-05-22T13:30:00Z,2040-05-22T20:00:00Z
2040-05-23,2040-05-23T13:30:00Z,2040-05-23T20:00:00Z
2040-05-24,2040-05-24T13:30:00Z,2040-05-24T20:00:00Z
2040-05-25,2040-05-25T13:30:00Z,2040-05-25T20:00:00Z
2040-05-29,2040-05-29T13:30:00Z,2040-05-29T20:00:00Z
2040-05-30,2040-05-30T13:30:00Z,2040-05-30T20:00:00Z
2040-05-31,2040-05-31T13:30:00Z,2040-05-31T20:00:00Z
2040-06-01,2040-06-01T13:30:00Z,2040-06-01T20:00:00Z
2040-06-04,2040-06-04T13:30:00Z,2040-06-04T20:00:00Z
2040-06-05,2040-06-05T13:30:00Z,2040-06-05T20:00:00Z
2040-06-06,2040-06-06T13:30:00Z,2040-06-06T20:00:00Z
2040-06-07,2040-06-07T13:30:00Z,2040-06-07T20:00:00Z
2040-06-08,2040-06-08T13:30:00Z,2040-06-08T20:00:00Z
2040-06-11,2040-06-11T13:30:00Z,2040-06-11T20:00:00Z
2040-06-12,2040-06-12T13:30:00Z,2040-06-12T20:00:00Z
2040-06-13,2040-06-13T13:30:00Z,2040-06-13T20:00:00Z
2040-06-14,2040-06-14T13:30:00Z,2040-06-14T20:00:00Z
2040-06-15,2040-06-15T13:30:00Z,2040-06-15T20:00:00Z
2040-06-18,2040-06-18T13:30:00Z,2040-06-18T20:00:00Z
2040-06-20,2040-06-20T13:30:00Z,2040-06-20T20:00:00Z
2040-06-21,2040-06-21T13:30:00Z,2040-06-21T20:00:00Z
2040-06-22,2040-06-22T13:30:00Z,2040-06-22T20:00:00Z
2040-06-25,2040-06-25T13:30:00Z,2040-06-25T20:00:00Z
2040-06-26,2040-06-26T13:30:00Z,2040-06-26T20:00:00Z
2040-06-27,2040-06-27T13:30:00Z,2040-06-27T20:00:00Z
2040-06-28,2040-06-28T13:30:00Z,2040-06-28T20:00:00Z
2040-06-29,2040-06-29T13:30:00Z,2040-06-29T20:00:00Z
2040-07-02,2040-07-02T13:30:00Z,2040-07-02T20:00:00Z
2040-07-03,2040-07-03T13:30:00Z,2040-07-03T17:00:00Z
2040-07-05,2040-07-05T13:30:00Z,2040-07-05T20:00:00Z
2040-07-06,2040-07-06T13:30:00Z,2040-07-06T20:00:00Z
2040-07-09,2040-07-09T13:30:00Z,2040-07-09T20:00:00Z
2040-07-10,2040-07-10T13:30:00Z,2040-07-10T20:00:00Z
2040-07-11,2040-07-11T13:30:00Z,2040-07-11T20:00:00Z
2040-07-12,2040-07-12T13:30:00Z,2040-07-12T20:00:00Z
2040-07-13,2040-07-13T13:30:00Z,2040-07-13T20:00:00Z
2040-07-16,2040-07-16T13:30:00Z,2040-07-16T20:00:00Z
2040-07-17,2040-07-17T13:30:00Z,2040-07-17T20:00:00Z
2040-07-18,2040-07-18T13:30:00Z,2040-07-18T20:00:00Z
2040-07-19,2040-07-19T13:30:00Z,2040-07-19T20:00:00Z
2040-07-20,2040-07-20T13:30:00Z,2040-07-20T20:00:00Z
2040-07-23,2040-07-23T13:30:00Z,2040-07-23T20:00:00Z
2040-07-24,2040-07-24T13:30:00Z,2040-07-24T20:00:00Z
2040-07-25,2040-07-25T13:30:00Z,2040-07-25T20:00:00Z
2040-07-26,2040-07-26T13:30:00Z,2040-07-26T20:00:00Z
2040-07-27,2040-07-27T13:30:00Z,2040-07-27T20:00:00Z
2040-07-30,2040-07-30T13:30:00Z,2040-07-30T20:00:00Z
2040-07-31,2040-07-31T13:30:00Z,2040-07-31T20:00:00Z
2040-08-01,2040-08-01T13:30:00Z,2040-08-01T20:00:00Z
2040-08-02,2040-08-02T13:30:00Z,2040-08-02T20:00:00Z
2040-08-03,2040-08-03T13:30:00Z,2040-08-03T20:00:00Z
2040-08-06,2040-08-06T13:30:00Z,2040-08-06T20:00:00Z
2040-08-07,2040-08-07T13:30:00Z,2040-08-07T20:00:00Z
2040-08-08,2040-08-08T13:30:00Z,2040-08-08T20:00:00Z
2040-08-09,2040-08-09T13:30:00Z,2040-08-09T20:00:00Z
2040-08-10,2040-08-10T13:30:00Z,2040-08-10T20:00:00Z
2040-08-13,2040-08-13T13:30:00Z,2040-08-13T20:00:00Z
2040-08-14,2040-08-14T13:30:00Z,2040-08-14T20:00:00Z
2040-08-15,2040-08-15T13:30:00Z,2040-08-15T20:00:00Z
2040-08-16,2040-08-16T13:30:00Z,2040-08-16T20:00:00Z
2040-08-17,2040-08-17T13:30:00Z,2040-08-17T20:00:00Z
2040-08-20,2040-08-20T13:30:00Z,2040-08-20T20:00:00Z
2040-08-21,2040-08-21T13:30:00Z,2040-08-21T20:00:00Z
2040-08-22,2040-08-22T13:30:00Z,2040-08-22T20:00:00Z
2040-08-23,2040-08-23T13:30:00Z,2040-08-23T20:00:00Z
2040-08-24,2040-08-24T13:30:00Z,2040-08-24T20:00:00Z
2040-08-27,2040-08-27T13:30:00Z,2040-08-27T20:00:00Z
2040-08-28,2040-08-28T13:30:00Z,2040-08-28T20:00:00Z
2040-08-29,2040-08-29T13:30:00Z,2040-08-29T20:00:00Z
2040-08-30,2040-08-30T13:30:00Z,2040-08-30T20:00:00Z
2040-08-31,2040-08-31T13:30:00Z,2040-08-31T20:00:00Z
2040-09-04,2040-09-04T13:30:00Z,2040-09-04T20:00:00Z
2040-09-05,2040-09-05T13:30:00Z,2040-09-05T20:00:00Z
2040-09-06,2040-09-06T13:30:00Z,2040-09-06T20:00:00Z
2040-09-07,2040-09-07T13:30:00Z,2040-09-07T20:00:00Z
2040-09-10,2040-09-10T13:30:00Z,2040-09-10T20:00:00Z
2040-09-11,2040-09-11T13:30:00Z,2040-09-11T20:00:00Z
2040-09-12,2040-09-12T13:30:00Z,2040-09-12T20:00:00Z
2040-09-13,2040-09-13T13:30:00Z,2040-09-13T20:00:00Z
2040-09-14,2040-09-14T13:30:00Z,2040-09-14T20:00:00Z
2040-09-17,2040-09-17T13:30:00Z,2040-09-17T20:00:00Z
2040-09-18,2040-09-18T13:30:00Z,2040-09-18T20:00:00Z
2040-09-19,2040-09-19T13:30:00Z,2040-09-19T20:00:00Z
2040-09-20,2040-09-20T13:30:00Z,2040-09-20T20:00:00Z
2040-09-21,2040-09-21T13:30:00Z,2040-09-21T20:00:00Z
2040-09-24,2040-09-24T13:30:00Z,2040-09-24T20:00:00Z
2040-09-25,2040-09-25T13:30:00Z,2040-09-25T20:00:00Z
2040-09-26,2040-09-26T13:30:00Z,2040-09-26T20:00:00Z
2040-09-27,2040-09-27T13:30:00Z,2040-09-27T20:00:00Z
2040-09-28,2040-09-28T13:30:00Z,2040-09-28T20:00:00Z
2040-10-01,2040-10-01T13:30:00Z,2040-10-01T20:00:00Z
2040-10-02,2040-10-02T13:30:00Z,2040-10-02T20:00:00Z
2040-10-03,2040-10-03T13:30:00Z,2040-10-03T20:00:00Z
2040-10-04,2040-10-04T13:30:00Z,2040-10-04T20:00:00Z
2040-10-05,2040-10-05T13:30:00Z,2040-10-05T20:00:00Z
2040-10-08,2040-10-08T13:30:00Z,2040-10-08T20:00:00Z
2040-10-09,2040-10-09T13:30:00Z,2040-10-09T20:00:00Z
2040-10-10,2040-10-10T13:30:00Z,2040-10-10T20:00:00Z
2040-10-11,2040-10-11T13:30:00Z,2040-10-11T20:00:00Z
2040-10-12,2040-10-12T13:30:00Z,2040-10-12T20:00:00Z
2040-10-15,2040-10-15T13:30:00Z,2040-10-15T20:00:00Z
2040-10-16,2040-10-16T13:30:00Z,2040-10-16T20:00:00Z
2040-10-17,2040-10-17T13:30:00Z,2040-10-17T20:00:00Z
2040-10-18,2040-10-18T13:30:00Z,2040-10-18T20:00:00Z
2040-10-19,2040-10-19T13:30:00Z,2040-10-19T20:00:00Z
2040-10-22,2040-10-22T13:30:00Z,2040-10-22T20:00:00Z
2040-10-23,2040-10-23T13:30:00Z,2040-10-23T20:00:00Z
2040-10-24,2040-10-24T13:30:00Z,2040-10-24T20:00:00Z
2040-10-25,2040-10-25T13:30:00Z,2040-10-25T20:00:00Z
2040-10-26,2040-10-26T13:30:00Z,2040-10-26T20:00:00Z
2040-10-29,2040-10-29T13:30:00Z,2040-10-29T20:00:00Z
2040-10-30,2040-10-30T13:30:00Z,2040-10-30T20:00:00Z
2040-10-31,2040-10-31T13:30:00Z,2040-10-31T20:00:00Z
2040-11-01,2040-11-01T13:30:00Z,2040-11-01T20:00:00Z
2040-11-02,2040-11-02T13:30:00Z,2040-11-02T20:00:00Z
2040-11-05,2040-11-05T14:30:00Z,2040-11-05T21:00:00Z
2040-11-06,2040-11-06T14:30:00Z,2040-11-06T21:00:00Z
2040-11-07,2040-11-07T14:30:00Z,2040-11-07T21:00:00Z
2040-11-08,2040-11-08T14:30:00Z,2040-11-08T21:00:00Z
2040-11-09,2040-11-09T14:30:00Z,2040-11-09T21:00:00Z
2040-11-12,2040-11-12T14:30:00Z,2040-11-12T21:00:00Z
2040-11-13,2040-11-13T14:30:00Z,2040-11-13T21:00:00Z
2040-11-14,2040-11-14T14:30:00Z,2040-11-14T21:00:00Z
2040-11-15,2040-11-15T14:30:00Z,2040-11-15T21:00:00Z
2040-11-16,2040-11-16T14:30:00Z,2040-11-16T21:00:00Z
2040-11-19,2040-11-19T14:30:00Z,2040-11-19T21:00:00Z
2040-11-20,2040-11-20T14:30:00Z,2040-11-20T21:00:00Z
2040-11-21,2040-11-21T14:30:00Z,2040-11-21T21:00:00Z
2040-11-23,2040-11-23T14:30:00Z,2040-11-23T18:00:00Z
2040-11-26,2040-11-26T14:30:00Z,2040-11-26T21:00:00Z
2040-11-27,2040-11-27T14:30:00Z,2040-11-27T21:00:00Z
2040-11-28,2040-11-28T14:30:00Z,2040-11-28T21:00:00Z
2040-11-29,2040-11-29T14:30:00Z,2040-11-29T21:00:00Z
2040-11-30,2040-11-30T14:30:00Z,2040-11-30T21:00:00Z
2040-12-03,2040-12-03T14:30:00Z,2040-12-03T21:00:00Z
2040-12-04,2040-12-04T14:30:00Z,2040-12-04T21:00:00Z
2040-12-05,2040-12-05T14:30:00Z,2040-12-05T21:00:00Z
2040-12-06,2040-12-06T14:30:00Z,2040-12-06T21:00:00Z
2040-12-07,2040-12-07T14:30:00Z,2040-12-07T21:00:00Z
2040-12-10,2040-12-10T14:30:00Z,2040-12-10T21:00:00Z
2040-12-11,2040-12-11T14:30:00Z,2040-12-11T21:00:00Z
2040-12-12,2040-12-12T14:30:00Z,2040-12-12T21:00:00Z
2040-12-13,2040-12-13T14:30:00Z,2040-12-13T21:00:00Z
2040-12-14,2040-12-14T14:30:00Z,2040-12-14T21:00:00Z
2040-12-17,2040-12-17T14:30:00Z,2040-12-17T21:00:00Z
2040-12-18,2040-12-18T14:30:00Z,2040-12-18T21:00:00Z
2040-12-19,2040-12-19T14:30:00Z,2040-12-19T21:00:00Z
2040-12-20,2040-12-20T14:30:00Z,2040-12-20T21:00:00Z
2040-12-21,2040-12-21T14:30:00Z,2040-12-21T21:00:00Z
2040-12-24,2040-12-24T14:30:00Z,2040-12-24T18:00:00Z
2040-12-26,2040-12-26T14:30:00Z,2040-12-26T21:00:00Z
2040-12-27,2040-12-27T14:30:00Z,2040-12-27T21:00:00Z
2040-12-28,2040-12-28T14:30:00Z,2040-12-28T21:00:00Z
2040-12-31,2040-12-31T14:30:00Z,2040-12-31T21:00:00Z
